seq,headword,pinyin,sense_no,source_form,pinyin_norm,pos,intro_level,intro_band,extra_levels,is_multi_sense,is_polyphone,is_phrase,source_note
1,爱,ài,1,爱,ai,动,1,1,{},false,false,false,
2,八,bā,1,八,ba,数,1,1,{},false,false,false,
3,爸爸,bàba,1,爸爸,baba,名,1,1,{},false,false,false,
4,吧,ba,1,吧,ba,助,1,1,{},false,false,false,
5,白天,báitiān,1,白天,baitian,名,1,1,{},false,false,false,
6,百,bǎi,1,百,bai,数,1,1,{},false,false,false,
7,半,bàn,1,半,ban,数、（副）,1,1,{4},false,false,false,
8,包子,bāozi,1,包子,baozi,名,1,1,{},false,false,false,
9,杯子,bēizi,1,杯子,beizi,名,1,1,{},false,false,false,
10,本,běn,1,本1,ben,量,1,1,{},true,false,false,
11,边,biān,1,边,bian,名、后缀,1,1,{},false,false,false,
12,病,bìng,1,病,bing,名、动,1,1,{},false,false,false,
13,不,bù,1,不,bu,副,1,1,{},false,false,false,
14,不客气,bú kèqi,1,不客气,bukeqi,,1,1,{},false,false,true,
15,不要,búyào,1,不要,buyao,副,1,1,{},false,false,false,
16,菜,cài,1,菜,cai,名,1,1,{},false,false,false,
17,茶,chá,1,茶,cha,名,1,1,{},false,false,false,
18,唱,chàng,1,唱,chang,动,1,1,{},false,false,false,
19,超市,chāoshì,1,超市,chaoshi,名,1,1,{},false,false,false,
20,车,chē,1,车,che,名,1,1,{},false,false,false,
21,吃,chī,1,吃,chi,动,1,1,{},false,false,false,
22,出租车,chūzūchē,1,出租车,chuzuche,名,1,1,{},false,false,false,
23,穿,chuān,1,穿,chuan,动,1,1,{},false,false,false,
24,打电话,dǎ diànhuà,1,打电话,dadianhua,,1,1,{},false,false,true,
25,大,dà,1,大,da,形,1,1,{},false,false,false,
26,大家,dàjiā,1,大家,dajia,代,1,1,{},false,false,false,
27,大学,dàxué,1,大学,daxue,名,1,1,{},false,false,false,
28,大学生,dàxuéshēng,1,大学生,daxuesheng,名,1,1,{},false,false,false,
29,到,dào,1,到,dao,动,1,1,{},false,false,false,
30,的,de,1,的,de,助,1,1,{},false,false,false,
31,第,dì,1,第,di,前缀,1,1,{},false,false,false,
32,弟弟,dìdi,1,弟弟,didi,名,1,1,{},false,false,false,
33,点,diǎn,1,点1,dian,量、（名）,1,1,{3},true,false,false,
34,店,diàn,1,店,dian,名,1,1,{},false,false,false,
35,电话,diànhuà,1,电话,dianhua,名,1,1,{},false,false,false,
36,电脑,diànnǎo,1,电脑,diannao,名,1,1,{},false,false,false,
37,电视,diànshì,1,电视,dianshi,名,1,1,{},false,false,false,
38,电影,diànyǐng,1,电影,dianying,名,1,1,{},false,false,false,
39,电影院,diànyǐngyuàn,1,电影院,dianyingyuan,名,1,1,{},false,false,false,
40,东西,dōngxi,1,东西,dongxi,名,1,1,{},false,false,false,
41,都,dōu,1,都,dou,副,1,1,{},false,false,false,
42,读,dú,1,读,du,动,1,1,{},false,false,false,
43,读书,dúshū,1,读书,dushu,动,1,1,{},false,false,false,
44,对,duì,1,对,dui,形、介、（动、量）,1,1,{4},false,false,false,
45,对不起,duìbuqǐ,1,对不起,duibuqi,动,1,1,{},false,false,false,
46,多,duō,1,多,duo,形、动、代、（数、副）,1,1,{2},false,false,false,
47,多少,duōshao,1,多少,duoshao,代,1,1,{},false,false,false,
48,儿子,érzi,1,儿子,erzi,名,1,1,{},false,false,false,
49,二,èr,1,二,er,数,1,1,{},false,false,false,
50,饭,fàn,1,饭,fan,名,1,1,{},false,false,false,
51,饭店,fàndiàn,1,饭店,fandian,名,1,1,{},false,false,false,
52,房间,fángjiān,1,房间,fangjian,名,1,1,{},false,false,false,
53,非常,fēicháng,1,非常,feichang,副,1,1,{},false,false,false,
54,飞机,fēijī,1,飞机,feiji,名,1,1,{},false,false,false,
55,分,fēn,1,分,fen,量、（动、名）,1,1,{3},false,false,false,
56,分钟,fēnzhōng,1,分钟,fenzhong,量,1,1,{},false,false,false,
57,高兴,gāoxìng,1,高兴,gaoxing,形,1,1,{},false,false,false,
58,歌,gē,1,歌,ge,名,1,1,{},false,false,false,
59,哥哥,gēge,1,哥哥,gege,名,1,1,{},false,false,false,
60,个,gè,1,个,ge,量,1,1,{},false,false,false,
61,给,gěi,1,给,gei,动、（介）,1,1,{2},false,false,false,
62,公司,gōngsī,1,公司,gongsi,名,1,1,{},false,false,false,
63,工作,gōngzuò,1,工作,gongzuo,动、名,1,1,{},false,false,false,
64,狗,gǒu,1,狗,gou,名,1,1,{},false,false,false,
65,贵,guì,1,贵,gui,形,1,1,{},false,false,false,
66,国,guó,1,国,guo,名,1,1,{},false,false,false,
67,还,hái,1,还,hai,副,1,1,{},true,true,false,
68,孩子,háizi,1,孩子,haizi,名,1,1,{},false,false,false,
69,汉语,Hànyǔ,1,汉语,hanyu,名,1,1,{},false,false,false,
70,汉字,Hànzì,1,汉字,hanzi,名,1,1,{},false,false,false,
71,好,hǎo,1,好,hao,形、（副）、（动）,1,1,"{2,4}",true,true,false,
72,好吃,hǎochī,1,好吃,haochi,形,1,1,{},false,false,false,
73,好看,hǎokàn,1,好看,haokan,形,1,1,{},false,false,false,
74,好听,hǎotīng,1,好听,haoting,形,1,1,{},false,false,false,
75,好玩儿,hǎowánr,1,好玩儿,haowanr,形,1,1,{},false,false,false,
76,号,hào,1,号,hao,名、量,1,1,{},false,false,false,
77,喝,hē,1,喝,he,动,1,1,{},false,false,false,
78,和,hé,1,和1,he,介、连,1,1,{},true,false,false,
79,很,hěn,1,很,hen,副,1,1,{},false,false,false,
80,后,hòu,1,后,hou,名,1,1,{},false,false,false,
81,回,huí,1,回,hui,动、（量）,1,1,{3},false,false,false,
82,会,huì,1,会1,hui,动,1,1,{},true,false,false,
83,火车,huǒchē,1,火车,huoche,名,1,1,{},false,false,false,
84,鸡蛋,jīdàn,1,鸡蛋,jidan,名,1,1,{},false,false,false,
85,几,jǐ,1,几,ji,代、数,1,1,{},false,false,false,
86,家,jiā,1,家,jia,名、量、（后缀）,1,1,{3},false,false,false,
87,家人,jiārén,1,家人,jiaren,名,1,1,{},false,false,false,
88,见,jiàn,1,见,jian,动,1,1,{},false,false,false,
89,件,jiàn,1,件,jian,量,1,1,{},false,false,false,
90,饺子,jiǎozi,1,饺子,jiaozi,名,1,1,{},false,false,false,
91,叫,jiào,1,叫,jiao,动、（介）,1,1,{4},false,false,false,
92,姐姐,jiějie,1,姐姐,jiejie,名,1,1,{},false,false,false,
93,今年,jīnnián,1,今年,jinnian,名,1,1,{},false,false,false,
94,今天,jīntiān,1,今天,jintian,名,1,1,{},false,false,false,
95,九,jiǔ,1,九,jiu,数,1,1,{},false,false,false,
96,觉得,juéde,1,觉得,juede,动,1,1,{},false,false,false,
97,开,kāi,1,开,kai,动,1,1,{},false,false,false,
98,开车,kāichē,1,开车,kaiche,动,1,1,{},false,false,false,
99,看,kàn,1,看,kan,动,1,1,{},true,true,false,
100,看病,kànbìng,1,看病,kanbing,动,1,1,{},false,false,false,
101,看见,kànjiàn,1,看见,kanjian,动,1,1,{},false,false,false,
102,可以,kěyǐ,1,可以,keyi,动、形,1,1,{},false,false,false,
103,课,kè,1,课,ke,名,1,1,{},false,false,false,
104,口,kǒu,1,口,kou,名、量,1,1,{},false,false,false,
105,块,kuài,1,块,kuai,量,1,1,{},false,false,false,
106,来,lái,1,来,lai,动,1,1,{},false,false,false,
107,老师,lǎoshī,1,老师,laoshi,名,1,1,{},false,false,false,
108,了,le,1,了,le,助,1,1,{},false,false,false,
109,冷,lěng,1,冷,leng,形,1,1,{},false,false,false,
110,里,lǐ,1,里,li,名,1,1,{},false,false,false,
111,两,liǎng,1,两1,liang,数,1,1,{},true,false,false,
112,零,líng,1,零,ling,数,1,1,{},false,false,false,
113,六,liù,1,六,liu,数,1,1,{},false,false,false,
114,妈妈,māma,1,妈妈,mama,名,1,1,{},false,false,false,
115,吗,ma,1,吗,ma,助,1,1,{},false,false,false,
116,买,mǎi,1,买,mai,动,1,1,{},false,false,false,
117,卖,mài,1,卖,mai,动,1,1,{},false,false,false,
118,忙,máng,1,忙,mang,形、动,1,1,{},false,false,false,
119,猫,māo,1,猫,mao,名,1,1,{},false,false,false,
120,没关系,méi guānxi,1,没关系,meiguanxi,,1,1,{},false,false,true,
121,没事,méishì,1,没事,meishi,动,1,1,{},false,false,false,
122,没有,méiyǒu,1,没有,meiyou,动、副,1,1,{},false,false,false,
123,妹妹,mèimei,1,妹妹,meimei,名,1,1,{},false,false,false,
124,们,men,1,们,men,后缀,1,1,{},false,false,false,
125,米饭,mǐfàn,1,米饭,mifan,名,1,1,{},false,false,false,
126,面包,miànbāo,1,面包,mianbao,名,1,1,{},false,false,false,
127,面条儿,miàntiáor,1,面条儿,miantiaor,名,1,1,{},false,false,false,
128,明年,míngnián,1,明年,mingnian,名,1,1,{},false,false,false,
129,明天,míngtiān,1,明天,mingtian,名,1,1,{},false,false,false,
130,名字,míngzi,1,名字,mingzi,名,1,1,{},false,false,false,
131,哪,nǎ,1,哪,na,代,1,1,{},false,false,false,
132,哪个,nǎge,1,哪个,nage,代,1,1,{},false,false,false,
133,哪里,nǎlǐ,1,哪里,nali,代,1,1,{},false,false,false,
134,哪儿,nǎr,1,哪儿,nar,代,1,1,{},false,false,false,
135,哪些,nǎxiē,1,哪些,naxie,代,1,1,{},false,false,false,
136,那,nà,1,那,na,代、（连）,1,1,{2},false,false,false,
137,那边,nàbiān,1,那边,nabian,代,1,1,{},false,false,false,
138,那个,nàge,1,那个,nage,代,1,1,{},false,false,false,
139,那里,nàlǐ,1,那里,nali,代,1,1,{},false,false,false,
140,那儿,nàr,1,那儿,nar,代,1,1,{},false,false,false,
141,那些,nàxiē,1,那些,naxie,代,1,1,{},false,false,false,
142,男,nán,1,男,nan,形,1,1,{},false,false,false,
143,男朋友,nánpéngyou,1,男朋友,nanpengyou,名,1,1,{},false,false,false,
144,呢,ne,1,呢,ne,助,1,1,{},false,false,false,
145,能,néng,1,能,neng,动,1,1,{},false,false,false,
146,你,nǐ,1,你,ni,代,1,1,{},false,false,false,
147,你好,nǐ hǎo,1,你好,nihao,,1,1,{},false,false,true,
148,你们,nǐmen,1,你们,nimen,代,1,1,{},false,false,false,
149,年,nián,1,年,nian,名、量,1,1,{},false,false,false,
150,您,nín,1,您,nin,代,1,1,{},false,false,false,
151,牛奶,niúnǎi,1,牛奶,niunai,名,1,1,{},false,false,false,
152,女,nǚ,1,女,nu,形,1,1,{},false,false,false,
153,女儿,nǚ’ér,1,女儿,nuer,名,1,1,{},false,false,false,
154,女朋友,nǚpéngyou,1,女朋友,nupengyou,名,1,1,{},false,false,false,
155,女士,nǚshì,1,女士,nushi,名,1,1,{},false,false,false,
156,朋友,péngyou,1,朋友,pengyou,名,1,1,{},false,false,false,
157,便宜,piányi,1,便宜,pianyi,形,1,1,{},false,false,false,
158,漂亮,piàoliang,1,漂亮,piaoliang,形,1,1,{},false,false,false,
159,苹果,píngguǒ,1,苹果,pingguo,名,1,1,{},false,false,false,
160,七,qī,1,七,qi,数,1,1,{},false,false,false,
161,起床,qǐchuáng,1,起床,qichuang,动,1,1,{},false,false,false,
162,千,qiān,1,千,qian,数,1,1,{},false,false,false,
163,前,qián,1,前,qian,名,1,1,{},false,false,false,
164,钱,qián,1,钱,qian,名,1,1,{},false,false,false,
165,请,qǐng,1,请,qing,动,1,1,{},false,false,false,
166,请问,qǐngwèn,1,请问,qingwen,动,1,1,{},false,false,false,
167,去,qù,1,去,qu,动,1,1,{},false,false,false,
168,去年,qùnián,1,去年,qunian,名,1,1,{},false,false,false,
169,热,rè,1,热,re,形,1,1,{},false,false,false,
170,人,rén,1,人,ren,名,1,1,{},false,false,false,
171,认识,rènshi,1,认识,renshi,动,1,1,{},false,false,false,
172,日,rì,1,日,ri,量、（名）,1,1,{4},false,false,false,
173,三,sān,1,三,san,数,1,1,{},false,false,false,
174,商店,shāngdiàn,1,商店,shangdian,名,1,1,{},false,false,false,
175,上,shàng,1,上,shang,名、动,1,1,{},false,false,false,
176,上班,shàngbān,1,上班,shangban,动,1,1,{},false,false,false,
177,上课,shàngkè,1,上课,shangke,动,1,1,{},false,false,false,
178,上午,shàngwǔ,1,上午,shangwu,名,1,1,{},false,false,false,
179,上学,shàngxué,1,上学,shangxue,动,1,1,{},false,false,false,
180,少,shǎo,1,少,shao,形、动,1,1,{},false,false,false,
181,谁,shéi/shuí,1,谁,sheishui,代,1,1,{},false,false,false,
182,什么,shénme,1,什么,shenme,代,1,1,{},false,false,false,
183,生病,shēngbìng,1,生病,shengbing,动,1,1,{},false,false,false,
184,十,shí,1,十,shi,数,1,1,{},false,false,false,
185,时候,shíhou,1,时候,shihou,名,1,1,{},false,false,false,
186,时间,shíjiān,1,时间,shijian,名,1,1,{},false,false,false,
187,事,shì,1,事,shi,名,1,1,{},false,false,false,
188,是,shì,1,是,shi,动,1,1,{},false,false,false,
189,手机,shǒujī,1,手机,shouji,名,1,1,{},false,false,false,
190,书,shū,1,书,shu,名,1,1,{},false,false,false,
191,书店,shūdiàn,1,书店,shudian,名,1,1,{},false,false,false,
192,水,shuǐ,1,水,shui,名,1,1,{},false,false,false,
193,水果,shuǐguǒ,1,水果,shuiguo,名,1,1,{},false,false,false,
194,睡,shuì,1,睡,shui,动,1,1,{},false,false,false,
195,睡觉,shuìjiào,1,睡觉,shuijiao,动,1,1,{},false,false,false,
196,说,shuō,1,说,shuo,动,1,1,{},false,false,false,
197,说话,shuōhuà,1,说话,shuohua,动,1,1,{},false,false,false,
198,四,sì,1,四,si,数,1,1,{},false,false,false,
199,岁,suì,1,岁,sui,量,1,1,{},false,false,false,
200,他,tā,1,他,ta,代,1,1,{},false,false,false,
201,它,tā,1,它,ta,代,1,1,{},false,false,false,
202,她,tā,1,她,ta,代,1,1,{},false,false,false,
203,他们,tāmen,1,他们,tamen,代,1,1,{},false,false,false,
204,它们,tāmen,1,它们,tamen,代,1,1,{},false,false,false,
205,她们,tāmen,1,她们,tamen,代,1,1,{},false,false,false,
206,太,tài,1,太,tai,副,1,1,{},false,false,false,
207,天,tiān,1,天,tian,名、量,1,1,{},false,false,false,
208,天气,tiānqì,1,天气,tianqi,名,1,1,{},false,false,false,
209,听,tīng,1,听,ting,动,1,1,{},false,false,false,
210,听见,tīngjiàn,1,听见,tingjian,动,1,1,{},false,false,false,
211,同学,tóngxué,1,同学,tongxue,名,1,1,{},false,false,false,
212,外,wài,1,外,wai,名,1,1,{},false,false,false,
213,外边,wàibian,1,外边,waibian,名,1,1,{},false,false,false,
214,玩,wán,1,玩,wan,动,1,1,{},false,false,false,
215,晚,wǎn,1,晚,wan,形,1,1,{},false,false,false,
216,晚饭,wǎnfàn,1,晚饭,wanfan,名,1,1,{},false,false,false,
217,晚上,wǎnshang,1,晚上,wanshang,名,1,1,{},false,false,false,
218,喂,wèi,1,喂1,wei,叹,1,1,{},true,false,false,
219,问,wèn,1,问,wen,动,1,1,{},false,false,false,
220,问题,wèntí,1,问题,wenti,名,1,1,{},false,false,false,
221,我,wǒ,1,我,wo,代,1,1,{},false,false,false,
222,我们,wǒmen,1,我们,women,代,1,1,{},false,false,false,
223,五,wǔ,1,五,wu,数,1,1,{},false,false,false,
224,午饭,wǔfàn,1,午饭,wufan,名,1,1,{},false,false,false,
225,喜欢,xǐhuan,1,喜欢,xihuan,动,1,1,{},false,false,false,
226,下,xià,1,下,xia,名、动、量,1,1,{},false,false,false,
227,下雨,xià yǔ,1,下雨,xiayu,,1,1,{},false,false,true,
228,下班,xiàbān,1,下班,xiaban,动,1,1,{},false,false,false,
229,下课,xiàkè,1,下课,xiake,动,1,1,{},false,false,false,
230,下午,xiàwǔ,1,下午,xiawu,名,1,1,{},false,false,false,
231,先生,xiānsheng,1,先生,xiansheng,名,1,1,{},false,false,false,
232,现在,xiànzài,1,现在,xianzai,名,1,1,{},false,false,false,
233,想,xiǎng,1,想,xiang,动,1,1,{},false,false,false,
234,小,xiǎo,1,小,xiao,形、前缀,1,1,{},false,false,false,
235,小朋友,xiǎopéngyǒu,1,小朋友,xiaopengyou,名,1,1,{},false,false,false,
236,小时,xiǎoshí,1,小时,xiaoshi,名,1,1,{},false,false,false,
237,小学,xiǎoxué,1,小学,xiaoxue,名,1,1,{},false,false,false,
238,小学生,xiǎoxuéshēng,1,小学生,xiaoxuesheng,名,1,1,{},false,false,false,
239,些,xiē,1,些,xie,量,1,1,{},false,false,false,
240,写,xiě,1,写,xie,动,1,1,{},false,false,false,
241,谢谢,xièxie,1,谢谢,xiexie,动,1,1,{},false,false,false,
242,新,xīn,1,新,xin,形,1,1,{},false,false,false,
243,星期,xīngqī,1,星期,xingqi,名,1,1,{},false,false,false,
244,星期日,xīngqīrì,1,星期日,xingqiri,名,1,1,{},false,false,false,
245,星期天,xīngqītiān,1,星期天,xingqitian,名,1,1,{},false,false,false,
246,休息,xiūxi,1,休息,xiuxi,动,1,1,{},false,false,false,
247,学,xué,1,学,xue,动,1,1,{},false,false,false,
248,学生,xuéshēng,1,学生,xuesheng,名,1,1,{},false,false,false,
249,学习,xuéxí,1,学习,xuexi,动,1,1,{},false,false,false,
250,学校,xuéxiào,1,学校,xuexiao,名,1,1,{},false,false,false,
251,雪,xuě,1,雪,xue,名,1,1,{},false,false,false,
252,要,yào,1,要,yao,动,1,1,{},false,false,false,
253,也,yě,1,也,ye,副,1,1,{},false,false,false,
254,一,yī,1,一,yi,数,1,1,{},false,false,false,
255,衣服,yīfu,1,衣服,yifu,名,1,1,{},false,false,false,
256,医生,yīshēng,1,医生,yisheng,名,1,1,{},false,false,false,
257,医院,yīyuàn,1,医院,yiyuan,名,1,1,{},false,false,false,
258,一半,yíbàn,1,一半,yiban,数,1,1,{},false,false,false,
259,一下,yíxià,1,一下,yixia,数量、（副）,1,1,{4},false,false,false,
260,椅子,yǐzi,1,椅子,yizi,名,1,1,{},false,false,false,
261,一点儿,yìdiǎnr,1,一点儿,yidianr,数量,1,1,{},false,false,false,
262,一些,yìxiē,1,一些,yixie,数量,1,1,{},false,false,false,
263,有,yǒu,1,有,you,动,1,1,{},false,false,false,
264,有的,yǒude,1,有的,youde,代,1,1,{},false,false,false,
265,有点儿,yǒudiǎnr,1,有点儿,youdianr,副,1,1,{},false,false,false,
266,有些,yǒuxiē,1,有些,youxie,代、（副）,1,1,{3},false,false,false,
267,雨,yǔ,1,雨,yu,名,1,1,{},false,false,false,
268,元,yuán,1,元,yuan,量,1,1,{},false,false,false,
269,月,yuè,1,月,yue,名,1,1,{},false,false,false,
270,再,zài,1,再,zai,副,1,1,{},false,false,false,
271,在,zài,1,在,zai,动、介、副,1,1,{},false,false,false,
272,再见,zàijiàn,1,再见,zaijian,动,1,1,{},false,false,false,
273,早,zǎo,1,早,zao,形,1,1,{},false,false,false,
274,早饭,zǎofàn,1,早饭,zaofan,名,1,1,{},false,false,false,
275,早上,zǎoshang,1,早上,zaoshang,名,1,1,{},false,false,false,
276,怎么,zěnme,1,怎么,zenme,代,1,1,{},false,false,false,
277,怎么样,zěnmeyàng,1,怎么样,zenmeyang,代,1,1,{},false,false,false,
278,找,zhǎo,1,找,zhao,动,1,1,{},false,false,false,
279,这,zhè,1,这,zhe,代,1,1,{},false,false,false,
280,这边,zhèbiān,1,这边,zhebian,代,1,1,{},false,false,false,
281,这个,zhège,1,这个,zhege,代,1,1,{},false,false,false,
282,这里,zhèlǐ,1,这里,zheli,代,1,1,{},false,false,false,
283,这儿,zhèr,1,这儿,zher,代,1,1,{},false,false,false,
284,这些,zhèxiē,1,这些,zhexie,代,1,1,{},false,false,false,
285,真,zhēn,1,真,zhen,副、（形）,1,1,{4},false,false,false,
286,正在,zhèngzài,1,正在,zhengzai,副,1,1,{},false,false,false,
287,只,zhī,1,只,zhi,量,1,1,{},true,true,false,
288,知道,zhīdào,1,知道,zhidao,动,1,1,{},false,false,false,
289,中国,Zhōngguó,1,中国,zhongguo,名,1,1,{},false,false,false,
290,中文,Zhōngwén,1,中文,zhongwen,名,1,1,{},false,false,false,
291,中午,zhōngwǔ,1,中午,zhongwu,名,1,1,{},false,false,false,
292,中学,zhōngxué,1,中学,zhongxue,名,1,1,{},false,false,false,
293,中学生,zhōngxuéshēng,1,中学生,zhongxuesheng,名,1,1,{},false,false,false,
294,住,zhù,1,住,zhu,动,1,1,{},false,false,false,
295,桌子,zhuōzi,1,桌子,zhuozi,名,1,1,{},false,false,false,
296,字,zì,1,字,zi,名,1,1,{},false,false,false,
297,昨天,zuótiān,1,昨天,zuotian,名,1,1,{},false,false,false,
298,坐,zuò,1,坐,zuo,动,1,1,{},false,false,false,
299,做,zuò,1,做,zuo,动,1,1,{},false,false,false,
300,做饭,zuò fàn,1,做饭,zuofan,,1,1,{},false,false,true,
301,啊,a,1,啊,a,助,2,2,{},true,true,false,
302,爱好,àihào,1,爱好,aihao,动、名,2,2,{},false,false,false,
303,白色,báisè,1,白色,baise,名,2,2,{},false,false,false,
304,班,bān,1,班,ban,名、（量）,2,2,{5},false,false,false,
305,帮,bāng,1,帮,bang,动,2,2,{},false,false,false,
306,帮忙,bāngmáng,1,帮忙,bangmang,动,2,2,{},false,false,false,
307,包,bāo,1,包,bao,动、名、量,2,2,{},false,false,false,
308,本子,běnzi,1,本子,benzi,名,2,2,{},false,false,false,
309,比,bǐ,1,比,bi,动、介,2,2,{},false,false,false,
310,笔,bǐ,1,笔,bi,名、（量）,2,2,{5},false,false,false,
311,别,bié,1,别1,bie,副,2,2,{},true,false,false,
312,不错,búcuò,1,不错,bucuo,形,2,2,{},false,false,false,
313,不好意思,bù hǎoyìsi,1,不好意思,buhaoyisi,,2,2,{},false,false,true,
314,长,cháng,1,长,chang,形,2,2,{},true,true,false,
315,车站,chēzhàn,1,车站,chezhan,名,2,2,{},false,false,false,
316,出,chū,1,出,chu,动,2,2,{},false,false,false,
317,出国,chūguó,1,出国,chuguo,动,2,2,{},false,false,false,
318,出来,chūlái,1,出来,chulai,动,2,2,{},false,false,false,
319,出门,chūmén,1,出门,chumen,动,2,2,{},false,false,false,
320,出去,chūqù,1,出去,chuqu,动,2,2,{},false,false,false,
321,床,chuáng,1,床,chuang,名,2,2,{},false,false,false,
322,词,cí,1,词,ci,名,2,2,{},false,false,false,
323,次,cì,1,次,ci,量、（形）,2,2,{7},false,false,false,
324,从,cóng,1,从,cong,介、（副）,2,2,{4},false,false,false,
325,从小,cóngxiǎo,1,从小,congxiao,副,2,2,{},false,false,false,
326,错,cuò,1,错,cuo,形,2,2,{},false,false,false,
327,打,dǎ,1,打1,da,动,2,2,{},true,false,false,
328,打车,dǎchē,1,打车,dache,动,2,2,{},false,false,false,
329,打开,dǎkāi,1,打开,dakai,动,2,2,{},false,false,false,
330,但,dàn,1,但,dan,连、（副）,2,2,{7},false,false,false,
331,但是,dànshì,1,但是,danshi,连,2,2,{},false,false,false,
332,得,de,1,得,de,助,2,2,{},true,true,false,
333,地,de,1,地,de,助,2,2,{},true,true,false,
334,等,děng,1,等1,deng,动、（介）,2,2,{4},true,false,false,
335,地铁,dìtiě,1,地铁,ditie,名,2,2,{},false,false,false,
336,点,diǎn,2,点2,dian,动、（名、量）,2,2,{4},true,false,false,
337,懂,dǒng,1,懂,dong,动,2,2,{},false,false,false,
338,动,dòng,1,动,dong,动,2,2,{},false,false,false,
339,饭馆,fànguǎn,1,饭馆,fanguan,名,2,2,{},false,false,false,
340,飞,fēi,1,飞,fei,动,2,2,{},false,false,false,
341,高,gāo,1,高,gao,形、名,2,2,{},false,false,false,
342,高中,gāozhōng,1,高中,gaozhong,名,2,2,{},false,false,false,
343,告诉,gàosu,1,告诉,gaosu,动,2,2,{},false,false,false,
344,个子,gèzi,1,个子,gezi,名,2,2,{},false,false,false,
345,跟,gēn,1,跟,gen,介、连、（名、动）,2,2,{5},false,false,false,
346,公交车,gōngjiāochē,1,公交车,gongjiaoche,名,2,2,{},false,false,false,
347,过,guò,1,过,guo,动,2,2,{},true,true,false,
348,过来,guòlái,1,过来,guolai,动,2,2,{},false,false,false,
349,过年,guònián,1,过年,guonian,动,2,2,{},false,false,false,
350,过去,guòqù,1,过去1,guoqu,动,2,2,{},true,false,false,
351,过,guo,1,过,guo,助,2,2,{},true,true,false,
352,还是,háishi,1,还是,haishi,副、连,2,2,{},false,false,false,
353,黑色,hēisè,1,黑色,heise,名,2,2,{},false,false,false,
354,红茶,hóngchá,1,红茶,hongcha,名,2,2,{},false,false,false,
355,红色,hóngsè,1,红色,hongse,名,2,2,{},false,false,false,
356,后面,hòumiàn,1,后面,houmian,名,2,2,{},false,false,false,
357,花,huā,1,花1,hua,动,2,2,{},true,false,false,
358,花,huā,2,花2,hua,名、（形）,2,2,{6},true,false,false,
359,画,huà,1,画,hua,动、名,2,2,{},false,false,false,
360,坏,huài,1,坏,huai,形,2,2,{},false,false,false,
361,回来,huílái,1,回来,huilai,动,2,2,{},false,false,false,
362,回去,huíqù,1,回去,huiqu,动,2,2,{},false,false,false,
363,机场,jīchǎng,1,机场,jichang,名,2,2,{},false,false,false,
364,机票,jīpiào,1,机票,jipiao,名,2,2,{},false,false,false,
365,记得,jìde,1,记得,jide,动,2,2,{},false,false,false,
366,间,jiān,1,间,jian,量、（名）,2,2,{4},false,false,false,
367,教,jiāo,1,教,jiao,动,2,2,{},false,false,false,
368,教室,jiàoshì,1,教室,jiaoshi,名,2,2,{},false,false,false,
369,介绍,jièshào,1,介绍,jieshao,动,2,2,{},false,false,false,
370,进,jìn,1,进,jin,动,2,2,{},false,false,false,
371,近,jìn,1,近,jin,形,2,2,{},false,false,false,
372,进来,jìnlái,1,进来,jinlai,动,2,2,{},false,false,false,
373,进去,jìnqù,1,进去,jinqu,动,2,2,{},false,false,false,
374,经常,jīngcháng,1,经常,jingchang,副,2,2,{},false,false,false,
375,酒店,jiǔdiàn,1,酒店,jiudian,名,2,2,{},false,false,false,
376,就,jiù,1,就,jiu,副、（介）,2,2,{7},false,false,false,
377,咖啡,kāfēi,1,咖啡,kafei,名,2,2,{},false,false,false,
378,开始,kāishǐ,1,开始,kaishi,动、名,2,2,{},false,false,false,
379,开学,kāixué,1,开学,kaixue,动,2,2,{},false,false,false,
380,考,kǎo,1,考,kao,动,2,2,{},false,false,false,
381,考试,kǎoshì,1,考试,kaoshi,动、名,2,2,{},false,false,false,
382,可能,kěnéng,1,可能,keneng,形、名、动,2,2,{},false,false,false,
383,裤子,kùzi,1,裤子,kuzi,名,2,2,{},false,false,false,
384,快,kuài,1,快,kuai,形、副,2,2,{},false,false,false,
385,快乐,kuàilè,1,快乐,kuaile,形,2,2,{},false,false,false,
386,快要,kuàiyào,1,快要,kuaiyao,副,2,2,{},false,false,false,
387,篮球,lánqiú,1,篮球,lanqiu,名,2,2,{},false,false,false,
388,累,lèi,1,累,lei,形、动,2,2,{},false,false,false,
389,离,lí,1,离,li,动,2,2,{},false,false,false,
390,里面,lǐmiàn,1,里面,limian,名,2,2,{},false,false,false,
391,楼,lóu,1,楼,lou,名,2,2,{},false,false,false,
392,路,lù,1,路,lu,名,2,2,{},false,false,false,
393,路上,lùshang,1,路上,lushang,名,2,2,{},false,false,false,
394,旅游,lǚyóu,1,旅游,luyou,动,2,2,{},false,false,false,
395,绿茶,lǜchá,1,绿茶,lucha,名,2,2,{},false,false,false,
396,绿色,lǜsè,1,绿色,luse,名、（形）,2,2,{4},false,false,false,
397,慢,màn,1,慢,man,形,2,2,{},false,false,false,
398,没意思,méi yìsi,1,没意思,meiyisi,,2,2,{},false,false,true,
399,每,měi,1,每,mei,代、（副）,2,2,{4},false,false,false,
400,门,mén,1,门,men,名,2,2,{},false,false,false,
401,门口,ménkǒu,1,门口,menkou,名,2,2,{},false,false,false,
402,门票,ménpiào,1,门票,menpiao,名,2,2,{},false,false,false,
403,面,miàn,1,面1,mian,后缀、（动、名、量）,2,2,{5},true,false,false,
404,名,míng,1,名,ming,名、量,2,2,{},false,false,false,
405,拿,ná,1,拿,na,动,2,2,{},false,false,false,
406,那么,nàme,1,那么,name,代、连,2,2,{},false,false,false,
407,那样,nàyàng,1,那样,nayang,代,2,2,{},false,false,false,
408,奶茶,nǎichá,1,奶茶,naicha,名,2,2,{},false,false,false,
409,奶奶,nǎinai,1,奶奶,nainai,名,2,2,{},false,false,false,
410,男孩儿,nánháir,1,男孩儿,nanhair,名,2,2,{},false,false,false,
411,鸟,niǎo,1,鸟,niao,名,2,2,{},false,false,false,
412,女孩儿,nǚháir,1,女孩儿,nuhair,名,2,2,{},false,false,false,
413,旁边,pángbiān,1,旁边,pangbian,名,2,2,{},false,false,false,
414,跑,pǎo,1,跑,pao,动,2,2,{},false,false,false,
415,跑步,pǎobù,1,跑步,paobu,动,2,2,{},false,false,false,
416,票,piào,1,票,piao,名,2,2,{},false,false,false,
417,妻子,qīzi,1,妻子,qizi,名,2,2,{},false,false,false,
418,起来,qǐlái,1,起来,qilai,动,2,2,{},false,false,false,
419,前面,qiánmiàn,1,前面,qianmian,名,2,2,{},false,false,false,
420,晴,qíng,1,晴,qing,形,2,2,{},false,false,false,
421,球,qiú,1,球,qiu,名,2,2,{},false,false,false,
422,让,ràng,1,让,rang,动、（介）,2,2,{4},false,false,false,
423,肉,ròu,1,肉,rou,名,2,2,{},false,false,false,
424,商场,shāngchǎng,1,商场,shangchang,名,2,2,{},false,false,false,
425,上来,shànglái,1,上来,shanglai,动,2,2,{},false,false,false,
426,上面,shàngmiàn,1,上面,shangmian,名,2,2,{},false,false,false,
427,上去,shàngqù,1,上去,shangqu,动,2,2,{},false,false,false,
428,上网,shàngwǎng,1,上网,shangwang,动,2,2,{},false,false,false,
429,身体,shēntǐ,1,身体,shenti,名,2,2,{},false,false,false,
430,生日,shēngrì,1,生日,shengri,名,2,2,{},false,false,false,
431,时,shí,1,时,shi,名、（量）,2,2,{6},false,false,false,
432,事情,shìqing,1,事情,shiqing,名,2,2,{},false,false,false,
433,手,shǒu,1,手,shou,名,2,2,{},false,false,false,
434,手表,shǒubiǎo,1,手表,shoubiao,名,2,2,{},false,false,false,
435,书包,shūbāo,1,书包,shubao,名,2,2,{},false,false,false,
436,舒服,shūfu,1,舒服,shufu,形,2,2,{},false,false,false,
437,送,sòng,1,送,song,动,2,2,{},false,false,false,
438,虽然,suīrán,1,虽然,suiran,连,2,2,{},false,false,false,
439,所以,suǒyǐ,1,所以,suoyi,连,2,2,{},false,false,false,
440,疼,téng,1,疼,teng,形、（动）,2,2,{6},false,false,false,
441,踢,tī,1,踢,ti,动,2,2,{},false,false,false,
442,题,tí,1,题,ti,名,2,2,{},false,false,false,
443,条,tiáo,1,条,tiao,量、（名）,2,2,{5},false,false,false,
444,跳舞,tiàowǔ,1,跳舞,tiaowu,动,2,2,{},false,false,false,
445,头,tóu,1,头,tou,名、（量）、（形）,2,2,"{3,5}",true,true,false,
446,外国,wàiguó,1,外国,waiguo,名,2,2,{},false,false,false,
447,外面,wàimiàn,1,外面,waimian,名,2,2,{},false,false,false,
448,完,wán,1,完,wan,动,2,2,{},false,false,false,
449,万,wàn,1,万,wan,数,2,2,{},false,false,false,
450,往,wǎng,1,往,wang,动、介,2,2,{},false,false,false,
451,网上,wǎngshang,1,网上,wangshang,名,2,2,{},false,false,false,
452,忘,wàng,1,忘,wang,动,2,2,{},false,false,false,
453,位,wèi,1,位,wei,量,2,2,{},false,false,false,
454,为什么,wèi shénme,1,为什么,weishenme,,2,2,{},false,false,true,
455,希望,xīwàng,1,希望,xiwang,动,2,2,{},false,false,false,
456,洗,xǐ,1,洗,xi,动,2,2,{},false,false,false,
457,洗手间,xǐshǒujiān,1,洗手间,xishoujian,名,2,2,{},false,false,false,
458,下来,xiàlái,1,下来,xialai,动,2,2,{},false,false,false,
459,下面,xiàmiàn,1,下面,xiamian,名,2,2,{},false,false,false,
460,下去,xiàqù,1,下去,xiaqu,动,2,2,{},false,false,false,
461,小孩儿,xiǎoháir,1,小孩儿,xiaohair,名,2,2,{},false,false,false,
462,小时候,xiǎoshíhou,1,小时候,xiaoshihou,名,2,2,{},false,false,false,
463,笑,xiào,1,笑,xiao,动,2,2,{},false,false,false,
464,姓,xìng,1,姓,xing,名、动,2,2,{},false,false,false,
465,姓名,xìngmíng,1,姓名,xingming,名,2,2,{},false,false,false,
466,颜色,yánsè,1,颜色,yanse,名,2,2,{},false,false,false,
467,眼睛,yǎnjing,1,眼睛,yanjing,名,2,2,{},false,false,false,
468,药,yào,1,药,yao,名,2,2,{},false,false,false,
469,药店,yàodiàn,1,药店,yaodian,名,2,2,{},false,false,false,
470,爷爷,yéye,1,爷爷,yeye,名,2,2,{},false,false,false,
471,一会儿,yíhuìr,1,一会儿,yihuir,数量、（副）,2,2,{3},false,false,false,
472,已经,yǐjīng,1,已经,yijing,副,2,2,{},false,false,false,
473,一起,yìqǐ,1,一起,yiqi,副,2,2,{},false,false,false,
474,意思,yìsi,1,意思,yisi,名,2,2,{},false,false,false,
475,阴,yīn,1,阴,yin,形,2,2,{},false,false,false,
476,因为,yīnwèi,1,因为,yinwei,介、连,2,2,{},false,false,false,
477,游,yóu,1,游,you,动,2,2,{},false,false,false,
478,游泳,yóuyǒng,1,游泳,youyong,动,2,2,{},false,false,false,
479,有意思,yǒu yìsi,1,有意思,youyisi,,2,2,{},false,false,true,
480,有时,yǒushí,1,有时,youshi,副,2,2,{},false,false,false,
481,右,yòu,1,右,you,名,2,2,{},false,false,false,
482,右边,yòubian,1,右边,youbian,名,2,2,{},false,false,false,
483,鱼,yú,1,鱼,yu,名,2,2,{},false,false,false,
484,远,yuǎn,1,远,yuan,形,2,2,{},false,false,false,
485,运动,yùndòng,1,运动,yundong,动、名,2,2,{},false,false,false,
486,站,zhàn,1,站1,zhan,名,2,2,{},true,false,false,
487,丈夫,zhàngfu,1,丈夫,zhangfu,名,2,2,{},false,false,false,
488,这么,zhème,1,这么,zheme,代,2,2,{},false,false,false,
489,这样,zhèyàng,1,这样,zheyang,代,2,2,{},false,false,false,
490,着,zhe,1,着,zhe,助,2,2,{},true,true,false,
491,正,zhèng,1,正,zheng,副、（形）,2,2,{5},false,false,false,
492,周,zhōu,1,周,zhou,名、（量）,2,2,{6},false,false,false,
493,准备,zhǔnbèi,1,准备,zhunbei,动,2,2,{},false,false,false,
494,自己,zìjǐ,1,自己,ziji,代,2,2,{},false,false,false,
495,走,zǒu,1,走,zou,动,2,2,{},false,false,false,
496,走路,zǒulù,1,走路,zoulu,动,2,2,{},false,false,false,
497,足球,zúqiú,1,足球,zuqiu,名,2,2,{},false,false,false,
498,最,zuì,1,最,zui,副,2,2,{},false,false,false,
499,左,zuǒ,1,左,zuo,名,2,2,{},false,false,false,
500,左边,zuǒbian,1,左边,zuobian,名,2,2,{},false,false,false,
501,阿姨,āyí,1,阿姨,ayi,名,3,3,{},false,false,false,
502,矮,ǎi,1,矮,ai,形,3,3,{},false,false,false,
503,爱人,àiren,1,爱人,airen,名,3,3,{},false,false,false,
504,安静,ānjìng,1,安静,anjing,形,3,3,{},false,false,false,
505,安全,ānquán,1,安全,anquan,形,3,3,{},false,false,false,
506,把,bǎ,1,把,ba,量、介,3,3,{},false,false,false,
507,搬,bān,1,搬,ban,动,3,3,{},false,false,false,
508,班级,bānjí,1,班级,banji,名,3,3,{},false,false,false,
509,搬家,bānjiā,1,搬家,banjia,动,3,3,{},false,false,false,
510,办,bàn,1,办,ban,动,3,3,{},false,false,false,
511,办法,bànfǎ,1,办法,banfa,名,3,3,{},false,false,false,
512,办公室,bàngōngshì,1,办公室,bangongshi,名,3,3,{},false,false,false,
513,半天,bàntiān,1,半天,bantian,数量,3,3,{},false,false,false,
514,帮助,bāngzhù,1,帮助,bangzhu,动,3,3,{},false,false,false,
515,饱,bǎo,1,饱,bao,形,3,3,{},false,false,false,
516,报纸,bàozhǐ,1,报纸,baozhi,名,3,3,{},false,false,false,
517,北,běi,1,北,bei,名,3,3,{},false,false,false,
518,北方,běifāng,1,北方,beifang,名,3,3,{},false,false,false,
519,被,bèi,1,被,bei,介,3,3,{},false,false,false,
520,笔记,bǐjì,1,笔记,biji,名,3,3,{},false,false,false,
521,比较,bǐjiào,1,比较,bijiao,动、介、副,3,3,{},false,false,false,
522,笔记本,bǐjìběn,1,笔记本,bijiben,名,3,3,{},false,false,false,
523,比如,bǐrú,1,比如,biru,动,3,3,{},false,false,false,
524,比赛,bǐsài,1,比赛,bisai,动、名,3,3,{},false,false,false,
525,必须,bìxū,1,必须,bixu,副,3,3,{},false,false,false,
526,变,biàn,1,变,bian,动,3,3,{},false,false,false,
527,遍,biàn,1,遍,bian,量,3,3,{},false,false,false,
528,变成,biànchéng,1,变成,biancheng,动,3,3,{},false,false,false,
529,变化,biànhuà,1,变化,bianhua,动、名,3,3,{},false,false,false,
530,表演,biǎoyǎn,1,表演,biaoyan,动,3,3,{},false,false,false,
531,别的,biéde,1,别的,biede,代,3,3,{},false,false,false,
532,别人,biérén,1,别人,bieren,代,3,3,{},false,false,false,
533,宾馆,bīnguǎn,1,宾馆,binguan,名,3,3,{},false,false,false,
534,冰,bīng,1,冰,bing,名、（动）,3,3,{5},false,false,false,
535,冰激凌,bīngjīlíng,1,冰激凌,bingjiling,名,3,3,{},false,false,false,
536,冰箱,bīngxiāng,1,冰箱,bingxiang,名,3,3,{},false,false,false,
537,病人,bìngrén,1,病人,bingren,名,3,3,{},false,false,false,
538,不但,búdàn,1,不但,budan,连,3,3,{},false,false,false,
539,不见,bújiàn,1,不见,bujian,动,3,3,{},false,false,false,
540,不用,búyòng,1,不用,buyong,副,3,3,{},false,false,false,
541,不同,bù tóng,1,不同,butong,,3,3,{},false,false,true,
542,不久,bùjiǔ,1,不久,bujiu,形,3,3,{},false,false,false,
543,不行,bùxíng,1,不行,buxing,动、形,3,3,{},false,false,false,
544,才,cái,1,才1,cai,副,3,3,{},true,false,false,
545,菜单,càidān,1,菜单,caidan,名,3,3,{},false,false,false,
546,参加,cānjiā,1,参加,canjia,动,3,3,{},false,false,false,
547,草,cǎo,1,草,cao,名,3,3,{},false,false,false,
548,草地,cǎodì,1,草地,caodi,名,3,3,{},false,false,false,
549,层,céng,1,层,ceng,量,3,3,{},false,false,false,
550,查,chá,1,查,cha,动,3,3,{},false,false,false,
551,差,chà,1,差,cha,形、动,3,3,{},false,false,false,
552,差不多,chàbuduō,1,差不多,chabuduo,形、副,3,3,{},false,false,false,
553,尝,cháng,1,尝,chang,动,3,3,{},false,false,false,
554,常,cháng,1,常,chang,副,3,3,{},false,false,false,
555,常见,cháng jiàn,1,常见,changjian,,3,3,{},false,false,true,
556,常用,cháng yòng,1,常用,changyong,,3,3,{},false,false,true,
557,常常,chángcháng,1,常常,changchang,副,3,3,{},false,false,false,
558,衬衫,chènshān,1,衬衫,chenshan,名,3,3,{},false,false,false,
559,成绩,chéngjì,1,成绩,chengji,名,3,3,{},false,false,false,
560,城市,chéngshì,1,城市,chengshi,名,3,3,{},false,false,false,
561,迟到,chídào,1,迟到,chidao,动,3,3,{},false,false,false,
562,出发,chūfā,1,出发,chufa,动,3,3,{},false,false,false,
563,出生,chūshēng,1,出生,chusheng,动,3,3,{},false,false,false,
564,出院,chūyuàn,1,出院,chuyuan,动,3,3,{},false,false,false,
565,初中,chūzhōng,1,初中,chuzhong,名,3,3,{},false,false,false,
566,除了,chúle,1,除了,chule,介,3,3,{},false,false,false,
567,船,chuán,1,船,chuan,名,3,3,{},false,false,false,
568,春天,chūntiān,1,春天,chuntian,名,3,3,{},false,false,false,
569,词典,cídiǎn,1,词典,cidian,名,3,3,{},false,false,false,
570,聪明,cōngmíng,1,聪明,congming,形,3,3,{},false,false,false,
571,打扫,dǎsǎo,1,打扫,dasao,动,3,3,{},false,false,false,
572,打算,dǎsuàn,1,打算,dasuan,动、名,3,3,{},false,false,false,
573,大概,dàgài,1,大概,dagai,形、副、（名）,3,3,{6},false,false,false,
574,大人,dàren,1,大人,daren,名,3,3,{},false,false,false,
575,大小,dàxiǎo,1,大小,daxiao,名,3,3,{},false,false,false,
576,大熊猫,dàxióngmāo,1,大熊猫,daxiongmao,名,3,3,{},false,false,false,
577,大衣,dàyī,1,大衣,dayi,名,3,3,{},false,false,false,
578,带,dài,1,带,dai,动、（名）,3,3,{5},false,false,false,
579,担心,dānxīn,1,担心,danxin,动,3,3,{},false,false,false,
580,蛋糕,dàngāo,1,蛋糕,dangao,名,3,3,{},false,false,false,
581,当然,dāngrán,1,当然,dangran,副,3,3,{},false,false,false,
582,到处,dàochù,1,到处,daochu,副,3,3,{},false,false,false,
583,得,dé,1,得,de,动,3,3,{},true,true,false,
584,得到,dédào,1,得到,dedao,动,3,3,{},false,false,false,
585,得分,défēn,1,得分,defen,动、名,3,3,{},false,false,false,
586,的话,dehuà,1,的话,dehua,助,3,3,{},false,false,false,
587,得,děi,1,得,dei,动,3,3,{},true,true,false,
588,灯,dēng,1,灯,deng,名,3,3,{},false,false,false,
589,地,dì,1,地,di,名,3,3,{},true,true,false,
590,地点,dìdiǎn,1,地点,didian,名,3,3,{},false,false,false,
591,地方,dìfang,1,地方,difang,名,3,3,{},true,true,false,
592,地图,dìtú,1,地图,ditu,名,3,3,{},false,false,false,
593,电,diàn,1,电,dian,名、（动）,3,3,{5},false,false,false,
594,电梯,diàntī,1,电梯,dianti,名,3,3,{},false,false,false,
595,电子书,diànzǐshū,1,电子书,dianzishu,名,3,3,{},false,false,false,
596,丢,diū,1,丢,diu,动,3,3,{},false,false,false,
597,东,dōng,1,东,dong,名,3,3,{},false,false,false,
598,东北,dōngběi,1,东北,dongbei,名,3,3,{},false,false,false,
599,东方,dōngfāng,1,东方,dongfang,名,3,3,{},false,false,false,
600,东南,dōngnán,1,东南,dongnan,名,3,3,{},false,false,false,
601,冬天,dōngtiān,1,冬天,dongtian,名,3,3,{},false,false,false,
602,懂得,dǒngde,1,懂得,dongde,动,3,3,{},false,false,false,
603,动物,dòngwù,1,动物,dongwu,名,3,3,{},false,false,false,
604,动物园,dòngwùyuán,1,动物园,dongwuyuan,名,3,3,{},false,false,false,
605,短,duǎn,1,短,duan,形,3,3,{},false,false,false,
606,短裤,duǎnkù,1,短裤,duanku,名,3,3,{},false,false,false,
607,段,duàn,1,段,duan,量,3,3,{},false,false,false,
608,锻炼,duànliàn,1,锻炼,duanlian,动,3,3,{},false,false,false,
609,对话,duìhuà,1,对话,duihua,动,3,3,{},false,false,false,
610,饿,è,1,饿,e,形,3,3,{},false,false,false,
611,而且,érqiě,1,而且,erqie,连,3,3,{},false,false,false,
612,耳朵,ěrduo,1,耳朵,erduo,名,3,3,{},false,false,false,
613,耳机,ěrjī,1,耳机,erji,名,3,3,{},false,false,false,
614,发,fā,1,发,fa,动,3,3,{},false,false,false,
615,发烧,fāshāo,1,发烧,fashao,动,3,3,{},false,false,false,
616,发生,fāshēng,1,发生,fasheng,动,3,3,{},false,false,false,
617,发现,fāxiàn,1,发现,faxian,动,3,3,{},false,false,false,
618,发展,fāzhǎn,1,发展,fazhan,动,3,3,{},false,false,false,
619,方便,fāngbiàn,1,方便,fangbian,形,3,3,{},false,false,false,
620,方便面,fāngbiànmiàn,1,方便面,fangbianmian,名,3,3,{},false,false,false,
621,方法,fāngfǎ,1,方法,fangfa,名,3,3,{},false,false,false,
622,方向,fāngxiàng,1,方向,fangxiang,名,3,3,{},false,false,false,
623,房子,fángzi,1,房子,fangzi,名,3,3,{},false,false,false,
624,放,fàng,1,放,fang,动,3,3,{},false,false,false,
625,放假,fàngjià,1,放假,fangjia,动,3,3,{},false,false,false,
626,放心,fàngxīn,1,放心,fangxin,动,3,3,{},false,false,false,
627,放学,fàngxué,1,放学,fangxue,动,3,3,{},false,false,false,
628,分开,fēnkāi,1,分开,fenkai,动,3,3,{},false,false,false,
629,风,fēng,1,风,feng,名,3,3,{},false,false,false,
630,封,fēng,1,封,feng,量、（动）,3,3,{6},false,false,false,
631,夫妻,fūqī,1,夫妻,fuqi,名,3,3,{},false,false,false,
632,服务,fúwù,1,服务,fuwu,动,3,3,{},false,false,false,
633,附近,fùjìn,1,附近,fujin,名,3,3,{},false,false,false,
634,复习,fùxí,1,复习,fuxi,动,3,3,{},false,false,false,
635,该,gāi,1,该1,gai,动,3,3,{},true,false,false,
636,干净,gānjìng,1,干净,ganjing,形,3,3,{},false,false,false,
637,感兴趣,gǎn xìngqù,1,感兴趣,ganxingqu,,3,3,{},false,false,true,
638,感到,gǎndào,1,感到,gandao,动,3,3,{},false,false,false,
639,感冒,gǎnmào,1,感冒,ganmao,名、动,3,3,{},false,false,false,
640,干,gàn,1,干,gan,动,3,3,{},true,true,false,
641,刚,gāng,1,刚,gang,副,3,3,{},false,false,false,
642,刚才,gāngcái,1,刚才,gangcai,名,3,3,{},false,false,false,
643,刚刚,gānggāng,1,刚刚,ganggang,副,3,3,{},false,false,false,
644,高铁,gāotiě,1,高铁,gaotie,名,3,3,{},false,false,false,
645,根据,gēnjù,1,根据,genju,动、介、（名）,3,3,{5},false,false,false,
646,更,gèng,1,更,geng,副,3,3,{},false,false,false,
647,公斤,gōngjīn,1,公斤,gongjin,量,3,3,{},false,false,false,
648,公园,gōngyuán,1,公园,gongyuan,名,3,3,{},false,false,false,
649,工作日,gōngzuòrì,1,工作日,gongzuori,名,3,3,{},false,false,false,
650,故事,gùshi,1,故事,gushi,名,3,3,{},false,false,false,
651,刮,guā,1,刮,gua,动,3,3,{},false,false,false,
652,关,guān,1,关,guan,动、（名）,3,3,{5},false,false,false,
653,关机,guānjī,1,关机,guanji,动,3,3,{},false,false,false,
654,关系,guānxì,1,关系,guanxi,名、（动）,3,3,{4},false,false,false,
655,关心,guānxīn,1,关心,guanxin,动,3,3,{},false,false,false,
656,关于,guānyú,1,关于,guanyu,介,3,3,{},false,false,false,
657,关注,guānzhù,1,关注,guanzhu,动,3,3,{},false,false,false,
658,国家,guójiā,1,国家,guojia,名,3,3,{},false,false,false,
659,过节,guòjié,1,过节,guojie,动,3,3,{},false,false,false,
660,过去,guòqù,2,过去2,guoqu,名,3,3,{},true,false,false,
661,海,hǎi,1,海,hai,名,3,3,{},false,false,false,
662,害怕,hàipà,1,害怕,haipa,动,3,3,{},false,false,false,
663,好多,hǎoduō,1,好多,haoduo,数,3,3,{},false,false,false,
664,好久,hǎojiǔ,1,好久,haojiu,形,3,3,{},false,false,false,
665,好像,hǎoxiàng,1,好像,haoxiang,动、副,3,3,{},false,false,false,
666,号码,hàomǎ,1,号码,haoma,名,3,3,{},false,false,false,
667,河,hé,1,河,he,名,3,3,{},false,false,false,
668,合适,héshì,1,合适,heshi,形,3,3,{},false,false,false,
669,黑板,hēibǎn,1,黑板,heiban,名,3,3,{},false,false,false,
670,红绿灯,hóng-lǜdēng,1,红绿灯,hongludeng,名,3,3,{},false,false,false,
671,后来,hòulái,1,后来,houlai,名,3,3,{},false,false,false,
672,后年,hòunián,1,后年,hounian,名,3,3,{},false,false,false,
673,后天,hòutiān,1,后天,houtian,名,3,3,{},false,false,false,
674,护照,hùzhào,1,护照,huzhao,名,3,3,{},false,false,false,
675,花园,huāyuán,1,花园,huayuan,名,3,3,{},false,false,false,
676,画家,huàjiā,1,画家,huajia,名,3,3,{},false,false,false,
677,欢迎,huānyíng,1,欢迎,huanying,动,3,3,{},false,false,false,
678,还,huán,1,还,huan,动,3,3,{},true,true,false,
679,环境,huánjìng,1,环境,huanjing,名,3,3,{},false,false,false,
680,换,huàn,1,换,huan,动,3,3,{},false,false,false,
681,黄色,huángsè,1,黄色,huangse,名,3,3,{},false,false,false,
682,回答,huídá,1,回答,huida,动,3,3,{},false,false,false,
683,会,huì,2,会2,hui,名,3,3,{},true,false,false,
684,会议,huìyì,1,会议,huiyi,名,3,3,{},false,false,false,
685,或,huò,1,或,huo,连、（副）,3,3,{6},false,false,false,
686,或者,huòzhě,1,或者,huozhe,连,3,3,{},false,false,false,
687,鸡,jī,1,鸡,ji,名,3,3,{},false,false,false,
688,几乎,jīhū,1,几乎,jihu,副,3,3,{},false,false,false,
689,机会,jīhuì,1,机会,jihui,名,3,3,{},false,false,false,
690,极,jí,1,极,ji,副,3,3,{},false,false,false,
691,急,jí,1,急,ji,形、动,3,3,{},false,false,false,
692,记,jì,1,记,ji,动,3,3,{},false,false,false,
693,季,jì,1,季,ji,名,3,3,{},false,false,false,
694,季节,jìjié,1,季节,jijie,名,3,3,{},false,false,false,
695,加,jiā,1,加,jia,动,3,3,{},false,false,false,
696,假期,jiàqī,1,假期,jiaqi,名,3,3,{},false,false,false,
697,坚持,jiānchí,1,坚持,jianchi,动,3,3,{},false,false,false,
698,检查,jiǎnchá,1,检查,jiancha,动,3,3,{},false,false,false,
699,简单,jiǎndān,1,简单,jiandan,形,3,3,{},false,false,false,
700,检票,jiǎnpiào,1,检票,jianpiao,动,3,3,{},false,false,false,
701,健康,jiànkāng,1,健康,jiankang,形,3,3,{},false,false,false,
702,见面,jiànmiàn,1,见面,jianmian,动,3,3,{},false,false,false,
703,讲,jiǎng,1,讲,jiang,动,3,3,{},false,false,false,
704,角,jiǎo,1,角,jiao,量,3,3,{},false,false,false,
705,脚,jiǎo,1,脚,jiao,名,3,3,{},false,false,false,
706,接,jiē,1,接,jie,动,3,3,{},false,false,false,
707,街,jiē,1,街,jie,名,3,3,{},false,false,false,
708,节,jié,1,节,jie,量、名、（动）,3,3,{4},false,false,false,
709,结婚,jiéhūn,1,结婚,jiehun,动,3,3,{},false,false,false,
710,节目,jiémù,1,节目,jiemu,名,3,3,{},false,false,false,
711,节日,jiérì,1,节日,jieri,名,3,3,{},false,false,false,
712,结束,jiéshù,1,结束,jieshu,动,3,3,{},false,false,false,
713,解决,jiějué,1,解决,jiejue,动,3,3,{},false,false,false,
714,姐妹,jiěmèi,1,姐妹,jiemei,名,3,3,{},false,false,false,
715,借,jiè,1,借,jie,动,3,3,{},false,false,false,
716,斤,jīn,1,斤,jin,量,3,3,{},false,false,false,
717,经过,jīngguò,1,经过,jingguo,动、名,3,3,{},false,false,false,
718,经理,jīnglǐ,1,经理,jingli,名,3,3,{},false,false,false,
719,久,jiǔ,1,久,jiu,形,3,3,{},false,false,false,
720,酒,jiǔ,1,酒,jiu,名,3,3,{},false,false,false,
721,旧,jiù,1,旧,jiu,形,3,3,{},false,false,false,
722,句,jù,1,句,ju,量,3,3,{},false,false,false,
723,句子,jùzi,1,句子,juzi,名,3,3,{},false,false,false,
724,决定,juédìng,1,决定,jueding,动、名,3,3,{},false,false,false,
725,卡,kǎ,1,卡,ka,名,3,3,{},true,true,false,
726,开花,kāihuā,1,开花,kaihua,动,3,3,{},false,false,false,
727,开会,kāihuì,1,开会,kaihui,动,3,3,{},false,false,false,
728,开机,kāijī,1,开机,kaiji,动,3,3,{},false,false,false,
729,开心,kāixīn,1,开心,kaixin,形,3,3,{},false,false,false,
730,看来,kànlái,1,看来,kanlai,动,3,3,{},false,false,false,
731,可,kě,1,可,ke,连、（副）,3,3,{5},false,false,false,
732,渴,kě,1,渴,ke,形,3,3,{},false,false,false,
733,可爱,kě’ài,1,可爱,keai,形,3,3,{},false,false,false,
734,可是,kěshì,1,可是,keshi,连,3,3,{},false,false,false,
735,刻,kè,1,刻,ke,量、（动）,3,3,{5},false,false,false,
736,课本,kèběn,1,课本,keben,名,3,3,{},false,false,false,
737,客人,kèrén,1,客人,keren,名,3,3,{},false,false,false,
738,课文,kèwén,1,课文,kewen,名,3,3,{},false,false,false,
739,空调,kōngtiáo,1,空调,kongtiao,名,3,3,{},false,false,false,
740,哭,kū,1,哭,ku,动,3,3,{},false,false,false,
741,筷子,kuàizi,1,筷子,kuaizi,名,3,3,{},false,false,false,
742,矿泉水,kuàngquánshuǐ,1,矿泉水,kuangquanshui,名,3,3,{},false,false,false,
743,来自,láizì,1,来自,laizi,动,3,3,{},false,false,false,
744,蓝,lán,1,蓝,lan,形,3,3,{},false,false,false,
745,老,lǎo,1,老,lao,形、前缀、（副）,3,3,{4},false,false,false,
746,老人,lǎorén,1,老人,laoren,名,3,3,{},false,false,false,
747,离开,líkāi,1,离开,likai,动,3,3,{},false,false,false,
748,礼物,lǐwù,1,礼物,liwu,名,3,3,{},false,false,false,
749,历史,lìshǐ,1,历史,lishi,名,3,3,{},false,false,false,
750,脸,liǎn,1,脸,lian,名,3,3,{},false,false,false,
751,练,liàn,1,练,lian,动,3,3,{},false,false,false,
752,练习,liànxí,1,练习,lianxi,动、名,3,3,{},false,false,false,
753,凉快,liángkuai,1,凉快,liangkuai,形,3,3,{},false,false,false,
754,辆,liàng,1,辆,liang,量,3,3,{},false,false,false,
755,聊,liáo,1,聊,liao,动,3,3,{},false,false,false,
756,聊天儿,liáotiānr,1,聊天儿,liaotianr,动,3,3,{},false,false,false,
757,了解,liǎojiě,1,了解,liaojie,动,3,3,{},false,false,false,
758,邻居,línjū,1,邻居,linju,名,3,3,{},false,false,false,
759,留学,liúxué,1,留学,liuxue,动,3,3,{},false,false,false,
760,留学生,liúxuéshēng,1,留学生,liuxuesheng,名,3,3,{},false,false,false,
761,楼梯,lóutī,1,楼梯,louti,名,3,3,{},false,false,false,
762,路边,lùbiān,1,路边,lubian,名,3,3,{},false,false,false,
763,路口,lùkǒu,1,路口,lukou,名,3,3,{},false,false,false,
764,马,mǎ,1,马,ma,名,3,3,{},false,false,false,
765,马路,mǎlù,1,马路,malu,名,3,3,{},false,false,false,
766,马上,mǎshàng,1,马上,mashang,副,3,3,{},false,false,false,
767,满意,mǎnyì,1,满意,manyi,动,3,3,{},false,false,false,
768,毛,máo,1,毛,mao,量、（名）,3,3,{5},false,false,false,
769,米,mǐ,1,米,mi,量,3,3,{},false,false,false,
770,面前,miànqián,1,面前,mianqian,名,3,3,{},false,false,false,
771,明白,míngbai,1,明白,mingbai,形、动,3,3,{},false,false,false,
772,名单,míngdān,1,名单,mingdan,名,3,3,{},false,false,false,
773,名人,míngrén,1,名人,mingren,名,3,3,{},false,false,false,
774,南,nán,1,南,nan,名,3,3,{},false,false,false,
775,难,nán,1,难,nan,形、（动）,3,3,{6},false,false,false,
776,南方,nánfāng,1,南方,nanfang,名,3,3,{},false,false,false,
777,难过,nánguò,1,难过,nanguo,形,3,3,{},false,false,false,
778,难看,nánkàn,1,难看,nankan,形,3,3,{},false,false,false,
779,男人,nánrén,1,男人,nanren,名,3,3,{},false,false,false,
780,男生,nánshēng,1,男生,nansheng,名,3,3,{},false,false,false,
781,难题,nántí,1,难题,nanti,名,3,3,{},false,false,false,
782,难听,nántīng,1,难听,nanting,形,3,3,{},false,false,false,
783,年级,niánjí,1,年级,nianji,名,3,3,{},false,false,false,
784,年轻,niánqīng,1,年轻,nianqing,形,3,3,{},false,false,false,
785,牛,niú,1,牛,niu,名、（形）,3,3,{5},false,false,false,
786,努力,nǔlì,1,努力,nuli,动、形,3,3,{},false,false,false,
787,女人,nǚrén,1,女人,nuren,名,3,3,{},false,false,false,
788,女生,nǚshēng,1,女生,nusheng,名,3,3,{},false,false,false,
789,爬,pá,1,爬,pa,动,3,3,{},false,false,false,
790,怕,pà,1,怕,pa,动、（副）,3,3,{4},false,false,false,
791,拍照,pāizhào,1,拍照,paizhao,动,3,3,{},false,false,false,
792,盘子,pánzi,1,盘子,panzi,名,3,3,{},false,false,false,
793,胖,pàng,1,胖,pang,形,3,3,{},false,false,false,
794,啤酒,píjiǔ,1,啤酒,pijiu,名,3,3,{},false,false,false,
795,平时,píngshí,1,平时,pingshi,名,3,3,{},false,false,false,
796,瓶子,píngzi,1,瓶子,pingzi,名,3,3,{},false,false,false,
797,骑,qí,1,骑,qi,动,3,3,{},false,false,false,
798,奇怪,qíguài,1,奇怪,qiguai,形,3,3,{},false,false,false,
799,其实,qíshí,1,其实,qishi,副,3,3,{},false,false,false,
800,其他,qítā,1,其他,qita,代,3,3,{},false,false,false,
801,起,qǐ,1,起,qi,动、（量）,3,3,{5},false,false,false,
802,起飞,qǐfēi,1,起飞,qifei,动,3,3,{},false,false,false,
803,汽车,qìchē,1,汽车,qiche,名,3,3,{},false,false,false,
804,铅笔,qiānbǐ,1,铅笔,qianbi,名,3,3,{},false,false,false,
805,前年,qiánnián,1,前年,qiannian,名,3,3,{},false,false,false,
806,前天,qiántiān,1,前天,qiantian,名,3,3,{},false,false,false,
807,清楚,qīngchu,1,清楚,qingchu,形、动,3,3,{},false,false,false,
808,请假,qǐngjià,1,请假,qingjia,动,3,3,{},false,false,false,
809,请客,qǐngkè,1,请客,qingke,动,3,3,{},false,false,false,
810,秋天,qiūtiān,1,秋天,qiutian,名,3,3,{},false,false,false,
811,球场,qiúchǎng,1,球场,qiuchang,名,3,3,{},false,false,false,
812,裙子,qúnzi,1,裙子,qunzi,名,3,3,{},false,false,false,
813,然后,ránhòu,1,然后,ranhou,连,3,3,{},false,false,false,
814,热情,rèqíng,1,热情,reqing,形,3,3,{},false,false,false,
815,认得,rènde,1,认得,rende,动,3,3,{},false,false,false,
816,认为,rènwéi,1,认为,renwei,动,3,3,{},false,false,false,
817,认真,rènzhēn,1,认真,renzhen,形,3,3,{},false,false,false,
818,容易,róngyì,1,容易,rongyi,形,3,3,{},false,false,false,
819,如果,rúguǒ,1,如果,ruguo,连,3,3,{},false,false,false,
820,伞,sǎn,1,伞,san,名,3,3,{},false,false,false,
821,扫,sǎo,1,扫,sao,动,3,3,{},false,false,false,
822,沙发,shāfā,1,沙发,shafa,名,3,3,{},false,false,false,
823,山,shān,1,山,shan,名,3,3,{},false,false,false,
824,上衣,shàngyī,1,上衣,shangyi,名,3,3,{},false,false,false,
825,勺子,sháozi,1,勺子,shaozi,名,3,3,{},false,false,false,
826,身边,shēnbiān,1,身边,shenbian,名,3,3,{},false,false,false,
827,身高,shēngāo,1,身高,shengao,名,3,3,{},false,false,false,
828,声,shēng,1,声,sheng,名、量,3,3,{},false,false,false,
829,生活,shēnghuó,1,生活,shenghuo,名、动,3,3,{},false,false,false,
830,生气,shēngqì,1,生气,shengqi,动,3,3,{},false,false,false,
831,声音,shēngyīn,1,声音,shengyin,名,3,3,{},false,false,false,
832,市,shì,1,市,shi,名,3,3,{},false,false,false,
833,试,shì,1,试,shi,动,3,3,{},false,false,false,
834,室,shì,1,室,shi,名,3,3,{},false,false,false,
835,世界,shìjiè,1,世界,shijie,名,3,3,{},false,false,false,
836,收,shōu,1,收,shou,动,3,3,{},false,false,false,
837,收到,shōudào,1,收到,shoudao,动,3,3,{},false,false,false,
838,受,shòu,1,受,shou,动,3,3,{},false,false,false,
839,瘦,shòu,1,瘦,shou,形,3,3,{},false,false,false,
840,受到,shòudào,1,受到,shoudao,动,3,3,{},false,false,false,
841,叔叔,shūshu,1,叔叔,shushu,名,3,3,{},false,false,false,
842,树,shù,1,树,shu,名,3,3,{},false,false,false,
843,数学,shùxué,1,数学,shuxue,名,3,3,{},false,false,false,
844,刷,shuā,1,刷,shua,动,3,3,{},false,false,false,
845,双,shuāng,1,双,shuang,量,3,3,{},false,false,false,
846,水平,shuǐpíng,1,水平,shuiping,名,3,3,{},false,false,false,
847,司机,sījī,1,司机,siji,名,3,3,{},false,false,false,
848,四季,sìjì,1,四季,siji,名,3,3,{},false,false,false,
849,太阳,tàiyáng,1,太阳,taiyang,名,3,3,{},false,false,false,
850,糖,táng,1,糖,tang,名,3,3,{},false,false,false,
851,特别,tèbié,1,特别,tebie,形、副,3,3,{},false,false,false,
852,提高,tígāo,1,提高,tigao,动,3,3,{},false,false,false,
853,体育,tǐyù,1,体育,tiyu,名,3,3,{},false,false,false,
854,体育馆,tǐyùguǎn,1,体育馆,tiyuguan,名,3,3,{},false,false,false,
855,甜,tián,1,甜,tian,形,3,3,{},false,false,false,
856,跳,tiào,1,跳,tiao,动,3,3,{},false,false,false,
857,听说,tīngshuō,1,听说,tingshuo,动,3,3,{},false,false,false,
858,挺,tǐng,1,挺,ting,副、（动）,3,3,{7},false,false,false,
859,同事,tóngshì,1,同事,tongshi,名,3,3,{},false,false,false,
860,同意,tóngyì,1,同意,tongyi,动,3,3,{},false,false,false,
861,头发,tóufa,1,头发,toufa,名,3,3,{},false,false,false,
862,突然,tūrán,1,突然,turan,形,3,3,{},false,false,false,
863,图书馆,túshūguǎn,1,图书馆,tushuguan,名,3,3,{},false,false,false,
864,腿,tuǐ,1,腿,tui,名,3,3,{},false,false,false,
865,外地,wàidì,1,外地,waidi,名,3,3,{},false,false,false,
866,外卖,wàimài,1,外卖,waimai,动、名,3,3,{},false,false,false,
867,外语,wàiyǔ,1,外语,waiyu,名,3,3,{},false,false,false,
868,完成,wánchéng,1,完成,wancheng,动,3,3,{},false,false,false,
869,碗,wǎn,1,碗,wan,名,3,3,{},false,false,false,
870,晚点,wǎndiǎn,1,晚点,wandian,动,3,3,{},false,false,false,
871,晚会,wǎnhuì,1,晚会,wanhui,名,3,3,{},false,false,false,
872,网球,wǎngqiú,1,网球,wangqiu,名,3,3,{},false,false,false,
873,网站,wǎngzhàn,1,网站,wangzhan,名,3,3,{},false,false,false,
874,忘记,wàngjì,1,忘记,wangji,动,3,3,{},false,false,false,
875,为,wèi,1,为,wei,介,3,3,{},true,true,false,
876,为了,wèile,1,为了,weile,介,3,3,{},false,false,false,
877,卫生间,wèishēngjiān,1,卫生间,weishengjian,名,3,3,{},false,false,false,
878,文化,wénhuà,1,文化,wenhua,名,3,3,{},false,false,false,
879,屋子,wūzi,1,屋子,wuzi,名,3,3,{},false,false,false,
880,西,xī,1,西,xi,名,3,3,{},false,false,false,
881,西北,xīběi,1,西北,xibei,名,3,3,{},false,false,false,
882,西方,xīfāng,1,西方,xifang,名,3,3,{},false,false,false,
883,西瓜,xīguā,1,西瓜,xigua,名,3,3,{},false,false,false,
884,西南,xīnán,1,西南,xinan,名,3,3,{},false,false,false,
885,习惯,xíguàn,1,习惯,xiguan,动、名,3,3,{},false,false,false,
886,喜爱,xǐ’ài,1,喜爱,xiai,动,3,3,{},false,false,false,
887,洗衣机,xǐyījī,1,洗衣机,xiyiji,名,3,3,{},false,false,false,
888,洗澡,xǐzǎo,1,洗澡,xizao,动,3,3,{},false,false,false,
889,夏天,xiàtiān,1,夏天,xiatian,名,3,3,{},false,false,false,
890,先,xiān,1,先,xian,副,3,3,{},false,false,false,
891,香蕉,xiāngjiāo,1,香蕉,xiangjiao,名,3,3,{},false,false,false,
892,相信,xiāngxìn,1,相信,xiangxin,动,3,3,{},false,false,false,
893,箱子,xiāngzi,1,箱子,xiangzi,名,3,3,{},false,false,false,
894,向,xiàng,1,向,xiang,动、介,3,3,{},false,false,false,
895,像,xiàng,1,像,xiang,动、（副）、（名）,3,3,"{4,7}",false,false,false,
896,相机,xiàngjī,1,相机,xiangji,名,3,3,{},false,false,false,
897,小区,xiǎoqū,1,小区,xiaoqu,名,3,3,{},false,false,false,
898,小心,xiǎoxīn,1,小心,xiaoxin,动、形,3,3,{},false,false,false,
899,校园,xiàoyuán,1,校园,xiaoyuan,名,3,3,{},false,false,false,
900,校长,xiàozhǎng,1,校长,xiaozhang,名,3,3,{},false,false,false,
901,鞋,xié,1,鞋,xie,名,3,3,{},false,false,false,
902,心里,xīnlǐ,1,心里,xinli,名,3,3,{},false,false,false,
903,新年,xīnnián,1,新年,xinnian,名,3,3,{},false,false,false,
904,新闻,xīnwén,1,新闻,xinwen,名,3,3,{},false,false,false,
905,新鲜,xīnxiān,1,新鲜,xinxian,形,3,3,{},false,false,false,
906,信,xìn,1,信,xin,动、名,3,3,{},false,false,false,
907,信用卡,xìnyòngkǎ,1,信用卡,xinyongka,名,3,3,{},false,false,false,
908,行,xíng,1,行,xing,动、形,3,3,{},true,true,false,
909,行李,xíngli,1,行李,xingli,名,3,3,{},false,false,false,
910,兴趣,xìngqù,1,兴趣,xingqu,名,3,3,{},false,false,false,
911,休假,xiūjià,1,休假,xiujia,动,3,3,{},false,false,false,
912,需要,xūyào,1,需要,xuyao,动、名,3,3,{},false,false,false,
913,选,xuǎn,1,选,xuan,动,3,3,{},false,false,false,
914,选择,xuǎnzé,1,选择,xuanze,动,3,3,{},false,false,false,
915,学期,xuéqī,1,学期,xueqi,名,3,3,{},false,false,false,
916,牙,yá,1,牙,ya,名,3,3,{},false,false,false,
917,牙刷,yáshuā,1,牙刷,yashua,名,3,3,{},false,false,false,
918,羊,yáng,1,羊,yang,名,3,3,{},false,false,false,
919,养,yǎng,1,养,yang,动,3,3,{},false,false,false,
920,要求,yāoqiú,1,要求,yaoqiu,动、名,3,3,{},false,false,false,
921,页,yè,1,页,ye,量,3,3,{},false,false,false,
922,一定,yídìng,1,一定,yiding,形、副,3,3,{},false,false,false,
923,一共,yígòng,1,一共,yigong,副,3,3,{},false,false,false,
924,一块儿,yíkuàir,1,一块儿,yikuair,名、副,3,3,{},false,false,false,
925,一样,yíyàng,1,一样,yiyang,形,3,3,{},false,false,false,
926,以后,yǐhòu,1,以后,yihou,名,3,3,{},false,false,false,
927,以前,yǐqián,1,以前,yiqian,名,3,3,{},false,false,false,
928,以上,yǐshàng,1,以上,yishang,名,3,3,{},false,false,false,
929,以外,yǐwài,1,以外,yiwai,名,3,3,{},false,false,false,
930,以为,yǐwéi,1,以为,yiwei,动,3,3,{},false,false,false,
931,以下,yǐxià,1,以下,yixia,名,3,3,{},false,false,false,
932,一般,yìbān,1,一般,yiban,形,3,3,{},false,false,false,
933,一边,yìbiān,1,一边,yibian,副,3,3,{},false,false,false,
934,一直,yìzhí,1,一直,yizhi,副,3,3,{},false,false,false,
935,音乐,yīnyuè,1,音乐,yinyue,名,3,3,{},false,false,false,
936,银行,yínháng,1,银行,yinhang,名,3,3,{},false,false,false,
937,银行卡,yínhángkǎ,1,银行卡,yinhangka,名,3,3,{},false,false,false,
938,饮料,yǐnliào,1,饮料,yinliao,名,3,3,{},false,false,false,
939,应该,yīnggāi,1,应该,yinggai,动,3,3,{},false,false,false,
940,影响,yǐngxiǎng,1,影响,yingxiang,动、名,3,3,{},false,false,false,
941,用,yòng,1,用,yong,动,3,3,{},false,false,false,
942,邮件,yóujiàn,1,邮件,youjian,名,3,3,{},false,false,false,
943,游客,yóukè,1,游客,youke,名,3,3,{},false,false,false,
944,游戏,yóuxì,1,游戏,youxi,名,3,3,{},false,false,false,
945,邮箱,yóuxiāng,1,邮箱,youxiang,名,3,3,{},false,false,false,
946,有关,yǒuguān,1,有关,youguan,动、介,3,3,{},false,false,false,
947,有名,yǒumíng,1,有名,youming,形,3,3,{},false,false,false,
948,有用,yǒuyòng,1,有用,youyong,形,3,3,{},false,false,false,
949,又,yòu,1,又,you,副,3,3,{},false,false,false,
950,羽毛球,yǔmáoqiú,1,羽毛球,yumaoqiu,名,3,3,{},false,false,false,
951,语言,yǔyán,1,语言,yuyan,名,3,3,{},false,false,false,
952,雨衣,yǔyī,1,雨衣,yuyi,名,3,3,{},false,false,false,
953,遇到,yùdào,1,遇到,yudao,动,3,3,{},false,false,false,
954,遇见,yùjiàn,1,遇见,yujian,动,3,3,{},false,false,false,
955,园,yuán,1,园,yuan,名,3,3,{},false,false,false,
956,员,yuán,1,员,yuan,后缀,3,3,{},false,false,false,
957,愿意,yuànyì,1,愿意,yuanyi,动,3,3,{},false,false,false,
958,越,yuè,1,越,yue,副,3,3,{},false,false,false,
959,月亮,yuèliang,1,月亮,yueliang,名,3,3,{},false,false,false,
960,运动会,yùndònghuì,1,运动会,yundonghui,名,3,3,{},false,false,false,
961,运动员,yùndòngyuán,1,运动员,yundongyuan,名,3,3,{},false,false,false,
962,咱们,zánmen,1,咱们,zanmen,代,3,3,{},false,false,false,
963,脏,zāng,1,脏,zang,形,3,3,{},false,false,false,
964,怎么办,zěnme bàn,1,怎么办,zenmeban,,3,3,{},false,false,true,
965,怎样,zěnyàng,1,怎样,zenyang,代,3,3,{},false,false,false,
966,站,zhàn,2,站2,zhan,动,3,3,{},true,false,false,
967,张,zhāng,1,张,zhang,动、量,3,3,{},false,false,false,
968,长,zhǎng,1,长,zhang,动、后缀,3,3,{},true,true,false,
969,着急,zháojí,1,着急,zhaoji,形,3,3,{},false,false,false,
970,照,zhào,1,照,zhao,动,3,3,{},false,false,false,
971,照顾,zhàogù,1,照顾,zhaogu,动,3,3,{},false,false,false,
972,照片,zhàopiàn,1,照片,zhaopian,名,3,3,{},false,false,false,
973,照相,zhàoxiàng,1,照相,zhaoxiang,动,3,3,{},false,false,false,
974,直到,zhídào,1,直到,zhidao,动,3,3,{},false,false,false,
975,只,zhǐ,1,只,zhi,副,3,3,{},true,true,false,
976,纸,zhǐ,1,纸,zhi,名,3,3,{},false,false,false,
977,只能,zhǐ néng,1,只能,zhineng,,3,3,{},false,false,true,
978,只是,zhǐshì,1,只是,zhishi,副、连,3,3,{},false,false,false,
979,只要,zhǐyào,1,只要,zhiyao,连,3,3,{},false,false,false,
980,只有,zhǐyǒu,1,只有,zhiyou,连,3,3,{},false,false,false,
981,中,zhōng,1,中,zhong,名,3,3,{},true,true,false,
982,中间,zhōngjiān,1,中间,zhongjian,名,3,3,{},false,false,false,
983,终于,zhōngyú,1,终于,zhongyu,副,3,3,{},false,false,false,
984,种,zhǒng,1,种,zhong,量,3,3,{},true,true,false,
985,重要,zhòngyào,1,重要,zhongyao,形,3,3,{},false,false,false,
986,周末,zhōumò,1,周末,zhoumo,名,3,3,{},false,false,false,
987,主要,zhǔyào,1,主要,zhuyao,形,3,3,{},false,false,false,
988,注意,zhùyì,1,注意,zhuyi,动,3,3,{},false,false,false,
989,住院,zhùyuàn,1,住院,zhuyuan,动,3,3,{},false,false,false,
990,字典,zìdiǎn,1,字典,zidian,名,3,3,{},false,false,false,
991,自行车,zìxíngchē,1,自行车,zixingche,名,3,3,{},false,false,false,
992,子,zi,1,子,zi,后缀,3,3,{},false,false,false,
993,总,zǒng,1,总,zong,副、（动、形）,3,3,{5},false,false,false,
994,总是,zǒngshì,1,总是,zongshi,副,3,3,{},false,false,false,
995,嘴,zuǐ,1,嘴,zui,名,3,3,{},false,false,false,
996,最好,zuìhǎo,1,最好,zuihao,副,3,3,{},false,false,false,
997,最后,zuìhòu,1,最后,zuihou,名,3,3,{},false,false,false,
998,最近,zuìjìn,1,最近,zuijin,名,3,3,{},false,false,false,
999,做客,zuòkè,1,做客,zuoke,动,3,3,{},false,false,false,
1000,作业,zuòyè,1,作业,zuoye,名,3,3,{},false,false,false,
1001,啊,ā,1,啊,a,叹,4,4,{},true,true,false,
1002,爱情,àiqíng,1,爱情,aiqing,名,4,4,{},false,false,false,
1003,爱心,àixīn,1,爱心,aixin,名,4,4,{},false,false,false,
1004,安检,ānjiǎn,1,安检,anjian,动,4,4,{},false,false,false,
1005,安排,ānpái,1,安排,anpai,动,4,4,{},false,false,false,
1006,按,àn,1,按,an,动、介,4,4,{},false,false,false,
1007,按时,ànshí,1,按时,anshi,副,4,4,{},false,false,false,
1008,按照,ànzhào,1,按照,anzhao,介,4,4,{},false,false,false,
1009,白酒,báijiǔ,1,白酒,baijiu,名,4,4,{},false,false,false,
1010,办公,bàngōng,1,办公,bangong,动,4,4,{},false,false,false,
1011,办理,bànlǐ,1,办理,banli,动,4,4,{},false,false,false,
1012,办事,bànshì,1,办事,banshi,动,4,4,{},false,false,false,
1013,棒,bàng,1,棒,bang,形、（名）,4,4,{5},false,false,false,
1014,保护,bǎohù,1,保护,baohu,动,4,4,{},false,false,false,
1015,保证,bǎozhèng,1,保证,baozheng,动、名,4,4,{},false,false,false,
1016,抱,bào,1,抱,bao,动,4,4,{},false,false,false,
1017,报考,bàokǎo,1,报考,baokao,动,4,4,{},false,false,false,
1018,报名,bàomíng,1,报名,baoming,动,4,4,{},false,false,false,
1019,抱歉,bàoqiàn,1,抱歉,baoqian,形,4,4,{},false,false,false,
1020,背,bēi,1,背,bei,动,4,4,{},true,true,false,
1021,背包,bēibāo,1,背包,beibao,名,4,4,{},false,false,false,
1022,北部,běibù,1,北部,beibu,名,4,4,{},false,false,false,
1023,倍,bèi,1,倍,bei,量,4,4,{},false,false,false,
1024,本科,běnkē,1,本科,benke,名,4,4,{},false,false,false,
1025,本来,běnlái,1,本来,benlai,形、副,4,4,{},false,false,false,
1026,笨,bèn,1,笨,ben,形,4,4,{},false,false,false,
1027,鼻子,bízi,1,鼻子,bizi,名,4,4,{},false,false,false,
1028,笔试,bǐshì,1,笔试,bishi,动,4,4,{},false,false,false,
1029,毕业,bìyè,1,毕业,biye,动,4,4,{},false,false,false,
1030,毕业生,bìyèshēng,1,毕业生,biyesheng,名,4,4,{},false,false,false,
1031,便于,biànyú,1,便于,bianyu,动,4,4,{},false,false,false,
1032,标准,biāozhǔn,1,标准,biaozhun,名、形,4,4,{},false,false,false,
1033,表,biǎo,1,表,biao,名、（动）,4,4,{7},false,false,false,
1034,表格,biǎogé,1,表格,biaoge,名,4,4,{},false,false,false,
1035,表示,biǎoshì,1,表示,biaoshi,动,4,4,{},false,false,false,
1036,表现,biǎoxiàn,1,表现,biaoxian,动,4,4,{},false,false,false,
1037,表扬,biǎoyáng,1,表扬,biaoyang,动,4,4,{},false,false,false,
1038,饼干,bǐnggān,1,饼干,binggan,名,4,4,{},false,false,false,
1039,并,bìng,1,并,bing,动、副、连,4,4,{},false,false,false,
1040,并且,bìngqiě,1,并且,bingqie,连,4,4,{},false,false,false,
1041,播放,bōfàng,1,播放,bofang,动,4,4,{},false,false,false,
1042,博士,bóshì,1,博士,boshi,名,4,4,{},false,false,false,
1043,不必,búbì,1,不必,bubi,副,4,4,{},false,false,false,
1044,不便,búbiàn,1,不便,bubian,形、动,4,4,{},false,false,false,
1045,不断,búduàn,1,不断,buduan,动、副,4,4,{},false,false,false,
1046,不够,búgòu,1,不够,bugou,动、副,4,4,{},false,false,false,
1047,不过,búguò,1,不过,buguo,连、（副）,4,4,{5},false,false,false,
1048,不论,búlùn,1,不论,bulun,连,4,4,{},false,false,false,
1049,步,bù,1,步,bu,名,4,4,{},false,false,false,
1050,部,bù,1,部,bu,名、量,4,4,{},false,false,false,
1051,不得不,bùdébù,1,不得不,budebu,副,4,4,{},false,false,false,
1052,部分,bùfen,1,部分,bufen,名,4,4,{},false,false,false,
1053,不管,bùguǎn,1,不管,buguan,连,4,4,{},false,false,false,
1054,不光,bùguāng,1,不光,buguang,副、连,4,4,{},false,false,false,
1055,不仅,bùjǐn,1,不仅,bujin,连,4,4,{},false,false,false,
1056,不满,bùmǎn,1,不满,buman,形,4,4,{},false,false,false,
1057,部门,bùmén,1,部门,bumen,名,4,4,{},false,false,false,
1058,不如,bùrú,1,不如,buru,动,4,4,{},false,false,false,
1059,擦,cā,1,擦,ca,动,4,4,{},false,false,false,
1060,猜,cāi,1,猜,cai,动,4,4,{},false,false,false,
1061,材料,cáiliào,1,材料,cailiao,名,4,4,{},false,false,false,
1062,参观,cānguān,1,参观,canguan,动,4,4,{},false,false,false,
1063,参赛,cānsài,1,参赛,cansai,动,4,4,{},false,false,false,
1064,餐厅,cāntīng,1,餐厅,canting,名,4,4,{},false,false,false,
1065,操场,cāochǎng,1,操场,caochang,名,4,4,{},false,false,false,
1066,厕所,cèsuǒ,1,厕所,cesuo,名,4,4,{},false,false,false,
1067,查看,chákàn,1,查看,chakan,动,4,4,{},false,false,false,
1068,茶叶,cháyè,1,茶叶,chaye,名,4,4,{},false,false,false,
1069,查找,cházhǎo,1,查找,chazhao,动,4,4,{},false,false,false,
1070,差点儿,chàdiǎnr,1,差点儿,chadianr,形、副,4,4,{},false,false,false,
1071,产生,chǎnshēng,1,产生,chansheng,动,4,4,{},false,false,false,
1072,厂,chǎng,1,厂,chang,名,4,4,{},false,false,false,
1073,场,chǎng,1,场,chang,量,4,4,{},false,false,false,
1074,超过,chāoguò,1,超过,chaoguo,动,4,4,{},false,false,false,
1075,车速,chēsù,1,车速,chesu,名,4,4,{},false,false,false,
1076,车位,chēwèi,1,车位,chewei,名,4,4,{},false,false,false,
1077,城,chéng,1,城,cheng,名,4,4,{},false,false,false,
1078,乘,chéng,1,乘1,cheng,动,4,4,{},true,false,false,
1079,成功,chénggōng,1,成功,chenggong,动、形,4,4,{},false,false,false,
1080,乘客,chéngkè,1,乘客,chengke,名,4,4,{},false,false,false,
1081,诚实,chéngshí,1,诚实,chengshi,形,4,4,{},false,false,false,
1082,成为,chéngwéi,1,成为,chengwei,动,4,4,{},false,false,false,
1083,乘坐,chéngzuò,1,乘坐,chengzuo,动,4,4,{},false,false,false,
1084,吃惊,chījīng,1,吃惊,chijing,动,4,4,{},false,false,false,
1085,迟,chí,1,迟,chi,形,4,4,{},false,false,false,
1086,重,chóng,1,重,chong,副、（动）,4,4,{5},true,true,false,
1087,重新,chóngxīn,1,重新,chongxin,副,4,4,{},false,false,false,
1088,出差,chūchāi,1,出差,chuchai,动,4,4,{},false,false,false,
1089,出口,chūkǒu,1,出口,chukou,名、（动）,4,4,{5},false,false,false,
1090,出现,chūxiàn,1,出现,chuxian,动,4,4,{},false,false,false,
1091,出行,chūxíng,1,出行,chuxing,动,4,4,{},false,false,false,
1092,出租,chūzū,1,出租,chuzu,动,4,4,{},false,false,false,
1093,厨房,chúfáng,1,厨房,chufang,名,4,4,{},false,false,false,
1094,厨师,chúshī,1,厨师,chushi,名,4,4,{},false,false,false,
1095,窗,chuāng,1,窗,chuang,名,4,4,{},false,false,false,
1096,窗户,chuānghu,1,窗户,chuanghu,名,4,4,{},false,false,false,
1097,吹,chuī,1,吹,chui,动,4,4,{},false,false,false,
1098,词语,cíyǔ,1,词语,ciyu,名,4,4,{},false,false,false,
1099,此,cǐ,1,此,ci,代,4,4,{},false,false,false,
1100,此次,cǐ cì,1,此次,cici,,4,4,{},false,false,true,
1101,此外,cǐwài,1,此外,ciwai,连,4,4,{},false,false,false,
1102,从此,cóngcǐ,1,从此,congci,副,4,4,{},false,false,false,
1103,从来,cónglái,1,从来,conglai,副,4,4,{},false,false,false,
1104,从中,cóngzhōng,1,从中,congzhong,副,4,4,{},false,false,false,
1105,粗,cū,1,粗,cu,形,4,4,{},false,false,false,
1106,粗心,cūxīn,1,粗心,cuxin,形,4,4,{},false,false,false,
1107,村,cūn,1,村,cun,名,4,4,{},false,false,false,
1108,存,cún,1,存,cun,动,4,4,{},false,false,false,
1109,错过,cuòguò,1,错过,cuoguo,动,4,4,{},false,false,false,
1110,错误,cuòwù,1,错误,cuowu,形、名,4,4,{},false,false,false,
1111,答应,dāying,1,答应,daying,动,4,4,{},false,false,false,
1112,答,dá,1,答,da,动,4,4,{},false,false,false,
1113,答案,dá’àn,1,答案,daan,名,4,4,{},false,false,false,
1114,达到,dádào,1,达到,dadao,动,4,4,{},false,false,false,
1115,打招呼,dǎ zhāohu,1,打招呼,dazhaohu,,4,4,{},false,false,true,
1116,打败,dǎbài,1,打败,dabai,动,4,4,{},false,false,false,
1117,打工,dǎgōng,1,打工,dagong,动,4,4,{},false,false,false,
1118,打扰,dǎrǎo,1,打扰,darao,动,4,4,{},false,false,false,
1119,打印,dǎyìn,1,打印,dayin,动,4,4,{},false,false,false,
1120,打印机,dǎyìnjī,1,打印机,dayinji,名,4,4,{},false,false,false,
1121,打折,dǎzhé,1,打折,dazhe,动,4,4,{},false,false,false,
1122,打针,dǎzhēn,1,打针,dazhen,动,4,4,{},false,false,false,
1123,大巴,dàbā,1,大巴,daba,名,4,4,{},false,false,false,
1124,大大,dàdà,1,大大,dada,副,4,4,{},false,false,false,
1125,大夫,dàifu,1,大夫,daifu,名,4,4,{},false,false,false,
1126,大量,dàliàng,1,大量,daliang,形,4,4,{},false,false,false,
1127,大赛,dàsài,1,大赛,dasai,名,4,4,{},false,false,false,
1128,大厅,dàtīng,1,大厅,dating,名,4,4,{},false,false,false,
1129,大约,dàyuē,1,大约,dayue,副,4,4,{},false,false,false,
1130,大自然,dàzìrán,1,大自然,daziran,名,4,4,{},false,false,false,
1131,待,dāi,1,待,dai,动,4,4,{},true,true,false,
1132,戴,dài,1,戴,dai,动,4,4,{},false,false,false,
1133,袋子,dàizi,1,袋子,daizi,名,4,4,{},false,false,false,
1134,单位,dānwèi,1,单位,danwei,名,4,4,{},false,false,false,
1135,当,dāng,1,当,dang,动、介,4,4,{},true,true,false,
1136,当时,dāngshí,1,当时,dangshi,名,4,4,{},false,false,false,
1137,刀,dāo,1,刀,dao,名,4,4,{},false,false,false,
1138,导游,dǎoyóu,1,导游,daoyou,动、名,4,4,{},false,false,false,
1139,倒,dào,1,倒,dao,动、（副）,4,4,{6},true,true,false,
1140,道,dào,1,道,dao,名、量,4,4,{},false,false,false,
1141,到底,dàodǐ,1,到底,daodi,副,4,4,{},false,false,false,
1142,到来,dàolái,1,到来,daolai,动,4,4,{},false,false,false,
1143,道路,dàolù,1,道路,daolu,名,4,4,{},false,false,false,
1144,道歉,dàoqiàn,1,道歉,daoqian,动,4,4,{},false,false,false,
1145,得意,déyì,1,得意,deyi,形,4,4,{},false,false,false,
1146,登机,dēngjī,1,登机,dengji,动,4,4,{},false,false,false,
1147,等,děng,2,等2,deng,助、（名、量）,4,4,{5},true,false,false,
1148,等到,děngdào,1,等到,dengdao,介,4,4,{},false,false,false,
1149,低,dī,1,低,di,形、动,4,4,{},false,false,false,
1150,低价,dījià,1,低价,dijia,名,4,4,{},false,false,false,
1151,低温,dīwēn,1,低温,diwen,名,4,4,{},false,false,false,
1152,低于,dīyú,1,低于,diyu,动,4,4,{},false,false,false,
1153,底,dǐ,1,底,di,名,4,4,{},false,false,false,
1154,底下,dǐxia,1,底下,dixia,名,4,4,{},false,false,false,
1155,地球,dìqiú,1,地球,diqiu,名,4,4,{},false,false,false,
1156,地址,dìzhǐ,1,地址,dizhi,名,4,4,{},false,false,false,
1157,点名,diǎnmíng,1,点名,dianming,动,4,4,{},false,false,false,
1158,点头,diǎntóu,1,点头,diantou,动,4,4,{},false,false,false,
1159,电动车,diàndòngchē,1,电动车,diandongche,名,4,4,{},false,false,false,
1160,电视剧,diànshìjù,1,电视剧,dianshiju,名,4,4,{},false,false,false,
1161,掉,diào,1,掉,diao,动,4,4,{},false,false,false,
1162,调查,diàochá,1,调查,diaocha,动,4,4,{},false,false,false,
1163,订,dìng,1,订,ding,动,4,4,{},false,false,false,
1164,定,dìng,1,定,ding,动,4,4,{},false,false,false,
1165,东部,dōngbù,1,东部,dongbu,名,4,4,{},false,false,false,
1166,动车,dòngchē,1,动车,dongche,名,4,4,{},false,false,false,
1167,动作,dòngzuò,1,动作,dongzuo,名,4,4,{},false,false,false,
1168,读者,dúzhě,1,读者,duzhe,名,4,4,{},false,false,false,
1169,堵车,dǔchē,1,堵车,duche,动,4,4,{},false,false,false,
1170,度假,dùjià,1,度假,dujia,动,4,4,{},false,false,false,
1171,肚子,dùzi,1,肚子,duzi,名,4,4,{},false,false,false,
1172,短信,duǎnxìn,1,短信,duanxin,名,4,4,{},false,false,false,
1173,队,duì,1,队,dui,名、（量）,4,4,{5},false,false,false,
1174,对方,duìfāng,1,对方,duifang,名,4,4,{},false,false,false,
1175,对面,duìmiàn,1,对面,duimian,名,4,4,{},false,false,false,
1176,对于,duìyú,1,对于,duiyu,介,4,4,{},false,false,false,
1177,队员,duìyuán,1,队员,duiyuan,名,4,4,{},false,false,false,
1178,队长,duìzhǎng,1,队长,duizhang,名,4,4,{},false,false,false,
1179,顿,dùn,1,顿,dun,量、（动）,4,4,{7},false,false,false,
1180,多么,duōme,1,多么,duome,副,4,4,{},false,false,false,
1181,多数,duōshù,1,多数,duoshu,名,4,4,{},false,false,false,
1182,多样,duōyàng,1,多样,duoyang,形,4,4,{},false,false,false,
1183,而,ér,1,而,er,连,4,4,{},false,false,false,
1184,儿童,értóng,1,儿童,ertong,名,4,4,{},false,false,false,
1185,发出,fāchū,1,发出,fachu,动,4,4,{},false,false,false,
1186,发送,fāsòng,1,发送,fasong,动,4,4,{},false,false,false,
1187,法,fǎ,1,法,fa,名,4,4,{},false,false,false,
1188,法律,fǎlǜ,1,法律,falu,名,4,4,{},false,false,false,
1189,翻译,fānyì,1,翻译,fanyi,动、名,4,4,{},false,false,false,
1190,烦,fán,1,烦,fan,形、动,4,4,{},false,false,false,
1191,烦恼,fánnǎo,1,烦恼,fannao,形,4,4,{},false,false,false,
1192,反对,fǎnduì,1,反对,fandui,动,4,4,{},false,false,false,
1193,方面,fāngmiàn,1,方面,fangmian,名,4,4,{},false,false,false,
1194,方式,fāngshì,1,方式,fangshi,名,4,4,{},false,false,false,
1195,房东,fángdōng,1,房东,fangdong,名,4,4,{},false,false,false,
1196,房租,fángzū,1,房租,fangzu,名,4,4,{},false,false,false,
1197,放弃,fàngqì,1,放弃,fangqi,动,4,4,{},false,false,false,
1198,放松,fàngsōng,1,放松,fangsong,动,4,4,{},false,false,false,
1199,费,fèi,1,费,fei,名、动,4,4,{},false,false,false,
1200,费用,fèiyong,1,费用,feiyong,名,4,4,{},false,false,false,
1201,分数,fēnshù,1,分数,fenshu,名,4,4,{},false,false,false,
1202,分为,fēnwéi,1,分为,fenwei,动,4,4,{},false,false,false,
1203,份,fèn,1,份,fen,量,4,4,{},false,false,false,
1204,丰富,fēngfù,1,丰富,fengfu,形,4,4,{},false,false,false,
1205,风景,fēngjǐng,1,风景,fengjing,名,4,4,{},false,false,false,
1206,否则,fǒuzé,1,否则,fouze,连,4,4,{},false,false,false,
1207,幅,fú,1,幅,fu,量,4,4,{},false,false,false,
1208,符合,fúhé,1,符合,fuhe,动,4,4,{},false,false,false,
1209,付,fù,1,付,fu,动,4,4,{},false,false,false,
1210,父母,fùmǔ,1,父母,fumu,名,4,4,{},false,false,false,
1211,父女,fùnǚ,1,父女,funu,名,4,4,{},false,false,false,
1212,父亲,fùqīn,1,父亲,fuqin,名,4,4,{},false,false,false,
1213,复印,fùyìn,1,复印,fuyin,动,4,4,{},false,false,false,
1214,复杂,fùzá,1,复杂,fuza,形,4,4,{},false,false,false,
1215,负责,fùzé,1,负责,fuze,动、形,4,4,{},false,false,false,
1216,负责人,fùzérén,1,负责人,fuzeren,名,4,4,{},false,false,false,
1217,父子,fùzǐ,1,父子,fuzi,名,4,4,{},false,false,false,
1218,改,gǎi,1,改,gai,动,4,4,{},false,false,false,
1219,改变,gǎibiàn,1,改变,gaibian,动,4,4,{},false,false,false,
1220,干,gān,1,干,gan,形、（名）,4,4,{5},true,true,false,
1221,干杯,gānbēi,1,干杯,ganbei,动,4,4,{},false,false,false,
1222,赶,gǎn,1,赶,gan,动,4,4,{},false,false,false,
1223,敢,gǎn,1,敢,gan,动,4,4,{},false,false,false,
1224,感,gǎn,1,感,gan,后缀,4,4,{},false,false,false,
1225,感动,gǎndòng,1,感动,gandong,形、动,4,4,{},false,false,false,
1226,赶紧,gǎnjǐn,1,赶紧,ganjin,副,4,4,{},false,false,false,
1227,感觉,gǎnjué,1,感觉,ganjue,名、动,4,4,{},false,false,false,
1228,赶快,gǎnkuài,1,赶快,gankuai,副,4,4,{},false,false,false,
1229,感情,gǎnqíng,1,感情,ganqing,名,4,4,{},false,false,false,
1230,感人,gǎnrén,1,感人,ganren,形,4,4,{},false,false,false,
1231,赶上,gǎnshàng,1,赶上,ganshang,动,4,4,{},false,false,false,
1232,感受,gǎnshòu,1,感受,ganshou,动、名,4,4,{},false,false,false,
1233,感谢,gǎnxiè,1,感谢,ganxie,动,4,4,{},false,false,false,
1234,干活儿,gànhuór,1,干活儿,ganhuor,动,4,4,{},false,false,false,
1235,钢琴,gāngqín,1,钢琴,gangqin,名,4,4,{},false,false,false,
1236,高价,gāojià,1,高价,gaojia,名,4,4,{},false,false,false,
1237,高考,gāokǎo,1,高考,gaokao,名,4,4,{},false,false,false,
1238,高速,gāosù,1,高速,gaosu,形,4,4,{},false,false,false,
1239,高温,gāowēn,1,高温,gaowen,名,4,4,{},false,false,false,
1240,高于,gāoyú,1,高于,gaoyu,动,4,4,{},false,false,false,
1241,胳膊,gēbo,1,胳膊,gebo,名,4,4,{},false,false,false,
1242,歌声,gēshēng,1,歌声,gesheng,名,4,4,{},false,false,false,
1243,歌手,gēshǒu,1,歌手,geshou,名,4,4,{},false,false,false,
1244,各,gè,1,各,ge,代、副,4,4,{},false,false,false,
1245,各地,gèdì,1,各地,gedi,名,4,4,{},false,false,false,
1246,各个,gègè,1,各个,gege,代、副,4,4,{},false,false,false,
1247,各位,gèwèi,1,各位,gewei,代,4,4,{},false,false,false,
1248,各种,gèzhǒng,1,各种,gezhong,代,4,4,{},false,false,false,
1249,更加,gèngjiā,1,更加,gengjia,副,4,4,{},false,false,false,
1250,工厂,gōngchǎng,1,工厂,gongchang,名,4,4,{},false,false,false,
1251,功夫,gōngfu,1,功夫,gongfu,名,4,4,{},false,false,false,
1252,公共,gōnggòng,1,公共,gonggong,形,4,4,{},false,false,false,
1253,功课,gōngkè,1,功课,gongke,名,4,4,{},false,false,false,
1254,公里,gōnglǐ,1,公里,gongli,量,4,4,{},false,false,false,
1255,公路,gōnglù,1,公路,gonglu,名,4,4,{},false,false,false,
1256,工人,gōngrén,1,工人,gongren,名,4,4,{},false,false,false,
1257,工资,gōngzī,1,工资,gongzi,名,4,4,{},false,false,false,
1258,共,gòng,1,共,gong,副,4,4,{},false,false,false,
1259,共同,gòngtóng,1,共同,gongtong,形,4,4,{},false,false,false,
1260,够,gòu,1,够,gou,动、副,4,4,{},false,false,false,
1261,购买,gòumǎi,1,购买,goumai,动,4,4,{},false,false,false,
1262,购物,gòuwù,1,购物,gouwu,动,4,4,{},false,false,false,
1263,估计,gūjì,1,估计,guji,动,4,4,{},false,false,false,
1264,姑娘,gūniang,1,姑娘,guniang,名,4,4,{},false,false,false,
1265,鼓励,gǔlì,1,鼓励,guli,动,4,4,{},false,false,false,
1266,顾客,gùkè,1,顾客,guke,名,4,4,{},false,false,false,
1267,故意,gùyì,1,故意,guyi,副,4,4,{},false,false,false,
1268,挂,guà,1,挂,gua,动,4,4,{},false,false,false,
1269,关键,guānjiàn,1,关键,guanjian,名、形,4,4,{},false,false,false,
1270,观看,guānkàn,1,观看,guankan,动,4,4,{},false,false,false,
1271,观众,guānzhòng,1,观众,guanzhong,名,4,4,{},false,false,false,
1272,管,guǎn,1,管,guan,动、（名、量）,4,4,{5},false,false,false,
1273,管理,guǎnlǐ,1,管理,guanli,动,4,4,{},false,false,false,
1274,光,guāng,1,光,guang,名、形、动、副,4,4,{},false,false,false,
1275,广播,guǎngbō,1,广播,guangbo,动、名,4,4,{},false,false,false,
1276,广告,guǎnggào,1,广告,guanggao,名,4,4,{},false,false,false,
1277,逛,guàng,1,逛,guang,动,4,4,{},false,false,false,
1278,规定,guīdìng,1,规定,guiding,动、名,4,4,{},false,false,false,
1279,国籍,guójí,1,国籍,guoji,名,4,4,{},false,false,false,
1280,国际,guójì,1,国际,guoji,形、名,4,4,{},false,false,false,
1281,果汁,guǒzhī,1,果汁,guozhi,名,4,4,{},false,false,false,
1282,过程,guòchéng,1,过程,guocheng,名,4,4,{},false,false,false,
1283,海洋,hǎiyáng,1,海洋,haiyang,名,4,4,{},false,false,false,
1284,害羞,hàixiū,1,害羞,haixiu,形,4,4,{},false,false,false,
1285,寒假,hánjià,1,寒假,hanjia,名,4,4,{},false,false,false,
1286,寒冷,hánlěng,1,寒冷,hanleng,形,4,4,{},false,false,false,
1287,喊,hǎn,1,喊,han,动,4,4,{},false,false,false,
1288,汗,hàn,1,汗,han,名,4,4,{},false,false,false,
1289,航班,hángbān,1,航班,hangban,名,4,4,{},false,false,false,
1290,好处,hǎochù,1,好处,haochu,名,4,4,{},false,false,false,
1291,好好,hǎohǎo,1,好好,haohao,形、副,4,4,{},false,false,false,
1292,好笑,hǎoxiào,1,好笑,haoxiao,形,4,4,{},false,false,false,
1293,合格,hégé,1,合格,hege,形,4,4,{},false,false,false,
1294,盒子,hézi,1,盒子,hezi,名,4,4,{},false,false,false,
1295,红包,hóngbāo,1,红包,hongbao,名,4,4,{},false,false,false,
1296,厚,hòu,1,厚,hou,形,4,4,{},false,false,false,
1297,后悔,hòuhuǐ,1,后悔,houhui,动,4,4,{},false,false,false,
1298,忽然,hūrán,1,忽然,huran,副,4,4,{},false,false,false,
1299,互联网,hùliánwǎng,1,互联网,hulianwang,名,4,4,{},false,false,false,
1300,护士,hùshi,1,护士,hushi,名,4,4,{},false,false,false,
1301,互相,hùxiāng,1,互相,huxiang,副,4,4,{},false,false,false,
1302,话剧,huàjù,1,话剧,huaju,名,4,4,{},false,false,false,
1303,怀疑,huáiyí,1,怀疑,huaiyi,动,4,4,{},false,false,false,
1304,坏处,huàichù,1,坏处,huaichu,名,4,4,{},false,false,false,
1305,环保,huánbǎo,1,环保,huanbao,名、形,4,4,{},false,false,false,
1306,换乘,huànchéng,1,换乘,huancheng,动,4,4,{},false,false,false,
1307,回复,huífù,1,回复,huifu,动,4,4,{},false,false,false,
1308,回信,huíxìn,1,回信,huixin,动、名,4,4,{},false,false,false,
1309,回忆,huíyì,1,回忆,huiyi,动,4,4,{},false,false,false,
1310,会员,huìyuán,1,会员,huiyuan,名,4,4,{},false,false,false,
1311,活,huó,1,活,huo,动、形、名,4,4,{},false,false,false,
1312,活动,huódòng,1,活动,huodong,动、名,4,4,{},false,false,false,
1313,活泼,huópō,1,活泼,huopo,形,4,4,{},false,false,false,
1314,火,huǒ,1,火,huo,名、形,4,4,{},false,false,false,
1315,货,huò,1,货,huo,名,4,4,{},false,false,false,
1316,获得,huòdé,1,获得,huode,动,4,4,{},false,false,false,
1317,获奖,huòjiǎng,1,获奖,huojiang,动,4,4,{},false,false,false,
1318,获取,huòqǔ,1,获取,huoqu,动,4,4,{},false,false,false,
1319,基本,jīběn,1,基本,jiben,形、副,4,4,{},false,false,false,
1320,基本上,jīběnshàng,1,基本上,jibenshang,副,4,4,{},false,false,false,
1321,基础,jīchǔ,1,基础,jichu,名,4,4,{},false,false,false,
1322,激动,jīdòng,1,激动,jidong,形、动,4,4,{},false,false,false,
1323,积极,jījí,1,积极,jiji,形,4,4,{},false,false,false,
1324,积累,jīlěi,1,积累,jilei,动,4,4,{},false,false,false,
1325,及时,jíshí,1,及时,jishi,形、副,4,4,{},false,false,false,
1326,即使,jíshǐ,1,即使,jishi,连,4,4,{},false,false,false,
1327,既,jì,1,既,ji,副、连,4,4,{},false,false,false,
1328,寄,jì,1,寄,ji,动,4,4,{},false,false,false,
1329,计划,jìhuà,1,计划,jihua,名、动,4,4,{},false,false,false,
1330,既然,jìrán,1,既然,jiran,连,4,4,{},false,false,false,
1331,技术,jìshù,1,技术,jishu,名,4,4,{},false,false,false,
1332,继续,jìxù,1,继续,jixu,动,4,4,{},false,false,false,
1333,记者,jìzhě,1,记者,jizhe,名,4,4,{},false,false,false,
1334,加班,jiābān,1,加班,jiaban,动,4,4,{},false,false,false,
1335,家具,jiājù,1,家具,jiaju,名,4,4,{},false,false,false,
1336,加快,jiākuài,1,加快,jiakuai,动,4,4,{},false,false,false,
1337,加强,jiāqiáng,1,加强,jiaqiang,动,4,4,{},false,false,false,
1338,加入,jiārù,1,加入,jiaru,动,4,4,{},false,false,false,
1339,加上,jiāshàng,1,加上,jiashang,连,4,4,{},false,false,false,
1340,家庭,jiātíng,1,家庭,jiating,名,4,4,{},false,false,false,
1341,家乡,jiāxiāng,1,家乡,jiaxiang,名,4,4,{},false,false,false,
1342,加油,jiāyóu,1,加油,jiayou,动,4,4,{},false,false,false,
1343,加油站,jiāyóuzhàn,1,加油站,jiayouzhan,名,4,4,{},false,false,false,
1344,家长,jiāzhǎng,1,家长,jiazhang,名,4,4,{},false,false,false,
1345,假,jiǎ,1,假,jia,形,4,4,{},false,false,false,
1346,价格,jiàgé,1,价格,jiage,名,4,4,{},false,false,false,
1347,价钱,jiàqián,1,价钱,jiaqian,名,4,4,{},false,false,false,
1348,假日,jiàrì,1,假日,jiari,名,4,4,{},false,false,false,
1349,减,jiǎn,1,减,jian,动,4,4,{},false,false,false,
1350,减轻,jiǎnqīng,1,减轻,jianqing,动,4,4,{},false,false,false,
1351,减少,jiǎnshǎo,1,减少,jianshao,动,4,4,{},false,false,false,
1352,健身,jiànshēn,1,健身,jianshen,动,4,4,{},false,false,false,
1353,健身房,jiànshēnfáng,1,健身房,jianshenfang,名,4,4,{},false,false,false,
1354,建议,jiànyì,1,建议,jianyi,动、名,4,4,{},false,false,false,
1355,江,jiāng,1,江,jiang,名,4,4,{},false,false,false,
1356,将,jiāng,1,将,jiang,介、副,4,4,{},false,false,false,
1357,将来,jiānglái,1,将来,jianglai,名,4,4,{},false,false,false,
1358,将要,jiāngyào,1,将要,jiangyao,副,4,4,{},false,false,false,
1359,奖,jiǎng,1,奖,jiang,名、（动）,4,4,{5},false,false,false,
1360,奖金,jiǎngjīn,1,奖金,jiangjin,名,4,4,{},false,false,false,
1361,奖学金,jiǎngxuéjīn,1,奖学金,jiangxuejin,名,4,4,{},false,false,false,
1362,降,jiàng,1,降,jiang,动,4,4,{},false,false,false,
1363,降低,jiàngdī,1,降低,jiangdi,动,4,4,{},false,false,false,
1364,降价,jiàngjià,1,降价,jiangjia,动,4,4,{},false,false,false,
1365,降落,jiàngluò,1,降落,jiangluo,动,4,4,{},false,false,false,
1366,降温,jiàngwēn,1,降温,jiangwen,动,4,4,{},false,false,false,
1367,交,jiāo,1,交,jiao,动、（名）,4,4,{7},false,false,false,
1368,骄傲,jiāo’ào,1,骄傲,jiaoao,形、名,4,4,{},false,false,false,
1369,交警,jiāojǐng,1,交警,jiaojing,名,4,4,{},false,false,false,
1370,交流,jiāoliú,1,交流,jiaoliu,动,4,4,{},false,false,false,
1371,郊区,jiāoqū,1,郊区,jiaoqu,名,4,4,{},false,false,false,
1372,交通,jiāotōng,1,交通,jiaotong,名,4,4,{},false,false,false,
1373,教练,jiàoliàn,1,教练,jiaolian,名,4,4,{},false,false,false,
1374,教师,jiàoshī,1,教师,jiaoshi,名,4,4,{},false,false,false,
1375,教授,jiàoshòu,1,教授,jiaoshou,名,4,4,{},false,false,false,
1376,教学,jiàoxué,1,教学,jiaoxue,名,4,4,{},false,false,false,
1377,教育,jiàoyù,1,教育,jiaoyu,名、动,4,4,{},false,false,false,
1378,叫作,jiàozuò,1,叫作,jiaozuo,动,4,4,{},false,false,false,
1379,街道,jiēdào,1,街道,jiedao,名,4,4,{},false,false,false,
1380,接受,jiēshòu,1,接受,jieshou,动,4,4,{},false,false,false,
1381,接着,jiēzhe,1,接着,jiezhe,动、副,4,4,{},false,false,false,
1382,结果,jiéguǒ,1,结果,jieguo,名、连,4,4,{},true,true,false,
1383,节假日,jiéjiàrì,1,节假日,jiejiari,名,4,4,{},false,false,false,
1384,节约,jiéyuē,1,节约,jieyue,动,4,4,{},false,false,false,
1385,结账,jiézhàng,1,结账,jiezhang,动,4,4,{},false,false,false,
1386,解释,jiěshì,1,解释,jieshi,动,4,4,{},false,false,false,
1387,今后,jīnhòu,1,今后,jinhou,名,4,4,{},false,false,false,
1388,仅,jǐn,1,仅,jin,副,4,4,{},false,false,false,
1389,尽管,jǐnguǎn,1,尽管,jinguan,副、连,4,4,{},false,false,false,
1390,仅仅,jǐnjǐn,1,仅仅,jinjin,副,4,4,{},false,false,false,
1391,紧张,jǐnzhāng,1,紧张,jinzhang,形,4,4,{},false,false,false,
1392,进入,jìnrù,1,进入,jinru,动,4,4,{},false,false,false,
1393,进行,jìnxíng,1,进行,jinxing,动,4,4,{},false,false,false,
1394,禁止,jìnzhǐ,1,禁止,jinzhi,动,4,4,{},false,false,false,
1395,精彩,jīngcǎi,1,精彩,jingcai,形,4,4,{},false,false,false,
1396,经济,jīngjì,1,经济,jingji,名、（形）,4,4,{5},false,false,false,
1397,京剧,jīngjù,1,京剧,jingju,名,4,4,{},false,false,false,
1398,经历,jīnglì,1,经历,jingli,动、名,4,4,{},false,false,false,
1399,经验,jīngyàn,1,经验,jingyan,名,4,4,{},false,false,false,
1400,警察,jǐngchá,1,警察,jingcha,名,4,4,{},false,false,false,
1401,景点,jǐngdiǎn,1,景点,jingdian,名,4,4,{},false,false,false,
1402,景区,jǐngqū,1,景区,jingqu,名,4,4,{},false,false,false,
1403,景色,jǐngsè,1,景色,jingse,名,4,4,{},false,false,false,
1404,竟然,jìngrán,1,竟然,jingran,副,4,4,{},false,false,false,
1405,竞争,jìngzhēng,1,竞争,jingzheng,动,4,4,{},false,false,false,
1406,镜子,jìngzi,1,镜子,jingzi,名,4,4,{},false,false,false,
1407,究竟,jiūjìng,1,究竟,jiujing,副、（名）,4,4,{5},false,false,false,
1408,就是,jiùshì,1,就是,jiushi,助、副、连,4,4,{},false,false,false,
1409,举,jǔ,1,举,ju,动,4,4,{},false,false,false,
1410,举办,jǔbàn,1,举办,juban,动,4,4,{},false,false,false,
1411,举例,jǔlì,1,举例,juli,动,4,4,{},false,false,false,
1412,举行,jǔxíng,1,举行,juxing,动,4,4,{},false,false,false,
1413,聚,jù,1,聚,ju,动,4,4,{},false,false,false,
1414,聚餐,jùcān,1,聚餐,jucan,动,4,4,{},false,false,false,
1415,聚会,jùhuì,1,聚会,juhui,动、名,4,4,{},false,false,false,
1416,拒绝,jùjué,1,拒绝,jujue,动,4,4,{},false,false,false,
1417,距离,jùlí,1,距离,juli,动、名,4,4,{},false,false,false,
1418,剧院,jùyuàn,1,剧院,juyuan,名,4,4,{},false,false,false,
1419,开玩笑,kāi wánxiào,1,开玩笑,kaiwanxiao,,4,4,{},false,false,true,
1420,看法,kànfǎ,1,看法,kanfa,名,4,4,{},false,false,false,
1421,烤,kǎo,1,烤,kao,动,4,4,{},false,false,false,
1422,考虑,kǎolǜ,1,考虑,kaolu,动,4,4,{},false,false,false,
1423,考生,kǎoshēng,1,考生,kaosheng,名,4,4,{},false,false,false,
1424,棵,kē,1,棵,ke,量,4,4,{},false,false,false,
1425,科技,kējì,1,科技,keji,名,4,4,{},false,false,false,
1426,科学,kēxué,1,科学,kexue,名、形,4,4,{},false,false,false,
1427,咳,ké,1,咳,ke,动,4,4,{},false,false,false,
1428,咳嗽,késou,1,咳嗽,kesou,动,4,4,{},false,false,false,
1429,可惜,kěxī,1,可惜,kexi,形,4,4,{},false,false,false,
1430,克,kè,1,克,ke,量,4,4,{},false,false,false,
1431,课程,kèchéng,1,课程,kecheng,名,4,4,{},false,false,false,
1432,客气,kèqi,1,客气,keqi,形、动,4,4,{},false,false,false,
1433,课堂,kètáng,1,课堂,ketang,名,4,4,{},false,false,false,
1434,客厅,kètīng,1,客厅,keting,名,4,4,{},false,false,false,
1435,肯定,kěndìng,1,肯定,kending,动、形、副,4,4,{},false,false,false,
1436,空,kōng,1,空,kong,形、（副）,4,4,{5},true,true,false,
1437,空气,kōngqì,1,空气,kongqi,名,4,4,{},false,false,false,
1438,恐怕,kǒngpà,1,恐怕,kongpa,动、副,4,4,{},false,false,false,
1439,空,kòng,1,空,kong,动、形、名,4,4,{},true,true,false,
1440,口语,kǒuyǔ,1,口语,kouyu,名,4,4,{},false,false,false,
1441,苦,kǔ,1,苦,ku,形,4,4,{},false,false,false,
1442,快餐,kuàicān,1,快餐,kuaican,名,4,4,{},false,false,false,
1443,快递,kuàidì,1,快递,kuaidi,名,4,4,{},false,false,false,
1444,快速,kuàisù,1,快速,kuaisu,形,4,4,{},false,false,false,
1445,困,kùn,1,困,kun,形、（动）,4,4,{5},false,false,false,
1446,困难,kùnnan,1,困难,kunnan,形、名,4,4,{},false,false,false,
1447,拉,lā,1,拉,la,动,4,4,{},false,false,false,
1448,垃圾,lājī,1,垃圾,laji,名,4,4,{},false,false,false,
1449,辣,là,1,辣,la,形,4,4,{},false,false,false,
1450,来不及,láibují,1,来不及,laibuji,动,4,4,{},false,false,false,
1451,来得及,láidejí,1,来得及,laideji,动,4,4,{},false,false,false,
1452,懒,lǎn,1,懒,lan,形,4,4,{},false,false,false,
1453,浪费,làngfèi,1,浪费,langfei,动,4,4,{},false,false,false,
1454,浪漫,làngmàn,1,浪漫,langman,形,4,4,{},false,false,false,
1455,老虎,lǎohǔ,1,老虎,laohu,名,4,4,{},false,false,false,
1456,老家,lǎojiā,1,老家,laojia,名,4,4,{},false,false,false,
1457,老年,lǎonián,1,老年,laonian,名,4,4,{},false,false,false,
1458,老是,lǎoshì,1,老是,laoshi,副,4,4,{},false,false,false,
1459,冷静,lěngjìng,1,冷静,lengjing,形,4,4,{},false,false,false,
1460,理发,lǐfà,1,理发,lifa,动,4,4,{},false,false,false,
1461,理解,lǐjiě,1,理解,lijie,动,4,4,{},false,false,false,
1462,礼貌,lǐmào,1,礼貌,limao,名、形,4,4,{},false,false,false,
1463,理想,lǐxiǎng,1,理想,lixiang,名、形,4,4,{},false,false,false,
1464,厉害,lìhai,1,厉害,lihai,形,4,4,{},false,false,false,
1465,力气,lìqi,1,力气,liqi,名,4,4,{},false,false,false,
1466,例如,lìrú,1,例如,liru,动,4,4,{},false,false,false,
1467,例子,lìzi,1,例子,lizi,名,4,4,{},false,false,false,
1468,俩,liǎ,1,俩,lia,数量,4,4,{},false,false,false,
1469,连,lián,1,连,lian,介、（动、副）,4,4,{5},false,false,false,
1470,联系,liánxì,1,联系,lianxi,动,4,4,{},false,false,false,
1471,凉,liáng,1,凉,liang,形,4,4,{},false,false,false,
1472,量,liáng,1,量,liang,动,4,4,{},true,true,false,
1473,两,liǎng,2,两2,liang,量,4,4,{},true,false,false,
1474,亮,liàng,1,亮,liang,形、动,4,4,{},false,false,false,
1475,列,liè,1,列,lie,动、量,4,4,{},false,false,false,
1476,零下,líng xià,1,零下,lingxia,,4,4,{},false,false,true,
1477,零花钱,línghuāqián,1,零花钱,linghuaqian,名,4,4,{},false,false,false,
1478,零钱,língqián,1,零钱,lingqian,名,4,4,{},false,false,false,
1479,零食,língshí,1,零食,lingshi,名,4,4,{},false,false,false,
1480,另,lìng,1,另,ling,代、（副）,4,4,{6},false,false,false,
1481,另外,lìngwài,1,另外,lingwai,代、副、连,4,4,{},false,false,false,
1482,留,liú,1,留,liu,动,4,4,{},false,false,false,
1483,流,liú,1,流,liu,动,4,4,{},false,false,false,
1484,流利,liúlì,1,流利,liuli,形,4,4,{},false,false,false,
1485,留下,liúxia,1,留下,liuxia,动,4,4,{},false,false,false,
1486,流行,liúxíng,1,流行,liuxing,动,4,4,{},false,false,false,
1487,路过,lùguò,1,路过,luguo,动,4,4,{},false,false,false,
1488,旅馆,lǚguǎn,1,旅馆,luguan,名,4,4,{},false,false,false,
1489,旅客,lǚkè,1,旅客,luke,名,4,4,{},false,false,false,
1490,旅行,lǚxíng,1,旅行,luxing,动,4,4,{},false,false,false,
1491,律师,lǜshī,1,律师,lushi,名,4,4,{},false,false,false,
1492,乱,luàn,1,乱,luan,形、副,4,4,{},false,false,false,
1493,落,luò,1,落,luo,动,4,4,{},true,true,false,
1494,麻烦,máfan,1,麻烦,mafan,形、动、名,4,4,{},false,false,false,
1495,馒头,mántou,1,馒头,mantou,名,4,4,{},false,false,false,
1496,满,mǎn,1,满,man,形、动,4,4,{},false,false,false,
1497,毛巾,máojīn,1,毛巾,maojin,名,4,4,{},false,false,false,
1498,毛衣,máoyī,1,毛衣,maoyi,名,4,4,{},false,false,false,
1499,帽子,màozi,1,帽子,maozi,名,4,4,{},false,false,false,
1500,美,měi,1,美,mei,形,4,4,{},false,false,false,
1501,美好,měihǎo,1,美好,meihao,形,4,4,{},false,false,false,
1502,美景,měijǐng,1,美景,meijing,名,4,4,{},false,false,false,
1503,美丽,měilì,1,美丽,meili,形,4,4,{},false,false,false,
1504,美食,měishí,1,美食,meishi,名,4,4,{},false,false,false,
1505,梦,mèng,1,梦,meng,名、动,4,4,{},false,false,false,
1506,梦想,mèngxiǎng,1,梦想,mengxiang,动、名,4,4,{},false,false,false,
1507,密码,mìmǎ,1,密码,mima,名,4,4,{},false,false,false,
1508,免费,miǎnfèi,1,免费,mianfei,动,4,4,{},false,false,false,
1509,面对,miànduì,1,面对,miandui,动,4,4,{},false,false,false,
1510,面试,miànshì,1,面试,mianshi,动,4,4,{},false,false,false,
1511,秒,miǎo,1,秒,miao,量,4,4,{},false,false,false,
1512,民族,mínzú,1,民族,minzu,名,4,4,{},false,false,false,
1513,末,mò,1,末,mo,名,4,4,{},false,false,false,
1514,母女,mǔnǚ,1,母女,munu,名,4,4,{},false,false,false,
1515,母亲,mǔqīn,1,母亲,muqin,名,4,4,{},false,false,false,
1516,母子,mǔzǐ,1,母子,muzi,名,4,4,{},false,false,false,
1517,目标,mùbiāo,1,目标,mubiao,名,4,4,{},false,false,false,
1518,目的,mùdì,1,目的,mudi,名,4,4,{},false,false,false,
1519,目的地,mùdìdì,1,目的地,mudidi,名,4,4,{},false,false,false,
1520,目前,mùqián,1,目前,muqian,名,4,4,{},false,false,false,
1521,耐心,nàixīn,1,耐心,naixin,形、名,4,4,{},false,false,false,
1522,南部,nánbù,1,南部,nanbu,名,4,4,{},false,false,false,
1523,难道,nándào,1,难道,nandao,副,4,4,{},false,false,false,
1524,男士,nánshì,1,男士,nanshi,名,4,4,{},false,false,false,
1525,难受,nánshòu,1,难受,nanshou,形,4,4,{},false,false,false,
1526,难忘,nánwàng,1,难忘,nanwang,动,4,4,{},false,false,false,
1527,男性,nánxìng,1,男性,nanxing,名,4,4,{},false,false,false,
1528,内,nèi,1,内,nei,名,4,4,{},false,false,false,
1529,内容,nèiróng,1,内容,neirong,名,4,4,{},false,false,false,
1530,内心,nèixīn,1,内心,neixin,名,4,4,{},false,false,false,
1531,能否,néng fǒu,1,能否,nengfou,,4,4,{},false,false,true,
1532,能够,nénggòu,1,能够,nenggou,动,4,4,{},false,false,false,
1533,能力,nénglì,1,能力,nengli,名,4,4,{},false,false,false,
1534,嗯,ǹg,1,嗯,ng,叹,4,4,{},false,false,false,
1535,年底,niándǐ,1,年底,niandi,名,4,4,{},false,false,false,
1536,年龄,niánlíng,1,年龄,nianling,名,4,4,{},false,false,false,
1537,农村,nóngcūn,1,农村,nongcun,名,4,4,{},false,false,false,
1538,弄,nòng,1,弄,nong,动,4,4,{},false,false,false,
1539,女性,nǚxìng,1,女性,nuxing,名,4,4,{},false,false,false,
1540,暖和,nuǎnhuo,1,暖和,nuanhuo,形、动,4,4,{},false,false,false,
1541,偶尔,ǒu’ěr,1,偶尔,ouer,副、形,4,4,{},false,false,false,
1542,拍,pāi,1,拍,pai,动、名,4,4,{},false,false,false,
1543,排,pái,1,排,pai,动、名、量,4,4,{},false,false,false,
1544,牌,pái,1,牌,pai,名,4,4,{},false,false,false,
1545,排队,páiduì,1,排队,paidui,动,4,4,{},false,false,false,
1546,排球,páiqiú,1,排球,paiqiu,名,4,4,{},false,false,false,
1547,牌子,páizi,1,牌子,paizi,名,4,4,{},false,false,false,
1548,判断,pànduàn,1,判断,panduan,动,4,4,{},false,false,false,
1549,陪,péi,1,陪,pei,动,4,4,{},false,false,false,
1550,批评,pīpíng,1,批评,piping,动,4,4,{},false,false,false,
1551,皮肤,pífū,1,皮肤,pifu,名,4,4,{},false,false,false,
1552,脾气,píqi,1,脾气,piqi,名,4,4,{},false,false,false,
1553,皮鞋,píxié,1,皮鞋,pixie,名,4,4,{},false,false,false,
1554,篇,piān,1,篇,pian,名、量,4,4,{},false,false,false,
1555,片,piàn,1,片,pian,名、量,4,4,{},false,false,false,
1556,乒乓球,pīngpāngqiú,1,乒乓球,pingpangqiu,名,4,4,{},false,false,false,
1557,平常,píngcháng,1,平常,pingchang,形、名,4,4,{},false,false,false,
1558,破,pò,1,破,po,动、形,4,4,{},false,false,false,
1559,葡萄,pútao,1,葡萄,putao,名,4,4,{},false,false,false,
1560,葡萄酒,pútaojiǔ,1,葡萄酒,putaojiu,名,4,4,{},false,false,false,
1561,普遍,pǔbiàn,1,普遍,pubian,形,4,4,{},false,false,false,
1562,普通,pǔtōng,1,普通,putong,形,4,4,{},false,false,false,
1563,普通话,pǔtōnghuà,1,普通话,putonghua,名,4,4,{},false,false,false,
1564,期,qī,1,期,qi,量,4,4,{},false,false,false,
1565,期末,qīmò,1,期末,qimo,名,4,4,{},false,false,false,
1566,期中,qīzhōng,1,期中,qizhong,名,4,4,{},false,false,false,
1567,其次,qícì,1,其次,qici,代,4,4,{},false,false,false,
1568,其中,qízhōng,1,其中,qizhong,名,4,4,{},false,false,false,
1569,起到,qǐdào,1,起到,qidao,动,4,4,{},false,false,false,
1570,气,qì,1,气,qi,名、动,4,4,{},false,false,false,
1571,气候,qìhòu,1,气候,qihou,名,4,4,{},false,false,false,
1572,汽水,qìshuǐ,1,汽水,qishui,名,4,4,{},false,false,false,
1573,气温,qìwēn,1,气温,qiwen,名,4,4,{},false,false,false,
1574,千克,qiānkè,1,千克,qianke,量,4,4,{},false,false,false,
1575,千万,qiānwàn,1,千万,qianwan,副,4,4,{},false,false,false,
1576,签证,qiānzhèng,1,签证,qianzheng,动、名,4,4,{},false,false,false,
1577,前方,qiánfāng,1,前方,qianfang,名,4,4,{},false,false,false,
1578,前后,qiánhòu,1,前后,qianhou,名,4,4,{},false,false,false,
1579,强,qiáng,1,强,qiang,形,4,4,{},false,false,false,
1580,敲,qiāo,1,敲,qiao,动,4,4,{},false,false,false,
1581,桥,qiáo,1,桥,qiao,名,4,4,{},false,false,false,
1582,巧,qiǎo,1,巧,qiao,形,4,4,{},false,false,false,
1583,巧克力,qiǎokèlì,1,巧克力,qiaokeli,名,4,4,{},false,false,false,
1584,亲戚,qīnqi,1,亲戚,qinqi,名,4,4,{},false,false,false,
1585,琴,qín,1,琴,qin,名,4,4,{},false,false,false,
1586,轻,qīng,1,轻,qing,形,4,4,{},false,false,false,
1587,青年,qīngnián,1,青年,qingnian,名,4,4,{},false,false,false,
1588,轻松,qīngsōng,1,轻松,qingsong,形,4,4,{},false,false,false,
1589,情况,qíngkuàng,1,情况,qingkuang,名,4,4,{},false,false,false,
1590,庆祝,qìngzhù,1,庆祝,qingzhu,动,4,4,{},false,false,false,
1591,球队,qiúduì,1,球队,qiudui,名,4,4,{},false,false,false,
1592,球迷,qiúmí,1,球迷,qiumi,名,4,4,{},false,false,false,
1593,区,qū,1,区,qu,名,4,4,{},false,false,false,
1594,区别,qūbié,1,区别,qubie,动、名,4,4,{},false,false,false,
1595,取,qǔ,1,取,qu,动,4,4,{},false,false,false,
1596,取得,qǔdé,1,取得,qude,动,4,4,{},false,false,false,
1597,取消,qǔxiāo,1,取消,quxiao,动,4,4,{},false,false,false,
1598,全,quán,1,全,quan,形、副,4,4,{},false,false,false,
1599,全部,quánbù,1,全部,quanbu,名,4,4,{},false,false,false,
1600,全都,quándōu,1,全都,quandou,副,4,4,{},false,false,false,
1601,全球,quánqiú,1,全球,quanqiu,名,4,4,{},false,false,false,
1602,全身,quánshēn,1,全身,quanshen,名,4,4,{},false,false,false,
1603,缺,quē,1,缺,que,动,4,4,{},false,false,false,
1604,缺点,quēdiǎn,1,缺点,quedian,名,4,4,{},false,false,false,
1605,缺少,quēshǎo,1,缺少,queshao,动,4,4,{},false,false,false,
1606,却,què,1,却,que,副,4,4,{},false,false,false,
1607,确实,quèshí,1,确实,queshi,副,4,4,{},false,false,false,
1608,然而,rán’ér,1,然而,raner,连,4,4,{},false,false,false,
1609,热闹,rènao,1,热闹,renao,形、动、名,4,4,{},false,false,false,
1610,人生,rénshēng,1,人生,rensheng,名,4,4,{},false,false,false,
1611,人数,rénshù,1,人数,renshu,名,4,4,{},false,false,false,
1612,人员,rényuán,1,人员,renyuan,名,4,4,{},false,false,false,
1613,任何,rènhé,1,任何,renhe,代,4,4,{},false,false,false,
1614,任务,rènwu,1,任务,renwu,名,4,4,{},false,false,false,
1615,扔,rēng,1,扔,reng,动,4,4,{},false,false,false,
1616,仍,réng,1,仍,reng,副,4,4,{},false,false,false,
1617,仍然,réngrán,1,仍然,rengran,副,4,4,{},false,false,false,
1618,日常,rìcháng,1,日常,richang,形,4,4,{},false,false,false,
1619,日记,rìjì,1,日记,riji,名,4,4,{},false,false,false,
1620,日期,rìqī,1,日期,riqi,名,4,4,{},false,false,false,
1621,日子,rìzi,1,日子,rizi,名,4,4,{},false,false,false,
1622,入,rù,1,入,ru,动,4,4,{},false,false,false,
1623,入口,rùkǒu,1,入口,rukou,名,4,4,{},false,false,false,
1624,入学,rùxué,1,入学,ruxue,动,4,4,{},false,false,false,
1625,入住,rùzhù,1,入住,ruzhu,动,4,4,{},false,false,false,
1626,散步,sànbù,1,散步,sanbu,动,4,4,{},false,false,false,
1627,扫码,sǎomǎ,1,扫码,saoma,动,4,4,{},false,false,false,
1628,森林,sēnlín,1,森林,senlin,名,4,4,{},false,false,false,
1629,商量,shāngliang,1,商量,shangliang,动,4,4,{},false,false,false,
1630,商品,shāngpǐn,1,商品,shangpin,名,4,4,{},false,false,false,
1631,伤心,shāngxīn,1,伤心,shangxin,形,4,4,{},false,false,false,
1632,上门,shàngmén,1,上门,shangmen,动,4,4,{},false,false,false,
1633,稍,shāo,1,稍,shao,副,4,4,{},false,false,false,
1634,稍微,shāowēi,1,稍微,shaowei,副,4,4,{},false,false,false,
1635,少见,shǎojiàn,1,少见,shaojian,形,4,4,{},false,false,false,
1636,少量,shǎoliàng,1,少量,shaoliang,形,4,4,{},false,false,false,
1637,少数,shǎoshù,1,少数,shaoshu,名,4,4,{},false,false,false,
1638,少年,shàonián,1,少年,shaonian,名,4,4,{},false,false,false,
1639,社会,shèhuì,1,社会,shehui,名,4,4,{},false,false,false,
1640,摄氏度,shèshìdù,1,摄氏度,sheshidu,量,4,4,{},false,false,false,
1641,身,shēn,1,身,shen,名、量,4,4,{},false,false,false,
1642,深,shēn,1,深,shen,形、（副）,4,4,{5},false,false,false,
1643,身份证,shēnfènzhèng,1,身份证,shenfenzheng,名,4,4,{},false,false,false,
1644,申请,shēnqǐng,1,申请,shenqing,动,4,4,{},false,false,false,
1645,甚至,shènzhì,1,甚至,shenzhi,连,4,4,{},false,false,false,
1646,生,shēng,1,生1,sheng,动,4,4,{},true,false,false,
1647,生,shēng,2,生2,sheng,形、（副）,4,4,{7},true,false,false,
1648,生命,shēngmìng,1,生命,shengming,名,4,4,{},false,false,false,
1649,生意,shēngyi,1,生意,shengyi,名,4,4,{},false,false,false,
1650,省,shěng,1,省1,sheng,名,4,4,{},true,false,false,
1651,剩,shèng,1,剩,sheng,动,4,4,{},false,false,false,
1652,失败,shībài,1,失败,shibai,动、形,4,4,{},false,false,false,
1653,师傅,shīfu,1,师傅,shifu,名,4,4,{},false,false,false,
1654,失去,shīqù,1,失去,shiqu,动,4,4,{},false,false,false,
1655,师生,shīshēng,1,师生,shisheng,名,4,4,{},false,false,false,
1656,失望,shīwàng,1,失望,shiwang,动、形,4,4,{},false,false,false,
1657,十分,shífēn,1,十分,shifen,副,4,4,{},false,false,false,
1658,实际,shíjì,1,实际,shiji,名、形,4,4,{},false,false,false,
1659,时间表,shíjiānbiǎo,1,时间表,shijianbiao,名,4,4,{},false,false,false,
1660,实际上,shíjìshàng,1,实际上,shijishang,副,4,4,{},false,false,false,
1661,食品,shípǐn,1,食品,shipin,名,4,4,{},false,false,false,
1662,食堂,shítáng,1,食堂,shitang,名,4,4,{},false,false,false,
1663,食物,shíwù,1,食物,shiwu,名,4,4,{},false,false,false,
1664,实在,shízài,1,实在,shizai,形、副,4,4,{},false,false,false,
1665,十字路口,shízì lùkǒu,1,十字路口,shizilukou,,4,4,{},false,false,true,
1666,使,shǐ,1,使,shi,动,4,4,{},false,false,false,
1667,使馆,shǐguǎn,1,使馆,shiguan,名,4,4,{},false,false,false,
1668,使用,shǐyòng,1,使用,shiyong,动,4,4,{},false,false,false,
1669,市场,shìchǎng,1,市场,shichang,名,4,4,{},false,false,false,
1670,是否,shìfǒu,1,是否,shifou,副,4,4,{},false,false,false,
1671,适合,shìhé,1,适合,shihe,动,4,4,{},false,false,false,
1672,世纪,shìjì,1,世纪,shiji,名,4,4,{},false,false,false,
1673,视频,shìpín,1,视频,shipin,名,4,4,{},false,false,false,
1674,市区,shìqū,1,市区,shiqu,名,4,4,{},false,false,false,
1675,试题,shìtí,1,试题,shiti,名,4,4,{},false,false,false,
1676,适应,shìyìng,1,适应,shiying,动,4,4,{},false,false,false,
1677,收费,shōufèi,1,收费,shoufei,动,4,4,{},false,false,false,
1678,收入,shōurù,1,收入,shouru,动、名,4,4,{},false,false,false,
1679,收拾,shōushi,1,收拾,shoushi,动,4,4,{},false,false,false,
1680,收听,shōutīng,1,收听,shouting,动,4,4,{},false,false,false,
1681,首,shǒu,1,首,shou,量,4,4,{},false,false,false,
1682,首都,shǒudū,1,首都,shoudu,名,4,4,{},false,false,false,
1683,首先,shǒuxiān,1,首先,shouxian,副、代,4,4,{},false,false,false,
1684,受不了,shòubuliǎo,1,受不了,shoubuliao,动,4,4,{},false,false,false,
1685,售票员,shòupiàoyuán,1,售票员,shoupiaoyuan,名,4,4,{},false,false,false,
1686,受伤,shòushāng,1,受伤,shoushang,动,4,4,{},false,false,false,
1687,输,shū,1,输,shu,动,4,4,{},false,false,false,
1688,熟,shú/shóu,1,熟,shushou,形,4,4,{},false,false,false,
1689,熟悉,shúxi,1,熟悉,shuxi,动,4,4,{},false,false,false,
1690,暑假,shǔjià,1,暑假,shujia,名,4,4,{},false,false,false,
1691,数,shù,1,数,shu,名、数,4,4,{},true,true,false,
1692,数量,shùliàng,1,数量,shuliang,名,4,4,{},false,false,false,
1693,树林,shùlín,1,树林,shulin,名,4,4,{},false,false,false,
1694,数字,shùzì,1,数字,shuzi,名,4,4,{},false,false,false,
1695,帅,shuài,1,帅,shuai,形,4,4,{},false,false,false,
1696,顺便,shùnbiàn,1,顺便,shunbian,副,4,4,{},false,false,false,
1697,顺利,shùnlì,1,顺利,shunli,形,4,4,{},false,false,false,
1698,顺序,shùnxù,1,顺序,shunxu,名,4,4,{},false,false,false,
1699,说法,shuōfǎ,1,说法,shuofa,名,4,4,{},false,false,false,
1700,说明,shuōmíng,1,说明,shuoming,动、名,4,4,{},false,false,false,
1701,说明书,shuōmíngshū,1,说明书,shuomingshu,名,4,4,{},false,false,false,
1702,硕士,shuòshì,1,硕士,shuoshi,名,4,4,{},false,false,false,
1703,死,sǐ,1,死,si,动、形、（副）,4,4,{5},false,false,false,
1704,速度,sùdù,1,速度,sudu,名,4,4,{},false,false,false,
1705,塑料,sùliào,1,塑料,suliao,名,4,4,{},false,false,false,
1706,酸,suān,1,酸,suan,形,4,4,{},false,false,false,
1707,酸奶,suānnǎi,1,酸奶,suannai,名,4,4,{},false,false,false,
1708,算,suàn,1,算,suan,动、副,4,4,{},false,false,false,
1709,随便,suíbiàn,1,随便,suibian,动、形、连,4,4,{},false,false,false,
1710,随着,suízhe,1,随着,suizhe,介,4,4,{},false,false,false,
1711,孙女,sūnnǚ,1,孙女,sunnu,名,4,4,{},false,false,false,
1712,孙子,sūnzi,1,孙子,sunzi,名,4,4,{},false,false,false,
1713,所有,suǒyǒu,1,所有,suoyou,形、（动、名）,4,4,{5},false,false,false,
1714,台,tái,1,台,tai,量、（名）,4,4,{5},false,false,false,
1715,抬,tái,1,抬,tai,动,4,4,{},false,false,false,
1716,抬头,táitóu,1,抬头,taitou,动,4,4,{},false,false,false,
1717,态度,tàidù,1,态度,taidu,名,4,4,{},false,false,false,
1718,弹,tán,1,弹,tan,动,4,4,{},false,false,false,
1719,谈,tán,1,谈,tan,动,4,4,{},false,false,false,
1720,汤,tāng,1,汤,tang,名,4,4,{},false,false,false,
1721,躺,tǎng,1,躺,tang,动,4,4,{},false,false,false,
1722,趟,tàng,1,趟,tang,量,4,4,{},false,false,false,
1723,讨论,tǎolùn,1,讨论,taolun,动,4,4,{},false,false,false,
1724,讨厌,tǎoyàn,1,讨厌,taoyan,形、动,4,4,{},false,false,false,
1725,特点,tèdiǎn,1,特点,tedian,名,4,4,{},false,false,false,
1726,提,tí,1,提,ti,动,4,4,{},false,false,false,
1727,提出,tíchū,1,提出,tichu,动,4,4,{},false,false,false,
1728,提到,tídào,1,提到,tidao,动,4,4,{},false,false,false,
1729,提供,tígōng,1,提供,tigong,动,4,4,{},false,false,false,
1730,提前,tíqián,1,提前,tiqian,动,4,4,{},false,false,false,
1731,提醒,tíxǐng,1,提醒,tixing,动,4,4,{},false,false,false,
1732,体检,tǐjiǎn,1,体检,tijian,动,4,4,{},false,false,false,
1733,体温,tǐwēn,1,体温,tiwen,名,4,4,{},false,false,false,
1734,体重,tǐzhòng,1,体重,tizhong,名,4,4,{},false,false,false,
1735,填写,tiánxiě,1,填写,tianxie,动,4,4,{},false,false,false,
1736,条件,tiáojiàn,1,条件,tiaojian,名,4,4,{},false,false,false,
1737,听力,tīnglì,1,听力,tingli,名,4,4,{},false,false,false,
1738,听众,tīngzhòng,1,听众,tingzhong,名,4,4,{},false,false,false,
1739,停,tíng,1,停,ting,动,4,4,{},false,false,false,
1740,停车,tíngchē,1,停车,tingche,动,4,4,{},false,false,false,
1741,停车场,tíngchēchǎng,1,停车场,tingchechang,名,4,4,{},false,false,false,
1742,停止,tíngzhǐ,1,停止,tingzhi,动,4,4,{},false,false,false,
1743,通,tōng,1,通,tong,动、形、（量）,4,4,{7},false,false,false,
1744,通过,tōngguò,1,通过,tongguo,动、介,4,4,{},false,false,false,
1745,通知,tōngzhī,1,通知,tongzhi,动、名,4,4,{},false,false,false,
1746,童年,tóngnián,1,童年,tongnian,名,4,4,{},false,false,false,
1747,同时,tóngshí,1,同时,tongshi,名、连,4,4,{},false,false,false,
1748,同样,tóngyàng,1,同样,tongyang,形,4,4,{},false,false,false,
1749,桶,tǒng,1,桶,tong,名,4,4,{},false,false,false,
1750,痛,tòng,1,痛,tong,形、（副）,4,4,{7},false,false,false,
1751,头痛,tóutòng,1,头痛,toutong,形,4,4,{},false,false,false,
1752,图,tú,1,图,tu,名、（动）,4,4,{7},false,false,false,
1753,图片,túpiàn,1,图片,tupian,名,4,4,{},false,false,false,
1754,土,tǔ,1,土,tu,名、（形）,4,4,{6},false,false,false,
1755,推,tuī,1,推,tui,动,4,4,{},false,false,false,
1756,推迟,tuīchí,1,推迟,tuichi,动,4,4,{},false,false,false,
1757,推出,tuīchū,1,推出,tuichu,动,4,4,{},false,false,false,
1758,脱,tuō,1,脱,tuo,动,4,4,{},false,false,false,
1759,袜子,wàzi,1,袜子,wazi,名,4,4,{},false,false,false,
1760,外出,wàichū,1,外出,waichu,动,4,4,{},false,false,false,
1761,外套,wàitào,1,外套,waitao,名,4,4,{},false,false,false,
1762,完全,wánquán,1,完全,wanquan,形、副,4,4,{},false,false,false,
1763,晚安,wǎn’ān,1,晚安,wanan,动,4,4,{},false,false,false,
1764,晚餐,wǎncān,1,晚餐,wancan,名,4,4,{},false,false,false,
1765,网购,wǎnggòu,1,网购,wanggou,动,4,4,{},false,false,false,
1766,往往,wǎngwǎng,1,往往,wangwang,副,4,4,{},false,false,false,
1767,网页,wǎngyè,1,网页,wangye,名,4,4,{},false,false,false,
1768,网友,wǎngyǒu,1,网友,wangyou,名,4,4,{},false,false,false,
1769,网址,wǎngzhǐ,1,网址,wangzhi,名,4,4,{},false,false,false,
1770,危险,wēixiǎn,1,危险,weixian,形、名,4,4,{},false,false,false,
1771,为,wéi,1,为1,wei,动,4,4,{},true,true,false,
1772,味,wèi,1,味,wei,名,4,4,{},false,false,false,
1773,味道,wèidào,1,味道,weidao,名,4,4,{},false,false,false,
1774,卫生,wèishēng,1,卫生,weisheng,形、名,4,4,{},false,false,false,
1775,温度,wēndù,1,温度,wendu,名,4,4,{},false,false,false,
1776,闻,wén,1,闻,wen,动,4,4,{},false,false,false,
1777,文件,wénjiàn,1,文件,wenjian,名,4,4,{},false,false,false,
1778,文章,wénzhāng,1,文章,wenzhang,名,4,4,{},false,false,false,
1779,文字,wénzì,1,文字,wenzi,名,4,4,{},false,false,false,
1780,污染,wūrǎn,1,污染,wuran,动,4,4,{},false,false,false,
1781,无,wú,1,无,wu,动,4,4,{},false,false,false,
1782,无法,wúfǎ,1,无法,wufa,动,4,4,{},false,false,false,
1783,无聊,wúliáo,1,无聊,wuliao,形,4,4,{},false,false,false,
1784,无论,wúlùn,1,无论,wulun,连,4,4,{},false,false,false,
1785,午餐,wǔcān,1,午餐,wucan,名,4,4,{},false,false,false,
1786,误会,wùhuì,1,误会,wuhui,动、名,4,4,{},false,false,false,
1787,吸,xī,1,吸,xi,动,4,4,{},false,false,false,
1788,西部,xībù,1,西部,xibu,名,4,4,{},false,false,false,
1789,西红柿,xīhóngshì,1,西红柿,xihongshi,名,4,4,{},false,false,false,
1790,吸引,xīyǐn,1,吸引,xiyin,动,4,4,{},false,false,false,
1791,细,xì,1,细,xi,形,4,4,{},false,false,false,
1792,细心,xìxīn,1,细心,xixin,形,4,4,{},false,false,false,
1793,下降,xiàjiàng,1,下降,xiajiang,动,4,4,{},false,false,false,
1794,鲜,xiān,1,鲜,xian,形,4,4,{},false,false,false,
1795,鲜花,xiānhuā,1,鲜花,xianhua,名,4,4,{},false,false,false,
1796,咸,xián,1,咸,xian,形,4,4,{},false,false,false,
1797,现金,xiànjīn,1,现金,xianjin,名,4,4,{},false,false,false,
1798,羡慕,xiànmù,1,羡慕,xianmu,动,4,4,{},false,false,false,
1799,线上,xiànshàng,1,线上,xianshang,名,4,4,{},false,false,false,
1800,线下,xiànxià,1,线下,xianxia,名,4,4,{},false,false,false,
1801,现有,xiànyǒu,1,现有,xianyou,动、形,4,4,{},false,false,false,
1802,香,xiāng,1,香,xiang,形,4,4,{},false,false,false,
1803,相比,xiāngbǐ,1,相比,xiangbi,动,4,4,{},false,false,false,
1804,相反,xiāngfǎn,1,相反,xiangfan,形、连,4,4,{},false,false,false,
1805,相互,xiānghù,1,相互,xianghu,副,4,4,{},false,false,false,
1806,相同,xiāngtóng,1,相同,xiangtong,形,4,4,{},false,false,false,
1807,详细,xiángxì,1,详细,xiangxi,形,4,4,{},false,false,false,
1808,响,xiǎng,1,响,xiang,动、形,4,4,{},false,false,false,
1809,想法,xiǎngfǎ,1,想法,xiangfa,名,4,4,{},false,false,false,
1810,项,xiàng,1,项,xiang,量,4,4,{},false,false,false,
1811,消息,xiāoxi,1,消息,xiaoxi,名,4,4,{},false,false,false,
1812,小吃,xiǎochī,1,小吃,xiaochi,名,4,4,{},false,false,false,
1813,小伙子,xiǎohuǒzi,1,小伙子,xiaohuozi,名,4,4,{},false,false,false,
1814,小说,xiǎoshuō,1,小说,xiaoshuo,名,4,4,{},false,false,false,
1815,小组,xiǎozǔ,1,小组,xiaozu,名,4,4,{},false,false,false,
1816,效果,xiàoguǒ,1,效果,xiaoguo,名,4,4,{},false,false,false,
1817,笑话,xiàohua,1,笑话,xiaohua,名、动,4,4,{},false,false,false,
1818,血,xiě,1,血,xie,名,4,4,{},false,false,false,
1819,心,xīn,1,心,xin,名,4,4,{},false,false,false,
1820,辛苦,xīnkǔ,1,辛苦,xinku,形、动,4,4,{},false,false,false,
1821,心情,xīnqíng,1,心情,xinqing,名,4,4,{},false,false,false,
1822,信号,xìnhào,1,信号,xinhao,名,4,4,{},false,false,false,
1823,信息,xìnxī,1,信息,xinxi,名,4,4,{},false,false,false,
1824,信心,xìnxīn,1,信心,xinxin,名,4,4,{},false,false,false,
1825,兴奋,xīngfèn,1,兴奋,xingfen,形、动,4,4,{},false,false,false,
1826,星星,xīngxing,1,星星,xingxing,名,4,4,{},false,false,false,
1827,醒,xǐng,1,醒,xing,动,4,4,{},false,false,false,
1828,性,xìng,1,性,xing,后缀,4,4,{},false,false,false,
1829,性别,xìngbié,1,性别,xingbie,名,4,4,{},false,false,false,
1830,幸福,xìngfú,1,幸福,xingfu,名、形,4,4,{},false,false,false,
1831,性格,xìnggé,1,性格,xingge,名,4,4,{},false,false,false,
1832,兄弟,xiōngdì,1,兄弟,xiongdi,名,4,4,{},false,false,false,
1833,熊,xióng,1,熊,xiong,名,4,4,{},false,false,false,
1834,修,xiū,1,修,xiu,动,4,4,{},false,false,false,
1835,修理,xiūlǐ,1,修理,xiuli,动,4,4,{},false,false,false,
1836,许多,xǔduō,1,许多,xuduo,数,4,4,{},false,false,false,
1837,学费,xuéfèi,1,学费,xuefei,名,4,4,{},false,false,false,
1838,学院,xuéyuàn,1,学院,xueyuan,名,4,4,{},false,false,false,
1839,压,yā,1,压,ya,动,4,4,{},false,false,false,
1840,压力,yālì,1,压力,yali,名,4,4,{},false,false,false,
1841,牙膏,yágāo,1,牙膏,yagao,名,4,4,{},false,false,false,
1842,亚洲,Yàzhōu,1,亚洲,yazhou,名,4,4,{},false,false,false,
1843,烟,yān,1,烟,yan,名,4,4,{},false,false,false,
1844,盐,yán,1,盐,yan,名,4,4,{},false,false,false,
1845,严格,yángé,1,严格,yange,形、动,4,4,{},false,false,false,
1846,研究,yánjiū,1,研究,yanjiu,动,4,4,{},false,false,false,
1847,研究生,yánjiūshēng,1,研究生,yanjiusheng,名,4,4,{},false,false,false,
1848,严重,yánzhòng,1,严重,yanzhong,形,4,4,{},false,false,false,
1849,演,yǎn,1,演,yan,动,4,4,{},false,false,false,
1850,演唱,yǎnchàng,1,演唱,yanchang,动,4,4,{},false,false,false,
1851,演出,yǎnchū,1,演出,yanchu,动,4,4,{},false,false,false,
1852,眼镜,yǎnjìng,1,眼镜,yanjing,名,4,4,{},false,false,false,
1853,眼前,yǎnqián,1,眼前,yanqian,名,4,4,{},false,false,false,
1854,演员,yǎnyuán,1,演员,yanyuan,名,4,4,{},false,false,false,
1855,阳光,yángguāng,1,阳光,yangguang,名,4,4,{},false,false,false,
1856,养成,yǎngchéng,1,养成,yangcheng,动,4,4,{},false,false,false,
1857,样子,yàngzi,1,样子,yangzi,名,4,4,{},false,false,false,
1858,邀请,yāoqǐng,1,邀请,yaoqing,动,4,4,{},false,false,false,
1859,要是,yàoshi,1,要是,yaoshi,连,4,4,{},false,false,false,
1860,钥匙,yàoshi,1,钥匙,yaoshi,名,4,4,{},false,false,false,
1861,也许,yěxǔ,1,也许,yexu,副,4,4,{},false,false,false,
1862,夜,yè,1,夜,ye,名、量,4,4,{},false,false,false,
1863,夜晚,yèwǎn,1,夜晚,yewan,名,4,4,{},false,false,false,
1864,叶子,yèzi,1,叶子,yezi,名,4,4,{},false,false,false,
1865,一切,yíqiè,1,一切,yiqie,代,4,4,{},false,false,false,
1866,已,yǐ,1,已,yi,副,4,4,{},false,false,false,
1867,以内,yǐnèi,1,以内,yinei,名,4,4,{},false,false,false,
1868,意见,yìjiàn,1,意见,yijian,名,4,4,{},false,false,false,
1869,一生,yìshēng,1,一生,yisheng,名,4,4,{},false,false,false,
1870,艺术,yìshù,1,艺术,yishu,名,4,4,{},false,false,false,
1871,因此,yīncǐ,1,因此,yinci,连,4,4,{},false,false,false,
1872,引起,yǐnqǐ,1,引起,yinqi,动,4,4,{},false,false,false,
1873,印象,yìnxiàng,1,印象,yinxiang,名,4,4,{},false,false,false,
1874,赢,yíng,1,赢,ying,动,4,4,{},false,false,false,
1875,赢得,yíngdé,1,赢得,yingde,动,4,4,{},false,false,false,
1876,应聘,yìngpìn,1,应聘,yingpin,动,4,4,{},false,false,false,
1877,勇敢,yǒnggǎn,1,勇敢,yonggan,形,4,4,{},false,false,false,
1878,永远,yǒngyuǎn,1,永远,yongyuan,副、名,4,4,{},false,false,false,
1879,用来,yònglái,1,用来,yonglai,动,4,4,{},false,false,false,
1880,用于,yòngyú,1,用于,yongyu,动,4,4,{},false,false,false,
1881,优点,yōudiǎn,1,优点,youdian,名,4,4,{},false,false,false,
1882,幽默,yōumò,1,幽默,youmo,形,4,4,{},false,false,false,
1883,优秀,yōuxiù,1,优秀,youxiu,形,4,4,{},false,false,false,
1884,由,yóu,1,由,you,介,4,4,{},false,false,false,
1885,油,yóu,1,油,you,名,4,4,{},false,false,false,
1886,尤其,yóuqí,1,尤其,youqi,副,4,4,{},false,false,false,
1887,游玩,yóuwán,1,游玩,youwan,动,4,4,{},false,false,false,
1888,由于,yóuyú,1,由于,youyu,介、连,4,4,{},false,false,false,
1889,友好,yǒuhǎo,1,友好,youhao,形,4,4,{},false,false,false,
1890,友情,yǒuqíng,1,友情,youqing,名,4,4,{},false,false,false,
1891,有趣,yǒuqù,1,有趣,youqu,形,4,4,{},false,false,false,
1892,有效,yǒuxiào,1,有效,youxiao,动,4,4,{},false,false,false,
1893,友谊,yǒuyì,1,友谊,youyi,名,4,4,{},false,false,false,
1894,有着,yǒuzhe,1,有着,youzhe,动,4,4,{},false,false,false,
1895,愉快,yúkuài,1,愉快,yukuai,形,4,4,{},false,false,false,
1896,于是,yúshì,1,于是,yushi,连,4,4,{},false,false,false,
1897,与,yǔ,1,与,yu,介、连,4,4,{},false,false,false,
1898,语法,yǔfǎ,1,语法,yufa,名,4,4,{},false,false,false,
1899,预习,yùxí,1,预习,yuxi,动,4,4,{},false,false,false,
1900,原来,yuánlái,1,原来,yuanlai,名、形、副,4,4,{},false,false,false,
1901,原谅,yuánliàng,1,原谅,yuanliang,动,4,4,{},false,false,false,
1902,原因,yuányīn,1,原因,yuanyin,名,4,4,{},false,false,false,
1903,远离,yuǎnlí,1,远离,yuanli,动,4,4,{},false,false,false,
1904,院长,yuànzhǎng,1,院长,yuanzhang,名,4,4,{},false,false,false,
1905,院子,yuànzi,1,院子,yuanzi,名,4,4,{},false,false,false,
1906,约,yuē,1,约,yue,动、副,4,4,{},false,false,false,
1907,约会,yuēhuì,1,约会,yuehui,动、名,4,4,{},false,false,false,
1908,月饼,yuèbing,1,月饼,yuebing,名,4,4,{},false,false,false,
1909,阅读,yuèdú,1,阅读,yuedu,动,4,4,{},false,false,false,
1910,月份,yuèfèn,1,月份,yuefen,名,4,4,{},false,false,false,
1911,云,yún,1,云,yun,名,4,4,{},false,false,false,
1912,允许,yǔnxǔ,1,允许,yunxu,动,4,4,{},false,false,false,
1913,杂志,zázhì,1,杂志,zazhi,名,4,4,{},false,false,false,
1914,再次,zàicì,1,再次,zaici,副,4,4,{},false,false,false,
1915,再说,zàishuō,1,再说,zaishuo,动、连,4,4,{},false,false,false,
1916,暂时,zànshí,1,暂时,zanshi,形,4,4,{},false,false,false,
1917,暂停,zàntíng,1,暂停,zanting,动,4,4,{},false,false,false,
1918,早餐,zǎocān,1,早餐,zaocan,名,4,4,{},false,false,false,
1919,早晨,zǎochen,1,早晨,zaochen,名,4,4,{},false,false,false,
1920,责任,zérèn,1,责任,zeren,名,4,4,{},false,false,false,
1921,增加,zēngjiā,1,增加,zengjia,动,4,4,{},false,false,false,
1922,增长,zēngzhǎng,1,增长,zengzhang,动,4,4,{},false,false,false,
1923,招聘,zhāopìn,1,招聘,zhaopin,动,4,4,{},false,false,false,
1924,着,zháo,1,着,zhao,动,4,4,{},true,true,false,
1925,着火,zháohuǒ,1,着火,zhaohuo,动,4,4,{},false,false,false,
1926,者,zhě,1,者,zhe,助,4,4,{},false,false,false,
1927,真正,zhēnzhèng,1,真正,zhenzheng,形、副,4,4,{},false,false,false,
1928,整,zhěng,1,整,zheng,形,4,4,{},false,false,false,
1929,整个,zhěnggè,1,整个,zhengge,形,4,4,{},false,false,false,
1930,整理,zhěnglǐ,1,整理,zhengli,动,4,4,{},false,false,false,
1931,证,zhèng,1,证,zheng,名,4,4,{},false,false,false,
1932,正常,zhèngcháng,1,正常,zhengchang,形,4,4,{},false,false,false,
1933,正好,zhènghǎo,1,正好,zhenghao,形、副,4,4,{},false,false,false,
1934,证件,zhèngjiàn,1,证件,zhengjian,名,4,4,{},false,false,false,
1935,证明,zhèngmíng,1,证明,zhengming,动、名,4,4,{},false,false,false,
1936,正确,zhèngquè,1,正确,zhengque,形,4,4,{},false,false,false,
1937,正式,zhèngshì,1,正式,zhengshi,形,4,4,{},false,false,false,
1938,之,zhī,1,之1,zhi,助,4,4,{},true,false,false,
1939,支持,zhīchí,1,支持,zhichi,动,4,4,{},false,false,false,
1940,支付,zhīfù,1,支付,zhifu,动,4,4,{},false,false,false,
1941,之后,zhīhòu,1,之后,zhihou,名,4,4,{},false,false,false,
1942,之间,zhījiān,1,之间,zhijian,名,4,4,{},false,false,false,
1943,之前,zhīqián,1,之前,zhiqian,名,4,4,{},false,false,false,
1944,知识,zhīshi,1,知识,zhishi,名,4,4,{},false,false,false,
1945,之中,zhīzhōng,1,之中,zhizhong,名,4,4,{},false,false,false,
1946,值,zhí,1,值,zhi,动、形,4,4,{},false,false,false,
1947,值得,zhídé,1,值得,zhide,动,4,4,{},false,false,false,
1948,直接,zhíjiē,1,直接,zhijie,形,4,4,{},false,false,false,
1949,植物,zhíwù,1,植物,zhiwu,名,4,4,{},false,false,false,
1950,职业,zhíyè,1,职业,zhiye,名,4,4,{},false,false,false,
1951,指,zhǐ,1,指,zhi,动,4,4,{},false,false,false,
1952,指出,zhǐchū,1,指出,zhichu,动,4,4,{},false,false,false,
1953,只好,zhǐhǎo,1,只好,zhihao,副,4,4,{},false,false,false,
1954,纸巾,zhǐjīn,1,纸巾,zhijin,名,4,4,{},false,false,false,
1955,质量,zhìliàng,1,质量,zhiliang,名,4,4,{},false,false,false,
1956,至少,zhìshǎo,1,至少,zhishao,副,4,4,{},false,false,false,
1957,中餐,zhōngcān,1,中餐,zhongcan,名,4,4,{},false,false,false,
1958,中年,zhōngnián,1,中年,zhongnian,名,4,4,{},false,false,false,
1959,种,zhòng,1,种,zhong,动,4,4,{},true,true,false,
1960,重,zhòng,1,重,zhong,名、形,4,4,{},true,true,false,
1961,重点,zhòngdiǎn,1,重点,zhongdian,名、副,4,4,{},false,false,false,
1962,重视,zhòngshì,1,重视,zhongshi,动,4,4,{},false,false,false,
1963,周围,zhōuwéi,1,周围,zhouwei,名,4,4,{},false,false,false,
1964,主意,zhǔyi,1,主意,zhuyi,名,4,4,{},false,false,false,
1965,祝,zhù,1,祝,zhu,动,4,4,{},false,false,false,
1966,祝贺,zhùhè,1,祝贺,zhuhe,动,4,4,{},false,false,false,
1967,著名,zhùmíng,1,著名,zhuming,形,4,4,{},false,false,false,
1968,专门,zhuānmén,1,专门,zhuanmen,副、形,4,4,{},false,false,false,
1969,专业,zhuānyè,1,专业,zhuanye,名、形,4,4,{},false,false,false,
1970,转,zhuǎn,1,转,zhuan,动,4,4,{},true,true,false,
1971,转发,zhuǎnfā,1,转发,zhuanfa,动,4,4,{},false,false,false,
1972,转机,zhuǎnjī,1,转机1,zhuanji,动,4,4,{},true,false,false,
1973,赚,zhuàn,1,赚,zhuan,动,4,4,{},false,false,false,
1974,装,zhuāng,1,装,zhuang,动,4,4,{},false,false,false,
1975,准,zhǔn,1,准,zhun,形、（副）,4,4,{5},false,false,false,
1976,准确,zhǔnquè,1,准确,zhunque,形,4,4,{},false,false,false,
1977,准时,zhǔnshí,1,准时,zhunshi,形,4,4,{},false,false,false,
1978,资料,zīliào,1,资料,ziliao,名,4,4,{},false,false,false,
1979,仔细,zǐxì,1,仔细,zixi,形,4,4,{},false,false,false,
1980,自,zì,1,自,zi,介,4,4,{},false,false,false,
1981,自然,zìrán,1,自然,ziran,名、形、副,4,4,{},false,false,false,
1982,自习,zìxí,1,自习,zixi,动,4,4,{},false,false,false,
1983,自信,zìxìn,1,自信,zixin,动、名、形,4,4,{},false,false,false,
1984,自学,zìxué,1,自学,zixue,动,4,4,{},false,false,false,
1985,总结,zǒngjié,1,总结,zongjie,动、名,4,4,{},false,false,false,
1986,租,zū,1,租,zu,动,4,4,{},false,false,false,
1987,组,zǔ,1,组,zu,名、（动、量）,4,4,{5},false,false,false,
1988,最终,zuìzhōng,1,最终,zuizhong,名,4,4,{},false,false,false,
1989,尊重,zūnzhòng,1,尊重,zunzhong,动、形,4,4,{},false,false,false,
1990,左右,zuǒyòu,1,左右,zuoyou,名、（动）,4,4,{7},false,false,false,
1991,座,zuò,1,座,zuo,名、量,4,4,{},false,false,false,
1992,做法,zuòfǎ,1,做法,zuofa,名,4,4,{},false,false,false,
1993,作家,zuòjiā,1,作家,zuojia,名,4,4,{},false,false,false,
1994,做梦,zuòmèng,1,做梦,zuomeng,动,4,4,{},false,false,false,
1995,作品,zuòpǐn,1,作品,zuopin,名,4,4,{},false,false,false,
1996,作为,zuòwéi,1,作为1,zuowei,动、介,4,4,{},true,false,false,
1997,座位,zuòwèi,1,座位,zuowei,名,4,4,{},false,false,false,
1998,作文,zuòwén,1,作文,zuowen,动、名,4,4,{},false,false,false,
1999,作用,zuòyòng,1,作用,zuoyong,名、（动）,4,4,{6},false,false,false,
2000,作者,zuòzhě,1,作者,zuozhe,名,4,4,{},false,false,false,
2001,哎,āi,1,哎,ai,叹,5,5,{},false,false,false,
2002,哎呀,āiyā,1,哎呀,aiya,叹,5,5,{},false,false,false,
2003,唉,ài,1,唉,ai,叹,5,5,{},false,false,false,
2004,爱护,àihù,1,爱护,aihu,动,5,5,{},false,false,false,
2005,安,ān,1,安,an,形、动,5,5,{},false,false,false,
2006,安全带,ānquándài,1,安全带,anquandai,名,5,5,{},false,false,false,
2007,安慰,ānwèi,1,安慰,anwei,动、形,5,5,{},false,false,false,
2008,安装,ānzhuāng,1,安装,anzhuang,动,5,5,{},false,false,false,
2009,暗,àn,1,暗,an,形,5,5,{},false,false,false,
2010,熬夜,áoyè,1,熬夜,aoye,动,5,5,{},false,false,false,
2011,把握,bǎwò,1,把握,bawo,动、名,5,5,{},false,false,false,
2012,白,bái,1,白,bai,形、副,5,5,{},false,false,false,
2013,半夜,bànyè,1,半夜,banye,数量、名,5,5,{},false,false,false,
2014,傍晚,bàngwǎn,1,傍晚,bangwan,名,5,5,{},false,false,false,
2015,包裹,bāoguǒ,1,包裹,baoguo,动、名,5,5,{},false,false,false,
2016,包含,bāohán,1,包含,baohan,动,5,5,{},false,false,false,
2017,包括,bāokuò,1,包括,baokuo,动,5,5,{},false,false,false,
2018,包装,bāozhuāng,1,包装,baozhuang,动、名,5,5,{},false,false,false,
2019,薄,báo,1,薄,bao,形,5,5,{},false,false,false,
2020,宝,bǎo,1,宝,bao,名,5,5,{},false,false,false,
2021,保,bǎo,1,保,bao,动、名,5,5,{},false,false,false,
2022,保安,bǎo’ān,1,保安,baoan,动、名,5,5,{},false,false,false,
2023,宝贝,bǎobèi,1,宝贝,baobei,名,5,5,{},false,false,false,
2024,保持,bǎochí,1,保持,baochi,动,5,5,{},false,false,false,
2025,保存,bǎocún,1,保存,baocun,动,5,5,{},false,false,false,
2026,宝贵,bǎoguì,1,宝贵,baogui,形,5,5,{},false,false,false,
2027,保留,bǎoliú,1,保留,baoliu,动,5,5,{},false,false,false,
2028,保险,bǎoxiǎn,1,保险,baoxian,名、形,5,5,{},false,false,false,
2029,保质期,bǎozhìqī,1,保质期,baozhiqi,名,5,5,{},false,false,false,
2030,报到,bàodào,1,报到,baodao,动,5,5,{},false,false,false,
2031,报道,bàodào,1,报道,baodao,动、名,5,5,{},false,false,false,
2032,报告,bàogào,1,报告,baogao,动、名,5,5,{},false,false,false,
2033,报警,bàojǐng,1,报警,baojing,动,5,5,{},false,false,false,
2034,暴雨,bàoyǔ,1,暴雨,baoyu,名,5,5,{},false,false,false,
2035,抱怨,bàoyuàn,1,抱怨,baoyuan,动,5,5,{},false,false,false,
2036,背,bèi,1,背,bei,名、动、形,5,5,{},true,true,false,
2037,背后,bèihòu,1,背后,beihou,名,5,5,{},false,false,false,
2038,背景,bèijǐng,1,背景,beijing,名,5,5,{},false,false,false,
2039,被子,bèizi,1,被子,beizi,名,5,5,{},false,false,false,
2040,本,běn,2,本2,ben,副、代,5,5,{},true,false,false,
2041,本地,běndì,1,本地,bendi,名,5,5,{},false,false,false,
2042,本领,běnlǐng,1,本领,benling,名,5,5,{},false,false,false,
2043,本人,běnrén,1,本人,benren,代,5,5,{},false,false,false,
2044,本质,běnzhì,1,本质,benzhi,名,5,5,{},false,false,false,
2045,彼此,bǐcǐ,1,彼此,bici,代,5,5,{},false,false,false,
2046,比分,bǐfēn,1,比分,bifen,名,5,5,{},false,false,false,
2047,比例,bǐlì,1,比例,bili,名,5,5,{},false,false,false,
2048,比喻,bǐyù,1,比喻,biyu,动、名,5,5,{},false,false,false,
2049,必,bì,1,必,bi,副,5,5,{},false,false,false,
2050,毕竟,bìjìng,1,毕竟,bijing,副,5,5,{},false,false,false,
2051,避免,bìmiǎn,1,避免,bimian,动,5,5,{},false,false,false,
2052,闭幕式,bìmùshì,1,闭幕式,bimushi,名,5,5,{},false,false,false,
2053,必然,bìrán,1,必然,biran,形、名,5,5,{},false,false,false,
2054,必需,bìxū,1,必需,bixu,动,5,5,{},false,false,false,
2055,必要,bìyào,1,必要,biyao,形,5,5,{},false,false,false,
2056,便,biàn,1,便,bian,副,5,5,{},false,false,false,
2057,变动,biàndòng,1,变动,biandong,动,5,5,{},false,false,false,
2058,便利,biànlì,1,便利,bianli,形、动,5,5,{},false,false,false,
2059,便利店,biànlìdiàn,1,便利店,bianlidian,名,5,5,{},false,false,false,
2060,标题,biāotí,1,标题,biaoti,名,5,5,{},false,false,false,
2061,标志,biāozhì,1,标志,biaozhi,名、动,5,5,{},false,false,false,
2062,表达,biǎodá,1,表达,biaoda,动,5,5,{},false,false,false,
2063,表面,biǎomiàn,1,表面,biaomian,名,5,5,{},false,false,false,
2064,表明,biǎomíng,1,表明,biaoming,动,5,5,{},false,false,false,
2065,表情,biǎoqíng,1,表情,biaoqing,名,5,5,{},false,false,false,
2066,别,bié,2,别2,bie,动,5,5,{},true,false,false,
2067,饼,bǐng,1,饼,bing,名,5,5,{},false,false,false,
2068,病房,bìngfáng,1,病房,bingfang,名,5,5,{},false,false,false,
2069,病情,bìngqíng,1,病情,bingqing,名,5,5,{},false,false,false,
2070,拨打,bōdǎ,1,拨打,boda,动,5,5,{},false,false,false,
2071,玻璃,bōli,1,玻璃,boli,名,5,5,{},false,false,false,
2072,博物馆,bówùguǎn,1,博物馆,bowuguan,名,5,5,{},false,false,false,
2073,不利,búlì,1,不利,buli,形,5,5,{},false,false,false,
2074,不幸,búxìng,1,不幸,buxing,形、名,5,5,{},false,false,false,
2075,不要紧,búyàojǐn,1,不要紧,buyaojin,形,5,5,{},false,false,false,
2076,补充,bǔchōng,1,补充,buchong,动,5,5,{},false,false,false,
2077,不得了,bùdéliǎo,1,不得了,budeliao,形,5,5,{},false,false,false,
2078,不符,bùfú,1,不符,bufu,动,5,5,{},false,false,false,
2079,不良,bùliáng,1,不良,buliang,形,5,5,{},false,false,false,
2080,不然,bùrán,1,不然,buran,连、（形）,5,5,{7},false,false,false,
2081,步行,bùxíng,1,步行,buxing,动,5,5,{},false,false,false,
2082,不足,bùzú,1,不足,buzu,动、名,5,5,{},false,false,false,
2083,才,cái,2,才2,cai,名,5,5,{},true,false,false,
2084,裁判,cáipàn,1,裁判,caipan,动、名,5,5,{},false,false,false,
2085,采访,cǎifǎng,1,采访,caifang,动,5,5,{},false,false,false,
2086,采取,cǎiqǔ,1,采取,caiqu,动,5,5,{},false,false,false,
2087,彩色,cǎisè,1,彩色,caise,名,5,5,{},false,false,false,
2088,采用,cǎiyòng,1,采用,caiyong,动,5,5,{},false,false,false,
2089,参考,cānkǎo,1,参考,cankao,动,5,5,{},false,false,false,
2090,餐饮,cānyǐn,1,餐饮,canyin,名,5,5,{},false,false,false,
2091,参与,cānyù,1,参与,canyu,动,5,5,{},false,false,false,
2092,藏,cáng,1,藏,cang,动,5,5,{},false,false,false,
2093,操作,cāozuò,1,操作,caozuo,动,5,5,{},false,false,false,
2094,册,cè,1,册,ce,量,5,5,{},false,false,false,
2095,测,cè,1,测,ce,动,5,5,{},false,false,false,
2096,测试,cèshì,1,测试,ceshi,动,5,5,{},false,false,false,
2097,曾,céng,1,曾,ceng,副,5,5,{},false,false,false,
2098,曾经,céngjīng,1,曾经,cengjing,副,5,5,{},false,false,false,
2099,插,chā,1,插,cha,动,5,5,{},false,false,false,
2100,差别,chābié,1,差别,chabie,名,5,5,{},false,false,false,
2101,差距,chājù,1,差距,chaju,名,5,5,{},false,false,false,
2102,叉子,chāzi,1,叉子,chazi,名,5,5,{},false,false,false,
2103,拆,chāi,1,拆,chai,动,5,5,{},false,false,false,
2104,产,chǎn,1,产,chan,动,5,5,{},false,false,false,
2105,产量,chǎnliàng,1,产量,chanliang,名,5,5,{},false,false,false,
2106,产品,chǎnpǐn,1,产品,chanpin,名,5,5,{},false,false,false,
2107,产业,chǎnyè,1,产业,chanye,名,5,5,{},false,false,false,
2108,长处,chángchù,1,长处,changchu,名,5,5,{},false,false,false,
2109,长度,chángdù,1,长度,changdu,名,5,5,{},false,false,false,
2110,长久,chángjiǔ,1,长久,changjiu,形,5,5,{},false,false,false,
2111,长期,chángqī,1,长期,changqi,名、形,5,5,{},false,false,false,
2112,常识,chángshí,1,常识,changshi,名,5,5,{},false,false,false,
2113,尝试,chángshì,1,尝试,changshi,动,5,5,{},false,false,false,
2114,长途,chángtú,1,长途,changtu,形,5,5,{},false,false,false,
2115,长远,chángyuǎn,1,长远,changyuan,形,5,5,{},false,false,false,
2116,场所,chǎngsuǒ,1,场所,changsuo,名,5,5,{},false,false,false,
2117,超,chāo,1,超,chao,动,5,5,{},false,false,false,
2118,超出,chāochū,1,超出,chaochu,动,5,5,{},false,false,false,
2119,超级,chāojí,1,超级,chaoji,形,5,5,{},false,false,false,
2120,超速,chāosù,1,超速,chaosu,动,5,5,{},false,false,false,
2121,朝,cháo,1,朝,chao,动、介,5,5,{},false,false,false,
2122,吵,chǎo,1,吵,chao,形、动,5,5,{},false,false,false,
2123,炒,chǎo,1,炒,chao,动,5,5,{},false,false,false,
2124,车祸,chēhuò,1,车祸,chehuo,名,5,5,{},false,false,false,
2125,车库,chēkù,1,车库,cheku,名,5,5,{},false,false,false,
2126,车辆,chēliàng,1,车辆,cheliang,名,5,5,{},false,false,false,
2127,车厢,chēxiāng,1,车厢,chexiang,名,5,5,{},false,false,false,
2128,车主,chēzhǔ,1,车主,chezhu,名,5,5,{},false,false,false,
2129,彻底,chèdǐ,1,彻底,chedi,形,5,5,{},false,false,false,
2130,沉,chén,1,沉,chen,动、形,5,5,{},false,false,false,
2131,沉默,chénmò,1,沉默,chenmo,动,5,5,{},false,false,false,
2132,称,chēng,1,称1,cheng,动,5,5,{},true,false,false,
2133,称,chēng,2,称2,cheng,动,5,5,{},true,false,false,
2134,称为,chēngwéi,1,称为,chengwei,动,5,5,{},false,false,false,
2135,称赞,chēngzàn,1,称赞,chengzan,动,5,5,{},false,false,false,
2136,成本,chéngběn,1,成本,chengben,名,5,5,{},false,false,false,
2137,承担,chéngdān,1,承担,chengdan,动,5,5,{},false,false,false,
2138,程度,chéngdù,1,程度,chengdu,名,5,5,{},false,false,false,
2139,成分,chéngfèn,1,成分,chengfen,名,5,5,{},false,false,false,
2140,成果,chéngguǒ,1,成果,chengguo,名,5,5,{},false,false,false,
2141,成就,chéngjiù,1,成就,chengjiu,名、动,5,5,{},false,false,false,
2142,成立,chénglì,1,成立,chengli,动,5,5,{},false,false,false,
2143,成年,chéngnián,1,成年1,chengnian,动,5,5,{},true,false,false,
2144,城区,chéngqū,1,城区,chengqu,名,5,5,{},false,false,false,
2145,成人,chéngrén,1,成人,chengren,动、名,5,5,{},false,false,false,
2146,承认,chéngrèn,1,承认,chengren,动,5,5,{},false,false,false,
2147,承受,chéngshòu,1,承受,chengshou,动,5,5,{},false,false,false,
2148,成熟,chéngshú,1,成熟,chengshu,动、形,5,5,{},false,false,false,
2149,乘务员,chéngwùyuán,1,乘务员,chengwuyuan,名,5,5,{},false,false,false,
2150,程序,chéngxù,1,程序,chengxu,名,5,5,{},false,false,false,
2151,成员,chéngyuán,1,成员,chengyuan,名,5,5,{},false,false,false,
2152,成长,chéngzhǎng,1,成长,chengzhang,动,5,5,{},false,false,false,
2153,橙子,chéngzi,1,橙子,chengzi,名,5,5,{},false,false,false,
2154,池,chí,1,池,chi,名,5,5,{},false,false,false,
2155,持续,chíxù,1,持续,chixu,动,5,5,{},false,false,false,
2156,尺子,chǐzi,1,尺子,chizi,名,5,5,{},false,false,false,
2157,翅膀,chìbǎng,1,翅膀,chibang,名,5,5,{},false,false,false,
2158,冲,chōng,1,冲,chong,动,5,5,{},true,true,false,
2159,充电,chōngdiàn,1,充电,chongdian,动,5,5,{},false,false,false,
2160,充分,chōngfèn,1,充分,chongfen,形,5,5,{},false,false,false,
2161,充满,chōngmǎn,1,充满,chongman,动,5,5,{},false,false,false,
2162,充值,chōngzhí,1,充值,chongzhi,动,5,5,{},false,false,false,
2163,充足,chōngzú,1,充足,chongzu,形,5,5,{},false,false,false,
2164,重复,chóngfù,1,重复,chongfu,动,5,5,{},false,false,false,
2165,虫子,chóngzi,1,虫子,chongzi,名,5,5,{},false,false,false,
2166,宠物,chǒngwù,1,宠物,chongwu,名,5,5,{},false,false,false,
2167,抽,chōu,1,抽,chou,动,5,5,{},false,false,false,
2168,丑,chǒu,1,丑,chou,形,5,5,{},false,false,false,
2169,臭,chòu,1,臭,chou,形,5,5,{},false,false,false,
2170,初,chū,1,初,chu,名、副、前缀,5,5,{},false,false,false,
2171,出版,chūbǎn,1,出版,chuban,动,5,5,{},false,false,false,
2172,初级,chūjí,1,初级,chuji,形,5,5,{},false,false,false,
2173,初期,chūqī,1,初期,chuqi,名,5,5,{},false,false,false,
2174,出色,chūsè,1,出色,chuse,形,5,5,{},false,false,false,
2175,出售,chūshòu,1,出售,chushou,动,5,5,{},false,false,false,
2176,出席,chūxí,1,出席,chuxi,动,5,5,{},false,false,false,
2177,出自,chūzì,1,出自,chuzi,动,5,5,{},false,false,false,
2178,除夕,chúxī,1,除夕,chuxi,名,5,5,{},false,false,false,
2179,处,chǔ,1,处,chu,动,5,5,{},true,true,false,
2180,处理,chǔlǐ,1,处理,chuli,动,5,5,{},false,false,false,
2181,处于,chǔyú,1,处于,chuyu,动,5,5,{},false,false,false,
2182,处,chù,1,处,chu,名,5,5,{},true,true,false,
2183,传,chuán,1,传,chuan,动,5,5,{},true,true,false,
2184,传播,chuánbō,1,传播,chuanbo,动,5,5,{},false,false,false,
2185,传递,chuándì,1,传递,chuandi,动,5,5,{},false,false,false,
2186,传说,chuánshuō,1,传说,chuanshuo,动、名,5,5,{},false,false,false,
2187,传统,chuántǒng,1,传统,chuantong,名、形,5,5,{},false,false,false,
2188,窗台,chuāngtái,1,窗台,chuangtai,名,5,5,{},false,false,false,
2189,床单,chuángdān,1,床单,chuangdan,名,5,5,{},false,false,false,
2190,创新,chuàngxīn,1,创新,chuangxin,动、名,5,5,{},false,false,false,
2191,创业,chuàngyè,1,创业,chuangye,动,5,5,{},false,false,false,
2192,创造,chuàngzào,1,创造,chuangzao,动,5,5,{},false,false,false,
2193,创作,chuàngzuò,1,创作,chuangzuo,动、名,5,5,{},false,false,false,
2194,词汇,cíhuì,1,词汇,cihui,名,5,5,{},false,false,false,
2195,辞职,cízhí,1,辞职,cizhi,动,5,5,{},false,false,false,
2196,此后,cǐhòu,1,此后,cihou,名,5,5,{},false,false,false,
2197,此前,cǐqián,1,此前,ciqian,名,5,5,{},false,false,false,
2198,此时,cǐshí,1,此时,cishi,名,5,5,{},false,false,false,
2199,刺激,cìjī,1,刺激,ciji,动、名,5,5,{},false,false,false,
2200,从不,cóng bù,1,从不,congbu,,5,5,{},false,false,true,
2201,从而,cóng’ér,1,从而,conger,连,5,5,{},false,false,false,
2202,从前,cóngqián,1,从前,congqian,名,5,5,{},false,false,false,
2203,从事,cóngshì,1,从事,congshi,动,5,5,{},false,false,false,
2204,促进,cùjìn,1,促进,cujin,动,5,5,{},false,false,false,
2205,促使,cùshǐ,1,促使,cushi,动,5,5,{},false,false,false,
2206,促销,cùxiāo,1,促销,cuxiao,动,5,5,{},false,false,false,
2207,催,cuī,1,催,cui,动,5,5,{},false,false,false,
2208,存放,cúnfàng,1,存放,cunfang,动,5,5,{},false,false,false,
2209,存款,cúnkuǎn,1,存款,cunkuan,动、名,5,5,{},false,false,false,
2210,存在,cúnzài,1,存在,cunzai,动,5,5,{},false,false,false,
2211,措施,cuòshī,1,措施,cuoshi,名,5,5,{},false,false,false,
2212,达成,dáchéng,1,达成,dacheng,动,5,5,{},false,false,false,
2213,打扮,dǎban,1,打扮,daban,动,5,5,{},false,false,false,
2214,打包,dǎbāo,1,打包,dabao,动,5,5,{},false,false,false,
2215,打断,dǎduàn,1,打断,daduan,动,5,5,{},false,false,false,
2216,打破,dǎpò,1,打破,dapo,动,5,5,{},false,false,false,
2217,打听,dǎting,1,打听,dating,动,5,5,{},false,false,false,
2218,大胆,dàdǎn,1,大胆,dadan,形,5,5,{},false,false,false,
2219,大多,dàduō,1,大多,daduo,副,5,5,{},false,false,false,
2220,大会,dàhuì,1,大会,dahui,名,5,5,{},false,false,false,
2221,大力,dàlì,1,大力,dali,名、副,5,5,{},false,false,false,
2222,大妈,dàmā,1,大妈,dama,名,5,5,{},false,false,false,
2223,大米,dàmǐ,1,大米,dami,名,5,5,{},false,false,false,
2224,大脑,dànǎo,1,大脑,danao,名,5,5,{},false,false,false,
2225,大批,dàpī,1,大批,dapi,形,5,5,{},false,false,false,
2226,大厦,dàshà,1,大厦,dasha,名,5,5,{},false,false,false,
2227,大事,dàshì,1,大事,dashi,名,5,5,{},false,false,false,
2228,大象,dàxiàng,1,大象,daxiang,名,5,5,{},false,false,false,
2229,大型,dàxíng,1,大型,daxing,形,5,5,{},false,false,false,
2230,大爷,dàye,1,大爷,daye,名,5,5,{},false,false,false,
2231,大于,dàyú,1,大于,dayu,动,5,5,{},false,false,false,
2232,大众,dàzhòng,1,大众,dazhong,名,5,5,{},false,false,false,
2233,代,dài,1,代,dai,动、名,5,5,{},false,false,false,
2234,代表,dàibiǎo,1,代表,daibiao,名、动,5,5,{},false,false,false,
2235,带动,dàidòng,1,带动,daidong,动,5,5,{},false,false,false,
2236,代替,dàitì,1,代替,daiti,动,5,5,{},false,false,false,
2237,待遇,dàiyù,1,待遇,daiyu,名,5,5,{},false,false,false,
2238,单,dān,1,单,dan,形、副、名、量,5,5,{},false,false,false,
2239,单独,dāndú,1,单独,dandu,副,5,5,{},false,false,false,
2240,担任,dānrèn,1,担任,danren,动,5,5,{},false,false,false,
2241,单一,dānyī,1,单一,danyi,形,5,5,{},false,false,false,
2242,单元,dānyuán,1,单元,danyuan,名,5,5,{},false,false,false,
2243,胆小,dǎnxiǎo,1,胆小,danxiao,形,5,5,{},false,false,false,
2244,淡,dàn,1,淡,dan,形,5,5,{},false,false,false,
2245,当地,dāngdì,1,当地,dangdi,名,5,5,{},false,false,false,
2246,当年,dāngnián,1,当年,dangnian,名,5,5,{},false,false,false,
2247,当前,dāngqián,1,当前,dangqian,动、名,5,5,{},false,false,false,
2248,当中,dāngzhōng,1,当中,dangzhong,名,5,5,{},false,false,false,
2249,挡,dǎng,1,挡,dang,动,5,5,{},false,false,false,
2250,当,dàng,1,当,dang,动,5,5,{},true,true,false,
2251,当成,dàngchéng,1,当成,dangcheng,动,5,5,{},false,false,false,
2252,当作,dàngzuò,1,当作,dangzuo,动,5,5,{},false,false,false,
2253,倒,dǎo,1,倒,dao,动,5,5,{},true,true,false,
2254,导演,dǎoyǎn,1,导演,daoyan,动、名,5,5,{},false,false,false,
2255,导致,dǎozhì,1,导致,daozhi,动,5,5,{},false,false,false,
2256,到达,dàodá,1,到达,daoda,动,5,5,{},false,false,false,
2257,道理,dàolǐ,1,道理,daoli,名,5,5,{},false,false,false,
2258,到期,dàoqī,1,到期,daoqi,动,5,5,{},false,false,false,
2259,登,dēng,1,登,deng,动,5,5,{},false,false,false,
2260,灯光,dēngguāng,1,灯光,dengguang,名,5,5,{},false,false,false,
2261,登记,dēngjì,1,登记,dengji,动,5,5,{},false,false,false,
2262,登录,dēnglù,1,登录,denglu,动,5,5,{},false,false,false,
2263,等待,děngdài,1,等待,dengdai,动,5,5,{},false,false,false,
2264,等候,děnghòu,1,等候,denghou,动,5,5,{},false,false,false,
2265,等于,děngyú,1,等于,dengyu,动,5,5,{},false,false,false,
2266,低头,dītóu,1,低头,ditou,动,5,5,{},false,false,false,
2267,的确,díquè,1,的确,dique,副,5,5,{},false,false,false,
2268,敌人,dírén,1,敌人,diren,名,5,5,{},false,false,false,
2269,递,dì,1,递,di,动,5,5,{},false,false,false,
2270,地理,dìlǐ,1,地理,dili,名,5,5,{},false,false,false,
2271,地面,dìmiàn,1,地面,dimian,名,5,5,{},false,false,false,
2272,地区,dìqū,1,地区,diqu,名,5,5,{},false,false,false,
2273,地位,dìwèi,1,地位,diwei,名,5,5,{},false,false,false,
2274,地下,dìxià,1,地下,dixia,名、形,5,5,{},false,false,false,
2275,地震,dìzhèn,1,地震,dizhen,动,5,5,{},false,false,false,
2276,点心,diǎnxin,1,点心,dianxin,名,5,5,{},false,false,false,
2277,点赞,diǎnzàn,1,点赞,dianzan,动,5,5,{},false,false,false,
2278,电池,diànchí,1,电池,dianchi,名,5,5,{},false,false,false,
2279,电动,diàndòng,1,电动,diandong,形,5,5,{},false,false,false,
2280,电器,diànqì,1,电器,dianqi,名,5,5,{},false,false,false,
2281,电商,diànshāng,1,电商,dianshang,名,5,5,{},false,false,false,
2282,电视台,diànshìtái,1,电视台,dianshitai,名,5,5,{},false,false,false,
2283,电子版,diànzǐbǎn,1,电子版,dianziban,名,5,5,{},false,false,false,
2284,调,diào,1,调1,diao,动,5,5,{},true,true,false,
2285,调研,diàoyán,1,调研,diaoyan,动,5,5,{},false,false,false,
2286,定期,dìngqī,1,定期,dingqi,动、形,5,5,{},false,false,false,
2287,丢失,diūshī,1,丢失,diushi,动,5,5,{},false,false,false,
2288,冻,dòng,1,冻,dong,动,5,5,{},false,false,false,
2289,洞,dòng,1,洞,dong,名,5,5,{},false,false,false,
2290,动画,dònghuà,1,动画,donghua,名,5,5,{},false,false,false,
2291,动人,dòngrén,1,动人,dongren,形,5,5,{},false,false,false,
2292,动手,dòngshǒu,1,动手,dongshou,动,5,5,{},false,false,false,
2293,豆腐,dòufu,1,豆腐,doufu,名,5,5,{},false,false,false,
2294,豆浆,dòujiāng,1,豆浆,doujiang,名,5,5,{},false,false,false,
2295,独立,dúlì,1,独立,duli,动、形,5,5,{},false,false,false,
2296,独特,dútè,1,独特,dute,形,5,5,{},false,false,false,
2297,读音,dúyīn,1,读音,duyin,名,5,5,{},false,false,false,
2298,独自,dúzì,1,独自,duzi,副,5,5,{},false,false,false,
2299,堵,dǔ,1,堵,du,动、形、量,5,5,{},false,false,false,
2300,度,dù,1,度,du,量、名、动、后缀,5,5,{},false,false,false,
2301,短处,duǎnchù,1,短处,duanchu,名,5,5,{},false,false,false,
2302,短期,duǎnqī,1,短期,duanqi,名、形,5,5,{},false,false,false,
2303,断,duàn,1,断,duan,动,5,5,{},false,false,false,
2304,堆,duī,1,堆,dui,动、名、量,5,5,{},false,false,false,
2305,对比,duìbǐ,1,对比,duibi,动、名,5,5,{},false,false,false,
2306,对待,duìdài,1,对待,duidai,动,5,5,{},false,false,false,
2307,对手,duìshǒu,1,对手,duishou,名,5,5,{},false,false,false,
2308,队伍,duìwu,1,队伍,duiwu,名,5,5,{},false,false,false,
2309,对象,duìxiàng,1,对象,duixiang,名,5,5,{},false,false,false,
2310,吨,dūn,1,吨,dun,量,5,5,{},false,false,false,
2311,朵,duǒ,1,朵,duo,量,5,5,{},false,false,false,
2312,躲,duǒ,1,躲,duo,动,5,5,{},false,false,false,
2313,儿女,érnǚ,1,儿女,ernu,名,5,5,{},false,false,false,
2314,二手,èrshǒu,1,二手,ershou,形,5,5,{},false,false,false,
2315,二维码,èrwéimǎ,1,二维码,erweima,名,5,5,{},false,false,false,
2316,发表,fābiǎo,1,发表,fabiao,动,5,5,{},false,false,false,
2317,发布,fābù,1,发布,fabu,动,5,5,{},false,false,false,
2318,发达,fādá,1,发达,fada,形、动,5,5,{},false,false,false,
2319,发挥,fāhuī,1,发挥,fahui,动,5,5,{},false,false,false,
2320,发明,fāmíng,1,发明,faming,动、名,5,5,{},false,false,false,
2321,发起,fāqǐ,1,发起,faqi,动,5,5,{},false,false,false,
2322,发言,fāyán,1,发言,fayan,动、名,5,5,{},false,false,false,
2323,发音,fāyīn,1,发音,fayin,动、名,5,5,{},false,false,false,
2324,罚,fá,1,罚,fa,动,5,5,{},false,false,false,
2325,罚款,fákuǎn,1,罚款,fakuan,动、名,5,5,{},false,false,false,
2326,法院,fǎyuàn,1,法院,fayuan,名,5,5,{},false,false,false,
2327,翻,fān,1,翻,fan,动,5,5,{},false,false,false,
2328,番茄,fānqié,1,番茄,fanqie,名,5,5,{},false,false,false,
2329,繁荣,fánróng,1,繁荣,fanrong,形、动,5,5,{},false,false,false,
2330,反,fǎn,1,反,fan,形、动、副,5,5,{},false,false,false,
2331,反而,fǎn’ér,1,反而,faner,副,5,5,{},false,false,false,
2332,反复,fǎnfù,1,反复,fanfu,副、动、名,5,5,{},false,false,false,
2333,返回,fǎnhuí,1,返回,fanhui,动,5,5,{},false,false,false,
2334,反应,fǎnyìng,1,反应,fanying,动、名,5,5,{},false,false,false,
2335,反映,fǎnyìng,1,反映,fanying,动,5,5,{},false,false,false,
2336,反正,fǎnzhèng,1,反正,fanzheng,副,5,5,{},false,false,false,
2337,范围,fànwéi,1,范围,fanwei,名,5,5,{},false,false,false,
2338,方,fāng,1,方,fang,形、名,5,5,{},false,false,false,
2339,方案,fāng’àn,1,方案,fangan,名,5,5,{},false,false,false,
2340,防,fáng,1,防,fang,动,5,5,{},false,false,false,
2341,房屋,fángwū,1,房屋,fangwu,名,5,5,{},false,false,false,
2342,防止,fángzhǐ,1,防止,fangzhi,动,5,5,{},false,false,false,
2343,仿佛,fǎngfú,1,仿佛,fangfu,副,5,5,{},false,false,false,
2344,访问,fǎngwèn,1,访问,fangwen,动,5,5,{},false,false,false,
2345,飞行,fēixíng,1,飞行,feixing,动,5,5,{},false,false,false,
2346,飞行员,fēixíngyuán,1,飞行员,feixingyuan,名,5,5,{},false,false,false,
2347,非洲,Fēizhōu,1,非洲,feizhou,名,5,5,{},false,false,false,
2348,分别,fēnbié,1,分别,fenbie,动、副、名,5,5,{},false,false,false,
2349,分布,fēnbù,1,分布,fenbu,动,5,5,{},false,false,false,
2350,纷纷,fēnfēn,1,纷纷,fenfen,形、副,5,5,{},false,false,false,
2351,分类,fēnlèi,1,分类,fenlei,动,5,5,{},false,false,false,
2352,分离,fēnlí,1,分离,fenli,动,5,5,{},false,false,false,
2353,分配,fēnpèi,1,分配,fenpei,动,5,5,{},false,false,false,
2354,分手,fēnshǒu,1,分手,fenshou,动,5,5,{},false,false,false,
2355,分析,fēnxī,1,分析,fenxi,动,5,5,{},false,false,false,
2356,分享,fēnxiǎng,1,分享,fenxiang,动,5,5,{},false,false,false,
2357,奋斗,fèndòu,1,奋斗,fendou,动,5,5,{},false,false,false,
2358,丰富多彩,fēngfù-duōcǎi,1,丰富多彩,fengfuduocai,,5,5,{},false,false,true,
2359,风格,fēnggé,1,风格,fengge,名,5,5,{},false,false,false,
2360,疯狂,fēngkuáng,1,疯狂,fengkuang,形,5,5,{},false,false,false,
2361,风俗,fēngsú,1,风俗,fengsu,名,5,5,{},false,false,false,
2362,风险,fēngxiǎn,1,风险,fengxian,名,5,5,{},false,false,false,
2363,否定,fǒudìng,1,否定,fouding,动、形,5,5,{},false,false,false,
2364,否认,fǒurèn,1,否认,fouren,动,5,5,{},false,false,false,
2365,夫妇,fūfù,1,夫妇,fufu,名,5,5,{},false,false,false,
2366,扶,fú,1,扶,fu,动,5,5,{},false,false,false,
2367,福,fú,1,福,fu,名,5,5,{},false,false,false,
2368,服装,fúzhuāng,1,服装,fuzhuang,名,5,5,{},false,false,false,
2369,副,fù,1,副1,fu,量,5,5,{},true,false,false,
2370,富,fù,1,富,fu,形,5,5,{},false,false,false,
2371,付出,fùchū,1,付出,fuchu,动,5,5,{},false,false,false,
2372,负担,fùdān,1,负担,fudan,动、名,5,5,{},false,false,false,
2373,妇女,fùnǚ,1,妇女,funu,名,5,5,{},false,false,false,
2374,富有,fùyǒu,1,富有,fuyou,形、动,5,5,{},false,false,false,
2375,复制,fùzhì,1,复制,fuzhi,动,5,5,{},false,false,false,
2376,改革,gǎigé,1,改革,gaige,动,5,5,{},false,false,false,
2377,改进,gǎijìn,1,改进,gaijin,动,5,5,{},false,false,false,
2378,改善,gǎishàn,1,改善,gaishan,动,5,5,{},false,false,false,
2379,改天,gǎitiān,1,改天,gaitian,副,5,5,{},false,false,false,
2380,改正,gǎizhèng,1,改正,gaizheng,动,5,5,{},false,false,false,
2381,盖,gài,1,盖,gai,名、动,5,5,{},false,false,false,
2382,概括,gàikuò,1,概括,gaikuo,动、形,5,5,{},false,false,false,
2383,概念,gàiniàn,1,概念,gainian,名,5,5,{},false,false,false,
2384,敢于,gǎnyú,1,敢于,ganyu,动,5,5,{},false,false,false,
2385,刚好,gānghǎo,1,刚好,ganghao,形、副,5,5,{},false,false,false,
2386,高大,gāodà,1,高大,gaoda,形,5,5,{},false,false,false,
2387,高档,gāodàng,1,高档,gaodang,形,5,5,{},false,false,false,
2388,高度,gāodù,1,高度,gaodu,名、形,5,5,{},false,false,false,
2389,高级,gāojí,1,高级,gaoji,形,5,5,{},false,false,false,
2390,高科技,gāokējì,1,高科技,gaokeji,名,5,5,{},false,false,false,
2391,高效,gāoxiào,1,高效,gaoxiao,形,5,5,{},false,false,false,
2392,搞,gǎo,1,搞,gao,动,5,5,{},false,false,false,
2393,告别,gàobié,1,告别,gaobie,动,5,5,{},false,false,false,
2394,歌词,gēcí,1,歌词,geci,名,5,5,{},false,false,false,
2395,歌曲,gēqǔ,1,歌曲,gequ,名,5,5,{},false,false,false,
2396,隔,gé,1,隔,ge,动,5,5,{},false,false,false,
2397,格外,géwài,1,格外,gewai,副,5,5,{},false,false,false,
2398,个别,gèbié,1,个别,gebie,副、形,5,5,{},false,false,false,
2399,各行各业,gèháng-gèyè,1,各行各业,gehanggeye,,5,5,{},false,false,true,
2400,个人,gèrén,1,个人,geren,名,5,5,{},false,false,false,
2401,个性,gèxìng,1,个性,gexing,名,5,5,{},false,false,false,
2402,各自,gèzì,1,各自,gezi,代,5,5,{},false,false,false,
2403,根,gēn,1,根,gen,名、量,5,5,{},false,false,false,
2404,根本,gēnběn,1,根本,genben,名、形、副,5,5,{},false,false,false,
2405,更换,gēnghuàn,1,更换,genghuan,动,5,5,{},false,false,false,
2406,更新,gēngxīn,1,更新,gengxin,动,5,5,{},false,false,false,
2407,公布,gōngbù,1,公布,gongbu,动,5,5,{},false,false,false,
2408,工程,gōngchéng,1,工程,gongcheng,名,5,5,{},false,false,false,
2409,工程师,gōngchéngshī,1,工程师,gongchengshi,名,5,5,{},false,false,false,
2410,工具,gōngjù,1,工具,gongju,名,5,5,{},false,false,false,
2411,功能,gōngnéng,1,功能,gongneng,名,5,5,{},false,false,false,
2412,公平,gōngpíng,1,公平,gongping,形,5,5,{},false,false,false,
2413,公务员,gōngwùyuán,1,公务员,gongwuyuan,名,5,5,{},false,false,false,
2414,恭喜,gōngxǐ,1,恭喜,gongxi,动,5,5,{},false,false,false,
2415,工业,gōngyè,1,工业,gongye,名,5,5,{},false,false,false,
2416,工艺,gōngyì,1,工艺,gongyi,名,5,5,{},false,false,false,
2417,公寓,gōngyù,1,公寓,gongyu,名,5,5,{},false,false,false,
2418,贡献,gòngxiàn,1,贡献,gongxian,动、名,5,5,{},false,false,false,
2419,共享,gòngxiǎng,1,共享,gongxiang,动,5,5,{},false,false,false,
2420,沟通,gōutōng,1,沟通,goutong,动,5,5,{},false,false,false,
2421,构成,gòuchéng,1,构成,goucheng,动、名,5,5,{},false,false,false,
2422,古,gǔ,1,古,gu,形,5,5,{},false,false,false,
2423,鼓,gǔ,1,鼓,gu,名、动、形,5,5,{},false,false,false,
2424,古代,gǔdài,1,古代,gudai,名,5,5,{},false,false,false,
2425,古老,gǔlǎo,1,古老,gulao,形,5,5,{},false,false,false,
2426,鼓掌,gǔzhǎng,1,鼓掌,guzhang,动,5,5,{},false,false,false,
2427,固定,gùdìng,1,固定,guding,动,5,5,{},false,false,false,
2428,故乡,gùxiāng,1,故乡,guxiang,名,5,5,{},false,false,false,
2429,挂号,guàhào,1,挂号,guahao,动,5,5,{},false,false,false,
2430,怪,guài,1,怪,guai,形、动、副,5,5,{},false,false,false,
2431,关闭,guānbì,1,关闭,guanbi,动,5,5,{},false,false,false,
2432,观察,guānchá,1,观察,guancha,动,5,5,{},false,false,false,
2433,观点,guāndiǎn,1,观点,guandian,名,5,5,{},false,false,false,
2434,观念,guānniàn,1,观念,guannian,名,5,5,{},false,false,false,
2435,冠军,guànjūn,1,冠军,guanjun,名,5,5,{},false,false,false,
2436,光临,guānglín,1,光临,guanglin,动,5,5,{},false,false,false,
2437,光明,guāngmíng,1,光明,guangming,名、形,5,5,{},false,false,false,
2438,光线,guāngxiàn,1,光线,guangxian,名,5,5,{},false,false,false,
2439,广,guǎng,1,广,guang,形,5,5,{},false,false,false,
2440,广场,guǎngchǎng,1,广场,guangchang,名,5,5,{},false,false,false,
2441,广大,guǎngdà,1,广大,guangda,形,5,5,{},false,false,false,
2442,广泛,guǎngfàn,1,广泛,guangfan,形,5,5,{},false,false,false,
2443,规律,guīlǜ,1,规律,guilu,名、形,5,5,{},false,false,false,
2444,规模,guīmó,1,规模,guimo,名,5,5,{},false,false,false,
2445,规则,guīzé,1,规则,guize,名、形,5,5,{},false,false,false,
2446,贵姓,guìxìng,1,贵姓,guixing,名,5,5,{},false,false,false,
2447,柜子,guìzi,1,柜子,guizi,名,5,5,{},false,false,false,
2448,滚,gǔn,1,滚,gun,动,5,5,{},false,false,false,
2449,锅,guō,1,锅,guo,名,5,5,{},false,false,false,
2450,国画,guóhuà,1,国画,guohua,名,5,5,{},false,false,false,
2451,国庆,guóqìng,1,国庆,guoqing,名,5,5,{},false,false,false,
2452,果然,guǒrán,1,果然,guoran,副,5,5,{},false,false,false,
2453,果实,guǒshí,1,果实,guoshi,名,5,5,{},false,false,false,
2454,过度,guòdù,1,过度,guodu,形,5,5,{},false,false,false,
2455,过分,guòfèn,1,过分,guofen,形,5,5,{},false,false,false,
2456,过敏,guòmǐn,1,过敏,guomin,动,5,5,{},false,false,false,
2457,过期,guòqī,1,过期,guoqi,动,5,5,{},false,false,false,
2458,过于,guòyú,1,过于,guoyu,副,5,5,{},false,false,false,
2459,哈,hā,1,哈,ha,拟声、叹,5,5,{},false,false,false,
2460,海关,hǎiguān,1,海关,haiguan,名,5,5,{},false,false,false,
2461,海外,hǎiwài,1,海外,haiwai,名,5,5,{},false,false,false,
2462,海鲜,hǎixiān,1,海鲜,haixian,名,5,5,{},false,false,false,
2463,含,hán,1,含,han,动,5,5,{},false,false,false,
2464,含量,hánliàng,1,含量,hanliang,名,5,5,{},false,false,false,
2465,含有,hányǒu,1,含有,hanyou,动,5,5,{},false,false,false,
2466,汗水,hànshuǐ,1,汗水,hanshui,名,5,5,{},false,false,false,
2467,行,háng,1,行,hang,名、量,5,5,{},true,true,false,
2468,行业,hángyè,1,行业,hangye,名,5,5,{},false,false,false,
2469,好评,hǎopíng,1,好评,haoping,名,5,5,{},false,false,false,
2470,好运,hǎoyùn,1,好运,haoyun,名,5,5,{},false,false,false,
2471,好转,hǎozhuǎn,1,好转,haozhuan,动,5,5,{},false,false,false,
2472,好,hào,1,好,hao,动,5,5,{},true,true,false,
2473,好奇,hàoqí,1,好奇,haoqi,形,5,5,{},false,false,false,
2474,合,hé,1,合,he,动,5,5,{},false,false,false,
2475,合法,héfǎ,1,合法,hefa,形,5,5,{},false,false,false,
2476,盒饭,héfàn,1,盒饭,hefan,名,5,5,{},false,false,false,
2477,合理,hélǐ,1,合理,heli,形,5,5,{},false,false,false,
2478,河流,héliú,1,河流,heliu,名,5,5,{},false,false,false,
2479,合同,hétóng,1,合同,hetong,名,5,5,{},false,false,false,
2480,合影,héyǐng,1,合影,heying,动、名,5,5,{},false,false,false,
2481,合作,hézuò,1,合作,hezuo,动,5,5,{},false,false,false,
2482,黑,hēi,1,黑,hei,形,5,5,{},false,false,false,
2483,红,hóng,1,红,hong,形,5,5,{},false,false,false,
2484,猴子,hóuzi,1,猴子,houzi,名,5,5,{},false,false,false,
2485,厚度,hòudù,1,厚度,houdu,名,5,5,{},false,false,false,
2486,后果,hòuguǒ,1,后果,houguo,名,5,5,{},false,false,false,
2487,忽视,hūshì,1,忽视,hushi,动,5,5,{},false,false,false,
2488,呼吸,hūxī,1,呼吸,huxi,动,5,5,{},false,false,false,
2489,湖,hú,1,湖,hu,名,5,5,{},false,false,false,
2490,蝴蝶,húdié,1,蝴蝶,hudie,名,5,5,{},false,false,false,
2491,胡同,hútòng,1,胡同,hutong,名,5,5,{},false,false,false,
2492,互动,hùdòng,1,互动,hudong,动,5,5,{},false,false,false,
2493,户外,hùwài,1,户外,huwai,名,5,5,{},false,false,false,
2494,花费,huāfèi,1,花费,huafei,动,5,5,{},false,false,false,
2495,滑,huá,1,滑,hua,形、动,5,5,{},false,false,false,
2496,划,huá,1,划,hua,动,5,5,{},true,true,false,
2497,化,huà,1,化,hua,后缀、（动）,5,5,{6},false,false,false,
2498,话费,huàfèi,1,话费,huafei,名,5,5,{},false,false,false,
2499,画面,huàmiàn,1,画面,huamian,名,5,5,{},false,false,false,
2500,话题,huàtí,1,话题,huati,名,5,5,{},false,false,false,
2501,化学,huàxué,1,化学,huaxue,名,5,5,{},false,false,false,
2502,环节,huánjié,1,环节,huanjie,名,5,5,{},false,false,false,
2503,缓解,huǎnjiě,1,缓解,huanjie,动,5,5,{},false,false,false,
2504,缓慢,huǎnmàn,1,缓慢,huanman,形,5,5,{},false,false,false,
2505,黄瓜,huángguā,1,黄瓜,huanggua,名,5,5,{},false,false,false,
2506,黄金,huángjīn,1,黄金,huangjin,名,5,5,{},false,false,false,
2507,灰,huī,1,灰,hui,名、形,5,5,{},false,false,false,
2508,挥,huī,1,挥,hui,动,5,5,{},false,false,false,
2509,恢复,huīfù,1,恢复,huifu,动,5,5,{},false,false,false,
2510,灰色,huīsè,1,灰色,huise,名、形,5,5,{},false,false,false,
2511,回收,huíshōu,1,回收,huishou,动,5,5,{},false,false,false,
2512,汇率,huìlǜ,1,汇率,huilu,名,5,5,{},false,false,false,
2513,婚礼,hūnlǐ,1,婚礼,hunli,名,5,5,{},false,false,false,
2514,伙,huǒ,1,伙,huo,量,5,5,{},false,false,false,
2515,伙伴,huǒbàn,1,伙伴,huoban,名,5,5,{},false,false,false,
2516,火锅,huǒguō,1,火锅,huoguo,名,5,5,{},false,false,false,
2517,或是,huòshì,1,或是,huoshi,副、连,5,5,{},false,false,false,
2518,货物,huòwù,1,货物,huowu,名,5,5,{},false,false,false,
2519,或许,huòxǔ,1,或许,huoxu,副,5,5,{},false,false,false,
2520,机构,jīgòu,1,机构,jigou,名,5,5,{},false,false,false,
2521,激烈,jīliè,1,激烈,jilie,形,5,5,{},false,false,false,
2522,机器,jīqì,1,机器,jiqi,名,5,5,{},false,false,false,
2523,机器人,jīqìrén,1,机器人,jiqiren,名,5,5,{},false,false,false,
2524,肌肉,jīròu,1,肌肉,jirou,名,5,5,{},false,false,false,
2525,及,jí,1,及,ji,连,5,5,{},false,false,false,
2526,级,jí,1,级,ji,名、量,5,5,{},false,false,false,
2527,集,jí,1,集,ji,名、量,5,5,{},false,false,false,
2528,疾病,jíbìng,1,疾病,jibing,名,5,5,{},false,false,false,
2529,及格,jígé,1,及格,jige,动,5,5,{},false,false,false,
2530,集合,jíhé,1,集合,jihe,动,5,5,{},false,false,false,
2531,即将,jíjiāng,1,即将,jijiang,副,5,5,{},false,false,false,
2532,急忙,jímáng,1,急忙,jimang,副,5,5,{},false,false,false,
2533,极其,jíqí,1,极其,jiqi,副,5,5,{},false,false,false,
2534,集体,jítǐ,1,集体,jiti,名,5,5,{},false,false,false,
2535,急需,jíxū,1,急需,jixu,动,5,5,{},false,false,false,
2536,急诊,jízhěn,1,急诊,jizhen,动、名,5,5,{},false,false,false,
2537,集中,jízhōng,1,集中,jizhong,动、形,5,5,{},false,false,false,
2538,挤,jǐ,1,挤,ji,动、形,5,5,{},false,false,false,
2539,系,jì,1,系,ji,动,5,5,{},true,true,false,
2540,季度,jìdù,1,季度,jidu,名,5,5,{},false,false,false,
2541,记录,jìlù,1,记录,jilu,动、名,5,5,{},false,false,false,
2542,纪录,jìlù,1,纪录,jilu,名,5,5,{},false,false,false,
2543,纪录片,jìlùpiàn,1,纪录片,jilupian,名,5,5,{},false,false,false,
2544,技能,jìnéng,1,技能,jineng,名,5,5,{},false,false,false,
2545,纪念,jìniàn,1,纪念,jinian,动、名,5,5,{},false,false,false,
2546,纪念日,jìniànrì,1,纪念日,jinianri,名,5,5,{},false,false,false,
2547,计算,jìsuàn,1,计算,jisuan,动,5,5,{},false,false,false,
2548,计算机,jìsuànjī,1,计算机,jisuanji,名,5,5,{},false,false,false,
2549,记忆,jìyì,1,记忆,jiyi,动、名,5,5,{},false,false,false,
2550,记载,jìzǎi,1,记载,jizai,动,5,5,{},false,false,false,
2551,嘉宾,jiābīn,1,嘉宾,jiabin,名,5,5,{},false,false,false,
2552,家电,jiādiàn,1,家电,jiadian,名,5,5,{},false,false,false,
2553,加工,jiāgōng,1,加工,jiagong,动,5,5,{},false,false,false,
2554,加热,jiārè,1,加热,jiare,动,5,5,{},false,false,false,
2555,加深,jiāshēn,1,加深,jiashen,动,5,5,{},false,false,false,
2556,加速,jiāsù,1,加速,jiasu,动,5,5,{},false,false,false,
2557,家务,jiāwù,1,家务,jiawu,名,5,5,{},false,false,false,
2558,甲,jiǎ,1,甲,jia,名,5,5,{},false,false,false,
2559,假如,jiǎrú,1,假如,jiaru,连,5,5,{},false,false,false,
2560,架,jià,1,架,jia,名、动、量,5,5,{},false,false,false,
2561,驾驶,jiàshǐ,1,驾驶,jiashi,动,5,5,{},false,false,false,
2562,驾照,jiàzhào,1,驾照,jiazhao,名,5,5,{},false,false,false,
2563,价值,jiàzhí,1,价值,jiazhi,名,5,5,{},false,false,false,
2564,艰苦,jiānkǔ,1,艰苦,jianku,形,5,5,{},false,false,false,
2565,坚强,jiānqiáng,1,坚强,jianqiang,形,5,5,{},false,false,false,
2566,捡,jiǎn,1,捡,jian,动,5,5,{},false,false,false,
2567,剪,jiǎn,1,剪,jian,动,5,5,{},false,false,false,
2568,剪刀,jiǎndāo,1,剪刀,jiandao,名,5,5,{},false,false,false,
2569,减肥,jiǎnféi,1,减肥,jianfei,动,5,5,{},false,false,false,
2570,简历,jiǎnlì,1,简历,jianli,名,5,5,{},false,false,false,
2571,简直,jiǎnzhí,1,简直,jianzhi,副,5,5,{},false,false,false,
2572,建,jiàn,1,建,jian,动,5,5,{},false,false,false,
2573,键,jiàn,1,键,jian,名,5,5,{},false,false,false,
2574,渐渐,jiànjiàn,1,渐渐,jianjian,副,5,5,{},false,false,false,
2575,建立,jiànlì,1,建立,jianli,动,5,5,{},false,false,false,
2576,键盘,jiànpán,1,键盘,jianpan,名,5,5,{},false,false,false,
2577,建设,jiànshè,1,建设,jianshe,动,5,5,{},false,false,false,
2578,建造,jiànzào,1,建造,jianzao,动,5,5,{},false,false,false,
2579,建筑,jiànzhù,1,建筑,jianzhu,动、名,5,5,{},false,false,false,
2580,将近,jiāngjìn,1,将近,jiangjin,副,5,5,{},false,false,false,
2581,讲话,jiǎnghuà,1,讲话,jianghua,名,5,5,{},false,false,false,
2582,讲究,jiǎngjiu,1,讲究,jiangjiu,动、形,5,5,{},false,false,false,
2583,奖励,jiǎnglì,1,奖励,jiangli,动,5,5,{},false,false,false,
2584,讲述,jiǎngshù,1,讲述,jiangshu,动,5,5,{},false,false,false,
2585,讲座,jiǎngzuò,1,讲座,jiangzuo,名,5,5,{},false,false,false,
2586,降水,jiàngshuǐ,1,降水,jiangshui,动,5,5,{},false,false,false,
2587,浇,jiāo,1,浇,jiao,动,5,5,{},false,false,false,
2588,交换,jiāohuàn,1,交换,jiaohuan,动,5,5,{},false,false,false,
2589,交往,jiāowǎng,1,交往,jiaowang,动,5,5,{},false,false,false,
2590,交易,jiāoyì,1,交易,jiaoyi,动、名,5,5,{},false,false,false,
2591,脚步,jiǎobù,1,脚步,jiaobu,名,5,5,{},false,false,false,
2592,角度,jiǎodù,1,角度,jiaodu,名,5,5,{},false,false,false,
2593,较,jiào,1,较,jiao,介、副,5,5,{},false,false,false,
2594,教材,jiàocái,1,教材,jiaocai,名,5,5,{},false,false,false,
2595,接触,jiēchù,1,接触,jiechu,动,5,5,{},false,false,false,
2596,接待,jiēdài,1,接待,jiedai,动,5,5,{},false,false,false,
2597,阶段,jiēduàn,1,阶段,jieduan,名,5,5,{},false,false,false,
2598,接近,jiējìn,1,接近,jiejin,动,5,5,{},false,false,false,
2599,接收,jiēshōu,1,接收,jieshou,动,5,5,{},false,false,false,
2600,结,jié,1,结,jie,动、名,5,5,{},true,true,false,
2601,结构,jiégòu,1,结构,jiegou,名,5,5,{},false,false,false,
2602,结合,jiéhé,1,结合,jiehe,动,5,5,{},false,false,false,
2603,结论,jiélùn,1,结论,jielun,名,5,5,{},false,false,false,
2604,节省,jiéshěng,1,节省,jiesheng,动,5,5,{},false,false,false,
2605,届,jiè,1,届,jie,量,5,5,{},false,false,false,
2606,今日,jīnrì,1,今日,jinri,名,5,5,{},false,false,false,
2607,紧,jǐn,1,紧,jin,形、动,5,5,{},false,false,false,
2608,紧急,jǐnjí,1,紧急,jinji,形,5,5,{},false,false,false,
2609,尽快,jǐnkuài,1,尽快,jinkuai,副,5,5,{},false,false,false,
2610,尽量,jǐnliàng,1,尽量,jinliang,副,5,5,{},false,false,false,
2611,紧密,jǐnmì,1,紧密,jinmi,形,5,5,{},false,false,false,
2612,谨慎,jǐnshèn,1,谨慎,jinshen,形,5,5,{},false,false,false,
2613,进步,jìnbù,1,进步,jinbu,动、形,5,5,{},false,false,false,
2614,近代,jìndài,1,近代,jindai,名,5,5,{},false,false,false,
2615,进口,jìnkǒu,1,进口,jinkou,动,5,5,{},false,false,false,
2616,尽力,jìnlì,1,尽力,jinli,动,5,5,{},false,false,false,
2617,近年来,jìnnián lái,1,近年来,jinnianlai,,5,5,{},false,false,true,
2618,近期,jìnqī,1,近期,jinqi,名,5,5,{},false,false,false,
2619,近日,jìnrì,1,近日,jinri,名,5,5,{},false,false,false,
2620,进一步,jìnyíbù,1,进一步,jinyibu,副,5,5,{},false,false,false,
2621,经典,jīngdiǎn,1,经典,jingdian,名、形,5,5,{},false,false,false,
2622,精力,jīnglì,1,精力,jingli,名,5,5,{},false,false,false,
2623,精神,jīngshen,1,精神,jingshen,名、形,5,5,{},true,true,false,
2624,惊喜,jīngxǐ,1,惊喜,jingxi,形,5,5,{},false,false,false,
2625,经营,jīngyíng,1,经营,jingying,动,5,5,{},false,false,false,
2626,静,jìng,1,静,jing,形、动,5,5,{},false,false,false,
2627,酒吧,jiǔbā,1,酒吧,jiuba,名,5,5,{},false,false,false,
2628,久远,jiǔyuǎn,1,久远,jiuyuan,形,5,5,{},false,false,false,
2629,救,jiù,1,救,jiu,动,5,5,{},false,false,false,
2630,救护车,jiùhùchē,1,救护车,jiuhuche,名,5,5,{},false,false,false,
2631,就业,jiùyè,1,就业,jiuye,动,5,5,{},false,false,false,
2632,居民,jūmín,1,居民,jumin,名,5,5,{},false,false,false,
2633,居然,jūrán,1,居然,juran,副,5,5,{},false,false,false,
2634,居住,jūzhù,1,居住,juzhu,动,5,5,{},false,false,false,
2635,橘子,júzi,1,橘子,juzi,名,5,5,{},false,false,false,
2636,据,jù,1,据,ju,介,5,5,{},false,false,false,
2637,距,jù,1,距,ju,动,5,5,{},false,false,false,
2638,具备,jùbèi,1,具备,jubei,动,5,5,{},false,false,false,
2639,剧场,jùchǎng,1,剧场,juchang,名,5,5,{},false,false,false,
2640,巨大,jùdà,1,巨大,juda,形,5,5,{},false,false,false,
2641,据说,jùshuō,1,据说,jushuo,动,5,5,{},false,false,false,
2642,具体,jùtǐ,1,具体,juti,形、动,5,5,{},false,false,false,
2643,具有,jùyǒu,1,具有,juyou,动,5,5,{},false,false,false,
2644,捐,juān,1,捐,juan,动,5,5,{},false,false,false,
2645,绝对,juéduì,1,绝对,juedui,形、副,5,5,{},false,false,false,
2646,决赛,juésài,1,决赛,juesai,动、名,5,5,{},false,false,false,
2647,角色,juésè,1,角色,juese,名,5,5,{},false,false,false,
2648,决心,juéxīn,1,决心,juexin,名、动,5,5,{},false,false,false,
2649,开发,kāifā,1,开发,kaifa,动,5,5,{},false,false,false,
2650,开放,kāifàng,1,开放,kaifang,动、形,5,5,{},false,false,false,
2651,开幕,kāimù,1,开幕,kaimu,动,5,5,{},false,false,false,
2652,开幕式,kāimùshì,1,开幕式,kaimushi,名,5,5,{},false,false,false,
2653,开水,kāishuǐ,1,开水,kaishui,名,5,5,{},false,false,false,
2654,开通,kāitōng,1,开通,kaitong,动,5,5,{},false,false,false,
2655,开业,kāiyè,1,开业,kaiye,动,5,5,{},false,false,false,
2656,开展,kāizhǎn,1,开展,kaizhan,动,5,5,{},false,false,false,
2657,看,kān,1,看,kan,动,5,5,{},true,true,false,
2658,看望,kànwàng,1,看望,kanwang,动,5,5,{},false,false,false,
2659,看作,kànzuò,1,看作,kanzuo,动,5,5,{},false,false,false,
2660,靠,kào,1,靠,kao,动,5,5,{},false,false,false,
2661,靠近,kàojìn,1,靠近,kaojin,动,5,5,{},false,false,false,
2662,颗,kē,1,颗,ke,量,5,5,{},false,false,false,
2663,科研,kēyán,1,科研,keyan,动,5,5,{},false,false,false,
2664,可见,kějiàn,1,可见,kejian,连,5,5,{},false,false,false,
2665,可靠,kěkào,1,可靠,kekao,形,5,5,{},false,false,false,
2666,可怕,kěpà,1,可怕,kepa,形,5,5,{},false,false,false,
2667,克服,kèfú,1,克服,kefu,动,5,5,{},false,false,false,
2668,客服,kèfú,1,客服,kefu,形,5,5,{},false,false,false,
2669,客观,kèguān,1,客观,keguan,形,5,5,{},false,false,false,
2670,客户,kèhù,1,客户,kehu,名,5,5,{},false,false,false,
2671,空间,kōngjiān,1,空间,kongjian,名,5,5,{},false,false,false,
2672,空中,kōngzhōng,1,空中,kongzhong,名、形,5,5,{},false,false,false,
2673,控制,kòngzhì,1,控制,kongzhi,动,5,5,{},false,false,false,
2674,口袋,kǒudai,1,口袋,koudai,名,5,5,{},false,false,false,
2675,口味,kǒuwèi,1,口味,kouwei,名,5,5,{},false,false,false,
2676,库,kù,1,库,ku,名,5,5,{},false,false,false,
2677,宽,kuān,1,宽,kuan,形、名、（动）,5,5,{6},false,false,false,
2678,宽度,kuāndù,1,宽度,kuandu,名,5,5,{},false,false,false,
2679,亏,kuī,1,亏,kui,动,5,5,{},false,false,false,
2680,昆虫,kūnchóng,1,昆虫,kunchong,名,5,5,{},false,false,false,
2681,扩大,kuòdà,1,扩大,kuoda,动,5,5,{},false,false,false,
2682,来源,láiyuán,1,来源,laiyuan,名、动,5,5,{},false,false,false,
2683,劳动,láodòng,1,劳动,laodong,名、动,5,5,{},false,false,false,
2684,老百姓,lǎobǎixìng,1,老百姓,laobaixing,名,5,5,{},false,false,false,
2685,老板,lǎobǎn,1,老板,laoban,名,5,5,{},false,false,false,
2686,老公,lǎogōng,1,老公,laogong,名,5,5,{},false,false,false,
2687,姥姥,lǎolao,1,姥姥,laolao,名,5,5,{},false,false,false,
2688,老婆,lǎopo,1,老婆,laopo,名,5,5,{},false,false,false,
2689,姥爷,lǎoye,1,姥爷,laoye,名,5,5,{},false,false,false,
2690,乐观,lèguān,1,乐观,leguan,形,5,5,{},false,false,false,
2691,乐趣,lèqù,1,乐趣,lequ,名,5,5,{},false,false,false,
2692,泪,lèi,1,泪,lei,名,5,5,{},false,false,false,
2693,类,lèi,1,类,lei,名、量,5,5,{},false,false,false,
2694,泪水,lèishuǐ,1,泪水,leishui,名,5,5,{},false,false,false,
2695,类似,lèisì,1,类似,leisi,动,5,5,{},false,false,false,
2696,类型,lèixíng,1,类型,leixing,名,5,5,{},false,false,false,
2697,梨,lí,1,梨,li,名,5,5,{},false,false,false,
2698,离婚,líhūn,1,离婚,lihun,动,5,5,{},false,false,false,
2699,厘米,límǐ,1,厘米,limi,量,5,5,{},false,false,false,
2700,离职,lízhí,1,离职,lizhi,动,5,5,{},false,false,false,
2701,理论,lǐlùn,1,理论,lilun,名、动,5,5,{},false,false,false,
2702,里头,lǐtou,1,里头,litou,名,5,5,{},false,false,false,
2703,理由,lǐyóu,1,理由,liyou,名,5,5,{},false,false,false,
2704,力,lì,1,力,li,名、后缀,5,5,{},false,false,false,
2705,立即,lìjí,1,立即,liji,副,5,5,{},false,false,false,
2706,立刻,lìkè,1,立刻,like,副,5,5,{},false,false,false,
2707,力量,lìliàng,1,力量,liliang,名,5,5,{},false,false,false,
2708,利润,lìrùn,1,利润,lirun,名,5,5,{},false,false,false,
2709,利益,lìyì,1,利益,liyi,名,5,5,{},false,false,false,
2710,利用,lìyòng,1,利用,liyong,动,5,5,{},false,false,false,
2711,联合,liánhé,1,联合,lianhe,动、形,5,5,{},false,false,false,
2712,连接,liánjiē,1,连接,lianjie,动,5,5,{},false,false,false,
2713,连忙,liánmáng,1,连忙,lianmang,副,5,5,{},false,false,false,
2714,连续,liánxù,1,连续,lianxu,动,5,5,{},false,false,false,
2715,脸色,liǎnsè,1,脸色,lianse,名,5,5,{},false,false,false,
2716,恋爱,liàn’ài,1,恋爱,lianai,动、名,5,5,{},false,false,false,
2717,良好,liánghǎo,1,良好,lianghao,形,5,5,{},false,false,false,
2718,粮食,liángshi,1,粮食,liangshi,名,5,5,{},false,false,false,
2719,量,liàng,1,量,liang,名,5,5,{},true,true,false,
2720,了不起,liǎobuqǐ,1,了不起,liaobuqi,形,5,5,{},false,false,false,
2721,列车,lièchē,1,列车,lieche,名,5,5,{},false,false,false,
2722,临时,línshí,1,临时,linshi,副、形,5,5,{},false,false,false,
2723,铃,líng,1,铃,ling,名,5,5,{},false,false,false,
2724,灵活,línghuó,1,灵活,linghuo,形,5,5,{},false,false,false,
2725,领,lǐng,1,领,ling,名、动,5,5,{},false,false,false,
2726,领带,lǐngdài,1,领带,lingdai,名,5,5,{},false,false,false,
2727,领导,lǐngdǎo,1,领导,lingdao,动、名,5,5,{},false,false,false,
2728,领取,lǐngqǔ,1,领取,lingqu,动,5,5,{},false,false,false,
2729,领先,lǐngxiān,1,领先,lingxian,动,5,5,{},false,false,false,
2730,领域,lǐngyù,1,领域,lingyu,名,5,5,{},false,false,false,
2731,令,lìng,1,令,ling,动、名,5,5,{},false,false,false,
2732,流传,liúchuán,1,流传,liuchuan,动,5,5,{},false,false,false,
2733,流感,liúgǎn,1,流感,liugan,名,5,5,{},false,false,false,
2734,浏览,liúlǎn,1,浏览,liulan,动,5,5,{},false,false,false,
2735,留言,liúyán,1,留言,liuyan,动、名,5,5,{},false,false,false,
2736,龙,lóng,1,龙,long,名,5,5,{},false,false,false,
2737,漏,lòu,1,漏,lou,动,5,5,{},false,false,false,
2738,录,lù,1,录,lu,动,5,5,{},false,false,false,
2739,陆地,lùdì,1,陆地,ludi,名,5,5,{},false,false,false,
2740,录取,lùqǔ,1,录取,luqu,动,5,5,{},false,false,false,
2741,路人,lùrén,1,路人,luren,名,5,5,{},false,false,false,
2742,路线,lùxiàn,1,路线,luxian,名,5,5,{},false,false,false,
2743,陆续,lùxù,1,陆续,luxu,副,5,5,{},false,false,false,
2744,录音,lùyīn,1,录音,luyin,动、名,5,5,{},false,false,false,
2745,旅行社,lǚxíngshè,1,旅行社,luxingshe,名,5,5,{},false,false,false,
2746,论文,lùnwén,1,论文,lunwen,名,5,5,{},false,false,false,
2747,逻辑,luójí,1,逻辑,luoji,名,5,5,{},false,false,false,
2748,骂,mà,1,骂,ma,动,5,5,{},false,false,false,
2749,买卖,mǎimai,1,买卖,maimai,名,5,5,{},false,false,false,
2750,满足,mǎnzú,1,满足,manzu,动,5,5,{},false,false,false,
2751,忙碌,mánglù,1,忙碌,manglu,形,5,5,{},false,false,false,
2752,毛笔,máobǐ,1,毛笔,maobi,名,5,5,{},false,false,false,
2753,毛病,máobìng,1,毛病,maobing,名,5,5,{},false,false,false,
2754,矛盾,máodùn,1,矛盾,maodun,名、动、形,5,5,{},false,false,false,
2755,没法儿,méifǎr,1,没法儿,meifar,动,5,5,{},false,false,false,
2756,玫瑰,méigui,1,玫瑰,meigui,名,5,5,{},false,false,false,
2757,媒体,méitǐ,1,媒体,meiti,名,5,5,{},false,false,false,
2758,美术,měishù,1,美术,meishu,名,5,5,{},false,false,false,
2759,美味,měiwèi,1,美味,meiwei,名,5,5,{},false,false,false,
2760,魅力,mèilì,1,魅力,meili,名,5,5,{},false,false,false,
2761,门诊,ménzhěn,1,门诊,menzhen,动,5,5,{},false,false,false,
2762,迷,mí,1,迷,mi,动,5,5,{},false,false,false,
2763,迷路,mílù,1,迷路,milu,动,5,5,{},false,false,false,
2764,秘密,mìmì,1,秘密,mimi,形、名,5,5,{},false,false,false,
2765,密切,mìqiè,1,密切,miqie,形、动,5,5,{},false,false,false,
2766,秘书,mìshū,1,秘书,mishu,名,5,5,{},false,false,false,
2767,面,miàn,2,面2,mian,名,5,5,{},true,false,false,
2768,面积,miànjī,1,面积,mianji,名,5,5,{},false,false,false,
2769,面临,miànlín,1,面临,mianlin,动,5,5,{},false,false,false,
2770,面向,miànxiàng,1,面向,mianxiang,动,5,5,{},false,false,false,
2771,描述,miáoshù,1,描述,miaoshu,动,5,5,{},false,false,false,
2772,敏感,mǐngǎn,1,敏感,mingan,形,5,5,{},false,false,false,
2773,名称,míngchēng,1,名称,mingcheng,名,5,5,{},false,false,false,
2774,名牌,míngpái,1,名牌,mingpai,名,5,5,{},false,false,false,
2775,名片,míngpiàn,1,名片,mingpian,名,5,5,{},false,false,false,
2776,明确,míngquè,1,明确,mingque,形、动,5,5,{},false,false,false,
2777,明显,míngxiǎn,1,明显,mingxian,形,5,5,{},false,false,false,
2778,明星,míngxīng,1,明星,mingxing,名,5,5,{},false,false,false,
2779,命,mìng,1,命1,ming,名,5,5,{},true,false,false,
2780,命运,mìngyùn,1,命运,mingyun,名,5,5,{},false,false,false,
2781,摸,mō,1,摸,mo,动,5,5,{},false,false,false,
2782,模糊,móhu,1,模糊,mohu,形、动,5,5,{},false,false,false,
2783,模式,móshì,1,模式,moshi,名,5,5,{},false,false,false,
2784,陌生,mòshēng,1,陌生,mosheng,形,5,5,{},false,false,false,
2785,某,mǒu,1,某,mou,代,5,5,{},false,false,false,
2786,目光,mùguāng,1,目光,muguang,名,5,5,{},false,false,false,
2787,木头,mùtou,1,木头,mutou,名,5,5,{},false,false,false,
2788,哪怕,nǎpà,1,哪怕,napa,连,5,5,{},false,false,false,
2789,难得,nándé,1,难得,nande,形,5,5,{},false,false,false,
2790,难度,nándù,1,难度,nandu,名,5,5,{},false,false,false,
2791,难以,nányǐ,1,难以,nanyi,动,5,5,{},false,false,false,
2792,男子,nánzǐ,1,男子,nanzi,名,5,5,{},false,false,false,
2793,闹,nào,1,闹,nao,形、动,5,5,{},false,false,false,
2794,闹钟,nàozhōng,1,闹钟,naozhong,名,5,5,{},false,false,false,
2795,内部,nèibù,1,内部,neibu,名,5,5,{},false,false,false,
2796,能干,nénggàn,1,能干,nenggan,形,5,5,{},false,false,false,
2797,年初,niánchū,1,年初,nianchu,名,5,5,{},false,false,false,
2798,年代,niándài,1,年代,niandai,名,5,5,{},false,false,false,
2799,年纪,niánjì,1,年纪,nianji,名,5,5,{},false,false,false,
2800,年夜饭,niányèfàn,1,年夜饭,nianyefan,名,5,5,{},false,false,false,
2801,念,niàn,1,念,nian,动,5,5,{},false,false,false,
2802,牛仔裤,niúzǎikù,1,牛仔裤,niuzaiku,名,5,5,{},false,false,false,
2803,浓,nóng,1,浓,nong,形,5,5,{},false,false,false,
2804,农民,nóngmín,1,农民,nongmin,名,5,5,{},false,false,false,
2805,农业,nóngyè,1,农业,nongye,名,5,5,{},false,false,false,
2806,女子,nǚzǐ,1,女子,nuzi,名,5,5,{},false,false,false,
2807,哦,ò,1,哦,o,叹,5,5,{},false,false,false,
2808,欧洲,Ōuzhōu,1,欧洲,ouzhou,名,5,5,{},false,false,false,
2809,偶然,ǒurán,1,偶然,ouran,形,5,5,{},false,false,false,
2810,拍摄,pāishè,1,拍摄,paishe,动,5,5,{},false,false,false,
2811,排列,páiliè,1,排列,pailie,动,5,5,{},false,false,false,
2812,派,pài,1,派,pai,动、（名、量）,5,5,{7},false,false,false,
2813,派出所,pàichūsuǒ,1,派出所,paichusuo,名,5,5,{},false,false,false,
2814,跑道,pǎodào,1,跑道,paodao,名,5,5,{},false,false,false,
2815,赔,péi,1,赔,pei,动,5,5,{},false,false,false,
2816,陪伴,péibàn,1,陪伴,peiban,动,5,5,{},false,false,false,
2817,培训,péixùn,1,培训,peixun,动,5,5,{},false,false,false,
2818,培养,péiyǎng,1,培养,peiyang,动,5,5,{},false,false,false,
2819,配,pèi,1,配,pei,动、形,5,5,{},false,false,false,
2820,配合,pèihé,1,配合,peihe,动,5,5,{},false,false,false,
2821,配送,pèisòng,1,配送,peisong,动,5,5,{},false,false,false,
2822,盆,pén,1,盆,pen,名,5,5,{},false,false,false,
2823,碰,pèng,1,碰,peng,动,5,5,{},false,false,false,
2824,碰见,pèngjiàn,1,碰见,pengjian,动,5,5,{},false,false,false,
2825,批,pī,1,批1,pi,量,5,5,{},true,false,false,
2826,批,pī,2,批2,pi,动,5,5,{},true,false,false,
2827,批准,pīzhǔn,1,批准,pizhun,动,5,5,{},false,false,false,
2828,匹,pǐ,1,匹,pi,量,5,5,{},false,false,false,
2829,骗,piàn,1,骗,pian,动,5,5,{},false,false,false,
2830,拼,pīn,1,拼,pin,动,5,5,{},false,false,false,
2831,拼音,pīnyīn,1,拼音,pinyin,动,5,5,{},false,false,false,
2832,品,pǐn,1,品,pin,后缀、（动）,5,5,{7},false,false,false,
2833,品牌,pǐnpái,1,品牌,pinpai,名,5,5,{},false,false,false,
2834,品质,pǐnzhì,1,品质,pinzhi,名,5,5,{},false,false,false,
2835,品种,pǐnzhǒng,1,品种,pinzhong,名,5,5,{},false,false,false,
2836,聘请,pìnqǐng,1,聘请,pinqing,动,5,5,{},false,false,false,
2837,平,píng,1,平,ping,形、（动）,5,5,{7},false,false,false,
2838,评,píng,1,评,ping,动,5,5,{},false,false,false,
2839,凭,píng,1,凭,ping,动、介,5,5,{},false,false,false,
2840,平安,píng’ān,1,平安,pingan,形,5,5,{},false,false,false,
2841,平衡,pínghéng,1,平衡,pingheng,形、动,5,5,{},false,false,false,
2842,评价,píngjià,1,评价,pingjia,动、名,5,5,{},false,false,false,
2843,凭借,píngjiè,1,凭借,pingjie,动,5,5,{},false,false,false,
2844,平静,píngjìng,1,平静,pingjing,形,5,5,{},false,false,false,
2845,平均,píngjūn,1,平均,pingjun,动、形,5,5,{},false,false,false,
2846,屏幕,píngmù,1,屏幕,pingmu,名,5,5,{},false,false,false,
2847,平台,píngtái,1,平台,pingtai,名,5,5,{},false,false,false,
2848,破坏,pòhuài,1,破坏,pohuai,动,5,5,{},false,false,false,
2849,普及,pǔjí,1,普及,puji,动,5,5,{},false,false,false,
2850,期待,qīdài,1,期待,qidai,动,5,5,{},false,false,false,
2851,期间,qījiān,1,期间,qijian,名,5,5,{},false,false,false,
2852,齐,qí,1,齐,qi,形、（动、副）,5,5,{6},false,false,false,
2853,其,qí,1,其,qi,代,5,5,{},false,false,false,
2854,奇迹,qíjì,1,奇迹,qiji,名,5,5,{},false,false,false,
2855,其余,qíyú,1,其余,qiyu,代,5,5,{},false,false,false,
2856,企业,qǐyè,1,企业,qiye,名,5,5,{},false,false,false,
2857,气球,qìqiú,1,气球,qiqiu,名,5,5,{},false,false,false,
2858,汽油,qìyóu,1,汽油,qiyou,名,5,5,{},false,false,false,
2859,签,qiān,1,签1,qian,动,5,5,{},true,false,false,
2860,签订,qiāndìng,1,签订,qianding,动,5,5,{},false,false,false,
2861,签名,qiānmíng,1,签名,qianming,动、名,5,5,{},false,false,false,
2862,签字,qiānzì,1,签字,qianzi,动、名,5,5,{},false,false,false,
2863,前进,qiánjìn,1,前进,qianjin,动,5,5,{},false,false,false,
2864,前来,qiánlái,1,前来,qianlai,动,5,5,{},false,false,false,
2865,前途,qiántú,1,前途,qiantu,名,5,5,{},false,false,false,
2866,前往,qiánwǎng,1,前往,qianwang,动,5,5,{},false,false,false,
2867,浅,qiǎn,1,浅,qian,形,5,5,{},false,false,false,
2868,欠,qiàn,1,欠,qian,动,5,5,{},false,false,false,
2869,墙,qiáng,1,墙,qiang,名,5,5,{},false,false,false,
2870,强大,qiángdà,1,强大,qiangda,形,5,5,{},false,false,false,
2871,强调,qiángdiào,1,强调,qiangdiao,动,5,5,{},false,false,false,
2872,强度,qiángdù,1,强度,qiangdu,名,5,5,{},false,false,false,
2873,强烈,qiángliè,1,强烈,qianglie,形,5,5,{},false,false,false,
2874,抢,qiǎng,1,抢,qiang,动,5,5,{},false,false,false,
2875,抢救,qiǎngjiù,1,抢救,qiangjiu,动,5,5,{},false,false,false,
2876,悄悄,qiāoqiāo,1,悄悄,qiaoqiao,副,5,5,{},false,false,false,
2877,切,qiē,1,切,qie,动,5,5,{},false,false,false,
2878,亲,qīn,1,亲,qin,形、动,5,5,{},false,false,false,
2879,亲爱,qīn’ài,1,亲爱,qinai,形,5,5,{},false,false,false,
2880,亲朋好友,qīnpéng-hǎoyǒu,1,亲朋好友,qinpenghaoyou,,5,5,{},false,false,true,
2881,亲切,qīnqiè,1,亲切,qinqie,形,5,5,{},false,false,false,
2882,亲情,qīnqíng,1,亲情,qinqing,名,5,5,{},false,false,false,
2883,亲人,qīnrén,1,亲人,qinren,名,5,5,{},false,false,false,
2884,亲自,qīnzì,1,亲自,qinzi,副,5,5,{},false,false,false,
2885,勤奋,qínfèn,1,勤奋,qinfen,形,5,5,{},false,false,false,
2886,青,qīng,1,青,qing,形,5,5,{},false,false,false,
2887,轻易,qīngyì,1,轻易,qingyi,形、副,5,5,{},false,false,false,
2888,轻重,qīngzhòng,1,轻重,qingzhong,名,5,5,{},false,false,false,
2889,情感,qínggǎn,1,情感,qinggan,名,5,5,{},false,false,false,
2890,情景,qíngjǐng,1,情景,qingjing,名,5,5,{},false,false,false,
2891,情绪,qíngxù,1,情绪,qingxu,名,5,5,{},false,false,false,
2892,请教,qǐngjiào,1,请教,qingjiao,动,5,5,{},false,false,false,
2893,请求,qǐngqiú,1,请求,qingqiu,动、名,5,5,{},false,false,false,
2894,穷,qióng,1,穷,qiong,形,5,5,{},false,false,false,
2895,趋势,qūshì,1,趋势,qushi,名,5,5,{},false,false,false,
2896,区域,qūyù,1,区域,quyu,名,5,5,{},false,false,false,
2897,去世,qùshì,1,去世,qushi,动,5,5,{},false,false,false,
2898,权,quán,1,权,quan,名、（副）,5,5,{7},false,false,false,
2899,权利,quánlì,1,权利,quanli,名,5,5,{},false,false,false,
2900,全力,quánlì,1,全力,quanli,名、副,5,5,{},false,false,false,
2901,全面,quánmiàn,1,全面,quanmian,形,5,5,{},false,false,false,
2902,全体,quántǐ,1,全体,quanti,名,5,5,{},false,false,false,
2903,全新,quánxīn,1,全新,quanxin,形,5,5,{},false,false,false,
2904,劝,quàn,1,劝,quan,动,5,5,{},false,false,false,
2905,缺乏,quēfá,1,缺乏,quefa,动,5,5,{},false,false,false,
2906,确保,quèbǎo,1,确保,quebao,动,5,5,{},false,false,false,
2907,确定,quèdìng,1,确定,queding,形、动,5,5,{},false,false,false,
2908,确认,quèrèn,1,确认,queren,动,5,5,{},false,false,false,
2909,群,qún,1,群,qun,量、名,5,5,{},false,false,false,
2910,群体,qúntǐ,1,群体,qunti,名,5,5,{},false,false,false,
2911,燃烧,ránshāo,1,燃烧,ranshao,动,5,5,{},false,false,false,
2912,绕,rào,1,绕,rao,动,5,5,{},false,false,false,
2913,热爱,rè’ài,1,热爱,reai,动,5,5,{},false,false,false,
2914,热量,rèliàng,1,热量,reliang,名,5,5,{},false,false,false,
2915,热烈,rèliè,1,热烈,relie,形,5,5,{},false,false,false,
2916,热心,rèxīn,1,热心,rexin,形,5,5,{},false,false,false,
2917,人才,réncái,1,人才,rencai,名,5,5,{},false,false,false,
2918,人工,réngōng,1,人工,rengong,形、名,5,5,{},false,false,false,
2919,人际,rénjì,1,人际,renji,形,5,5,{},false,false,false,
2920,人口,rénkǒu,1,人口,renkou,名,5,5,{},false,false,false,
2921,人类,rénlèi,1,人类,renlei,名,5,5,{},false,false,false,
2922,人力,rénlì,1,人力,renli,名,5,5,{},false,false,false,
2923,人民,rénmín,1,人民,renmin,名,5,5,{},false,false,false,
2924,人民币,rénmínbì,1,人民币,renminbi,名,5,5,{},false,false,false,
2925,人群,rénqún,1,人群,renqun,名,5,5,{},false,false,false,
2926,人体,réntǐ,1,人体,renti,名,5,5,{},false,false,false,
2927,人物,rénwù,1,人物,renwu,名,5,5,{},false,false,false,
2928,忍,rěn,1,忍,ren,动,5,5,{},false,false,false,
2929,认,rèn,1,认,ren,动,5,5,{},false,false,false,
2930,日历,rìlì,1,日历,rili,名,5,5,{},false,false,false,
2931,日用品,rìyòngpǐn,1,日用品,riyongpin,名,5,5,{},false,false,false,
2932,如,rú,1,如,ru,动、连,5,5,{},false,false,false,
2933,如此,rúcǐ,1,如此,ruci,代,5,5,{},false,false,false,
2934,如何,rúhé,1,如何,ruhe,代,5,5,{},false,false,false,
2935,如今,rújīn,1,如今,rujin,名,5,5,{},false,false,false,
2936,如同,rútóng,1,如同,rutong,动,5,5,{},false,false,false,
2937,如下,rúxià,1,如下,ruxia,动,5,5,{},false,false,false,
2938,软,ruǎn,1,软,ruan,形,5,5,{},false,false,false,
2939,软件,ruǎnjiàn,1,软件,ruanjian,名,5,5,{},false,false,false,
2940,弱,ruò,1,弱,ruo,形,5,5,{},false,false,false,
2941,洒,sǎ,1,洒,sa,动,5,5,{},false,false,false,
2942,赛场,sàichǎng,1,赛场,saichang,名,5,5,{},false,false,false,
2943,色彩,sècǎi,1,色彩,secai,名,5,5,{},false,false,false,
2944,沙漠,shāmò,1,沙漠,shamo,名,5,5,{},false,false,false,
2945,沙子,shāzi,1,沙子,shazi,名,5,5,{},false,false,false,
2946,傻,shǎ,1,傻,sha,形,5,5,{},false,false,false,
2947,晒,shài,1,晒,shai,动,5,5,{},false,false,false,
2948,删,shān,1,删,shan,动,5,5,{},false,false,false,
2949,扇,shān,1,扇,shan,动,5,5,{},true,true,false,
2950,删除,shānchú,1,删除,shanchu,动,5,5,{},false,false,false,
2951,山区,shānqū,1,山区,shanqu,名,5,5,{},false,false,false,
2952,擅长,shàncháng,1,擅长,shanchang,动,5,5,{},false,false,false,
2953,善良,shànliáng,1,善良,shanliang,形,5,5,{},false,false,false,
2954,善于,shànyú,1,善于,shanyu,动,5,5,{},false,false,false,
2955,扇子,shànzi,1,扇子,shanzi,名,5,5,{},false,false,false,
2956,伤,shāng,1,伤,shang,名、动,5,5,{},false,false,false,
2957,伤害,shānghài,1,伤害,shanghai,动,5,5,{},false,false,false,
2958,商家,shāngjiā,1,商家,shangjia,名,5,5,{},false,false,false,
2959,商人,shāngrén,1,商人,shangren,名,5,5,{},false,false,false,
2960,商务,shāngwù,1,商务,shangwu,名,5,5,{},false,false,false,
2961,商业,shāngyè,1,商业,shangye,名,5,5,{},false,false,false,
2962,赏,shǎng,1,赏,shang,动,5,5,{},false,false,false,
2963,上传,shàngchuán,1,上传,shangchuan,动,5,5,{},false,false,false,
2964,上升,shàngshēng,1,上升,shangsheng,动,5,5,{},false,false,false,
2965,上下,shàngxià,1,上下,shangxia,名,5,5,{},false,false,false,
2966,上涨,shàngzhǎng,1,上涨,shangzhang,动,5,5,{},false,false,false,
2967,烧,shāo,1,烧,shao,动、名,5,5,{},false,false,false,
2968,烧烤,shāokǎo,1,烧烤,shaokao,名,5,5,{},false,false,false,
2969,蛇,shé,1,蛇,she,名,5,5,{},false,false,false,
2970,舍不得,shěbude,1,舍不得,shebude,动,5,5,{},false,false,false,
2971,舍得,shěde,1,舍得,shede,动,5,5,{},false,false,false,
2972,设备,shèbèi,1,设备,shebei,名,5,5,{},false,false,false,
2973,设计,shèjì,1,设计,sheji,动、名,5,5,{},false,false,false,
2974,设立,shèlì,1,设立,sheli,动,5,5,{},false,false,false,
2975,社区,shèqū,1,社区,shequ,名,5,5,{},false,false,false,
2976,设施,shèshī,1,设施,sheshi,名,5,5,{},false,false,false,
2977,摄影,shèyǐng,1,摄影,sheying,动,5,5,{},false,false,false,
2978,设置,shèzhì,1,设置,shezhi,动,5,5,{},false,false,false,
2979,伸,shēn,1,伸,shen,动,5,5,{},false,false,false,
2980,身材,shēncái,1,身材,shencai,名,5,5,{},false,false,false,
2981,深度,shēndù,1,深度,shendu,名、形,5,5,{},false,false,false,
2982,身份,shēnfèn,1,身份,shenfen,名,5,5,{},false,false,false,
2983,深厚,shēnhòu,1,深厚,shenhou,形,5,5,{},false,false,false,
2984,深刻,shēnkè,1,深刻,shenke,形,5,5,{},false,false,false,
2985,深入,shēnrù,1,深入,shenru,动、形,5,5,{},false,false,false,
2986,深远,shēnyuǎn,1,深远,shenyuan,形,5,5,{},false,false,false,
2987,神话,shénhuà,1,神话,shenhua,名,5,5,{},false,false,false,
2988,神秘,shénmì,1,神秘,shenmi,形,5,5,{},false,false,false,
2989,升,shēng,1,升1,sheng,动,5,5,{},true,false,false,
2990,生产,shēngchǎn,1,生产,shengchan,动,5,5,{},false,false,false,
2991,生存,shēngcún,1,生存,shengcun,动,5,5,{},false,false,false,
2992,生动,shēngdòng,1,生动,shengdong,形,5,5,{},false,false,false,
2993,升级,shēngjí,1,升级,shengji,动,5,5,{},false,false,false,
2994,升温,shēngwēn,1,升温,shengwen,动,5,5,{},false,false,false,
2995,生物,shēngwù,1,生物,shengwu,名,5,5,{},false,false,false,
2996,生肖,shēngxiào,1,生肖,shengxiao,名,5,5,{},false,false,false,
2997,生长,shēngzhǎng,1,生长,shengzhang,动,5,5,{},false,false,false,
2998,省,shěng,2,省2,sheng,动,5,5,{},true,false,false,
2999,省份,shěngfèn,1,省份,shengfen,名,5,5,{},false,false,false,
3000,省会,shěnghuì,1,省会,shenghui,名,5,5,{},false,false,false,
3001,胜,shèng,1,胜,sheng,动,5,5,{},false,false,false,
3002,胜利,shènglì,1,胜利,shengli,动,5,5,{},false,false,false,
3003,诗,shī,1,诗,shi,名,5,5,{},false,false,false,
3004,湿,shī,1,湿,shi,形,5,5,{},false,false,false,
3005,失恋,shīliàn,1,失恋,shilian,动,5,5,{},false,false,false,
3006,失眠,shīmián,1,失眠,shimian,动,5,5,{},false,false,false,
3007,诗人,shīrén,1,诗人,shiren,名,5,5,{},false,false,false,
3008,失误,shīwù,1,失误,shiwu,动、名,5,5,{},false,false,false,
3009,失业,shīyè,1,失业,shiye,动,5,5,{},false,false,false,
3010,时差,shíchā,1,时差,shicha,名,5,5,{},false,false,false,
3011,时常,shícháng,1,时常,shichang,副,5,5,{},false,false,false,
3012,时代,shídài,1,时代,shidai,名,5,5,{},false,false,false,
3013,实践,shíjiàn,1,实践,shijian,动,5,5,{},false,false,false,
3014,时刻,shíkè,1,时刻,shike,名、副,5,5,{},false,false,false,
3015,实力,shílì,1,实力,shili,名,5,5,{},false,false,false,
3016,时期,shíqī,1,时期,shiqi,名,5,5,{},false,false,false,
3017,实施,shíshī,1,实施,shishi,动,5,5,{},false,false,false,
3018,石头,shítou,1,石头,shitou,名,5,5,{},false,false,false,
3019,实习,shíxí,1,实习,shixi,动,5,5,{},false,false,false,
3020,实现,shíxiàn,1,实现,shixian,动,5,5,{},false,false,false,
3021,实行,shíxíng,1,实行,shixing,动,5,5,{},false,false,false,
3022,实验,shíyàn,1,实验,shiyan,动、名,5,5,{},false,false,false,
3023,实验室,shíyànshì,1,实验室,shiyanshi,名,5,5,{},false,false,false,
3024,实用,shíyòng,1,实用,shiyong,形,5,5,{},false,false,false,
3025,食用,shíyòng,1,食用,shiyong,动,5,5,{},false,false,false,
3026,使得,shǐde,1,使得,shide,动,5,5,{},false,false,false,
3027,始终,shǐzhōng,1,始终,shizhong,名、副,5,5,{},false,false,false,
3028,式,shì,1,式,shi,后缀,5,5,{},false,false,false,
3029,适当,shìdàng,1,适当,shidang,形,5,5,{},false,false,false,
3030,似的,shìde,1,似的,shide,助,5,5,{},false,false,false,
3031,事故,shìgù,1,事故,shigu,名,5,5,{},false,false,false,
3032,事件,shìjiàn,1,事件,shijian,名,5,5,{},false,false,false,
3033,试卷,shìjuàn,1,试卷,shijuan,名,5,5,{},false,false,false,
3034,市民,shìmín,1,市民,shimin,名,5,5,{},false,false,false,
3035,事实,shìshí,1,事实,shishi,名,5,5,{},false,false,false,
3036,视为,shìwéi,1,视为,shiwei,动,5,5,{},false,false,false,
3037,事物,shìwù,1,事物,shiwu,名,5,5,{},false,false,false,
3038,事先,shìxiān,1,事先,shixian,名,5,5,{},false,false,false,
3039,试验,shìyàn,1,试验,shiyan,动,5,5,{},false,false,false,
3040,事业,shìyè,1,事业,shiye,名,5,5,{},false,false,false,
3041,试用,shìyòng,1,试用,shiyong,动,5,5,{},false,false,false,
3042,适用,shìyòng,1,适用,shiyong,形,5,5,{},false,false,false,
3043,收获,shōuhuò,1,收获,shouhuo,动、名,5,5,{},false,false,false,
3044,收集,shōují,1,收集,shouji,动,5,5,{},false,false,false,
3045,收看,shōukàn,1,收看,shoukan,动,5,5,{},false,false,false,
3046,守,shǒu,1,守,shou,动,5,5,{},false,false,false,
3047,首次,shǒucì,1,首次,shouci,数量,5,5,{},false,false,false,
3048,手段,shǒuduàn,1,手段,shouduan,名,5,5,{},false,false,false,
3049,手工,shǒugōng,1,手工,shougong,名,5,5,{},false,false,false,
3050,手术,shǒushù,1,手术,shoushu,名、动,5,5,{},false,false,false,
3051,手套,shǒutào,1,手套,shoutao,名,5,5,{},false,false,false,
3052,手续,shǒuxù,1,手续,shouxu,名,5,5,{},false,false,false,
3053,手指,shǒuzhǐ,1,手指,shouzhi,名,5,5,{},false,false,false,
3054,售价,shòujià,1,售价,shoujia,名,5,5,{},false,false,false,
3055,蔬菜,shūcài,1,蔬菜,shucai,名,5,5,{},false,false,false,
3056,书法,shūfǎ,1,书法,shufa,名,5,5,{},false,false,false,
3057,书房,shūfáng,1,书房,shufang,名,5,5,{},false,false,false,
3058,书架,shūjià,1,书架,shujia,名,5,5,{},false,false,false,
3059,输入,shūrù,1,输入,shuru,动,5,5,{},false,false,false,
3060,舒适,shūshì,1,舒适,shushi,形,5,5,{},false,false,false,
3061,熟练,shúliàn,1,熟练,shulian,形,5,5,{},false,false,false,
3062,熟人,shúrén,1,熟人,shuren,名,5,5,{},false,false,false,
3063,数,shǔ,1,数,shu,动,5,5,{},true,true,false,
3064,鼠标,shǔbiāo,1,鼠标,shubiao,名,5,5,{},false,false,false,
3065,属于,shǔyú,1,属于,shuyu,动,5,5,{},false,false,false,
3066,束,shù,1,束,shu,量,5,5,{},false,false,false,
3067,数据,shùjù,1,数据,shuju,名,5,5,{},false,false,false,
3068,树木,shùmù,1,树木,shumu,名,5,5,{},false,false,false,
3069,摔,shuāi,1,摔,shuai,动,5,5,{},false,false,false,
3070,双方,shuāngfāng,1,双方,shuangfang,名,5,5,{},false,false,false,
3071,水分,shuǐfèn,1,水分,shuifen,名,5,5,{},false,false,false,
3072,税,shuì,1,税,shui,名,5,5,{},false,false,false,
3073,睡眠,shuìmián,1,睡眠,shuimian,名,5,5,{},false,false,false,
3074,顺,shùn,1,顺,shun,动、介、形,5,5,{},false,false,false,
3075,说不定,shuōbudìng,1,说不定,shuobuding,动、副,5,5,{},false,false,false,
3076,说服,shuōfú,1,说服,shuofu,动,5,5,{},false,false,false,
3077,思考,sīkǎo,1,思考,sikao,动,5,5,{},false,false,false,
3078,私人,sīrén,1,私人,siren,名,5,5,{},false,false,false,
3079,思维,sīwéi,1,思维,siwei,名、动,5,5,{},false,false,false,
3080,思想,sīxiǎng,1,思想,sixiang,名,5,5,{},false,false,false,
3081,四处,sìchù,1,四处,sichu,名,5,5,{},false,false,false,
3082,似乎,sìhū,1,似乎,sihu,副,5,5,{},false,false,false,
3083,四周,sìzhōu,1,四周,sizhou,名,5,5,{},false,false,false,
3084,搜,sōu,1,搜,sou,动,5,5,{},false,false,false,
3085,搜索,sōusuǒ,1,搜索,sousuo,动,5,5,{},false,false,false,
3086,宿舍,sùshè,1,宿舍,sushe,名,5,5,{},false,false,false,
3087,酸甜苦辣,suān-tián-kǔ-là,1,酸甜苦辣,suantiankula,,5,5,{},false,false,true,
3088,随,suí,1,随,sui,动,5,5,{},false,false,false,
3089,随后,suíhòu,1,随后,suihou,副,5,5,{},false,false,false,
3090,随时,suíshí,1,随时,suishi,副,5,5,{},false,false,false,
3091,随手,suíshǒu,1,随手,suishou,副,5,5,{},false,false,false,
3092,随意,suíyì,1,随意,suiyi,形,5,5,{},false,false,false,
3093,碎,suì,1,碎,sui,动、形,5,5,{},false,false,false,
3094,损害,sǔnhài,1,损害,sunhai,动,5,5,{},false,false,false,
3095,损失,sǔnshī,1,损失,sunshi,动、名,5,5,{},false,false,false,
3096,缩短,suōduǎn,1,缩短,suoduan,动,5,5,{},false,false,false,
3097,缩小,suōxiǎo,1,缩小,suoxiao,动,5,5,{},false,false,false,
3098,所,suǒ,1,所1,suo,量、名,5,5,{},true,false,false,
3099,锁,suǒ,1,锁,suo,名、动,5,5,{},false,false,false,
3100,他人,tārén,1,他人,taren,代,5,5,{},false,false,false,
3101,台灯,táidēng,1,台灯,taideng,名,5,5,{},false,false,false,
3102,台阶,táijiē,1,台阶,taijie,名,5,5,{},false,false,false,
3103,太太,tàitai,1,太太,taitai,名,5,5,{},false,false,false,
3104,谈话,tánhuà,1,谈话,tanhua,动,5,5,{},false,false,false,
3105,桃,táo,1,桃,tao,名,5,5,{},false,false,false,
3106,套,tào,1,套,tao,名、动、量,5,5,{},false,false,false,
3107,特产,tèchǎn,1,特产,techan,名,5,5,{},false,false,false,
3108,特色,tèsè,1,特色,tese,名,5,5,{},false,false,false,
3109,特殊,tèshū,1,特殊,teshu,形,5,5,{},false,false,false,
3110,特有,tèyǒu,1,特有,teyou,形,5,5,{},false,false,false,
3111,特征,tèzhēng,1,特征,tezheng,名,5,5,{},false,false,false,
3112,疼痛,téngtòng,1,疼痛,tengtong,形,5,5,{},false,false,false,
3113,提倡,tíchàng,1,提倡,tichang,动,5,5,{},false,false,false,
3114,提交,tíjiāo,1,提交,tijiao,动,5,5,{},false,false,false,
3115,题目,tímù,1,题目,timu,名,5,5,{},false,false,false,
3116,提起,tíqǐ,1,提起,tiqi,动,5,5,{},false,false,false,
3117,提升,tíshēng,1,提升,tisheng,动,5,5,{},false,false,false,
3118,提问,tíwèn,1,提问,tiwen,动,5,5,{},false,false,false,
3119,体会,tǐhuì,1,体会,tihui,动、名,5,5,{},false,false,false,
3120,体力,tǐlì,1,体力,tili,名,5,5,{},false,false,false,
3121,体现,tǐxiàn,1,体现,tixian,动,5,5,{},false,false,false,
3122,体验,tǐyàn,1,体验,tiyan,动,5,5,{},false,false,false,
3123,替,tì,1,替,ti,动、介,5,5,{},false,false,false,
3124,天空,tiānkōng,1,天空,tiankong,名,5,5,{},false,false,false,
3125,天上,tiānshàng,1,天上,tianshang,名,5,5,{},false,false,false,
3126,填,tián,1,填,tian,动,5,5,{},false,false,false,
3127,甜品,tiánpǐn,1,甜品,tianpin,名,5,5,{},false,false,false,
3128,挑,tiāo,1,挑,tiao,动,5,5,{},true,true,false,
3129,挑选,tiāoxuǎn,1,挑选,tiaoxuan,动,5,5,{},false,false,false,
3130,调,tiáo,1,调,tiao,动,5,5,{},true,true,false,
3131,调皮,tiáopí,1,调皮,tiaopi,形,5,5,{},false,false,false,
3132,调整,tiáozhěng,1,调整,tiaozheng,动,5,5,{},false,false,false,
3133,挑战,tiǎozhàn,1,挑战,tiaozhan,动、名,5,5,{},false,false,false,
3134,跳高,tiàogāo,1,跳高,tiaogao,动,5,5,{},false,false,false,
3135,跳远,tiàoyuǎn,1,跳远,tiaoyuan,动,5,5,{},false,false,false,
3136,贴,tiē,1,贴,tie,动,5,5,{},false,false,false,
3137,铁路,tiělù,1,铁路,tielu,名,5,5,{},false,false,false,
3138,停留,tíngliú,1,停留,tingliu,动,5,5,{},false,false,false,
3139,通常,tōngcháng,1,通常,tongchang,形、副,5,5,{},false,false,false,
3140,通行,tōngxíng,1,通行,tongxing,动,5,5,{},false,false,false,
3141,同,tóng,1,同,tong,形、动、副、介、连,5,5,{},false,false,false,
3142,同情,tóngqíng,1,同情,tongqing,动,5,5,{},false,false,false,
3143,同一,tóngyī,1,同一,tongyi,形,5,5,{},false,false,false,
3144,统计,tǒngjì,1,统计,tongji,动,5,5,{},false,false,false,
3145,统一,tǒngyī,1,统一,tongyi,动、形,5,5,{},false,false,false,
3146,痛苦,tòngkǔ,1,痛苦,tongku,形,5,5,{},false,false,false,
3147,投,tóu,1,投,tou,动,5,5,{},false,false,false,
3148,投入,tóurù,1,投入,touru,动、形、名,5,5,{},false,false,false,
3149,头,tou,1,头,tou,后缀,5,5,{},true,true,false,
3150,突出,tūchū,1,突出,tuchu,动、形,5,5,{},false,false,false,
3151,图画,túhuà,1,图画,tuhua,名,5,5,{},false,false,false,
3152,图书,túshū,1,图书,tushu,名,5,5,{},false,false,false,
3153,土地,tǔdì,1,土地,tudi,名,5,5,{},false,false,false,
3154,土豆,tǔdòu,1,土豆,tudou,名,5,5,{},false,false,false,
3155,兔子,tùzi,1,兔子,tuzi,名,5,5,{},false,false,false,
3156,团,tuán,1,团,tuan,动、名、量,5,5,{},false,false,false,
3157,团队,tuánduì,1,团队,tuandui,名,5,5,{},false,false,false,
3158,推动,tuīdòng,1,推动,tuidong,动,5,5,{},false,false,false,
3159,推广,tuīguǎng,1,推广,tuiguang,动,5,5,{},false,false,false,
3160,推荐,tuījiàn,1,推荐,tuijian,动,5,5,{},false,false,false,
3161,推进,tuījìn,1,推进,tuijin,动,5,5,{},false,false,false,
3162,退,tuì,1,退,tui,动,5,5,{},false,false,false,
3163,退出,tuìchū,1,退出,tuichu,动,5,5,{},false,false,false,
3164,退还,tuìhuán,1,退还,tuihuan,动,5,5,{},false,false,false,
3165,退休,tuìxiū,1,退休,tuixiu,动,5,5,{},false,false,false,
3166,拖鞋,tuōxié,1,拖鞋,tuoxie,名,5,5,{},false,false,false,
3167,外部,wàibù,1,外部,waibu,名,5,5,{},false,false,false,
3168,外公,wàigōng,1,外公,waigong,名,5,5,{},false,false,false,
3169,外观,wàiguān,1,外观,waiguan,名,5,5,{},false,false,false,
3170,外婆,wàipó,1,外婆,waipo,名,5,5,{},false,false,false,
3171,外形,wàixíng,1,外形,waixing,名,5,5,{},false,false,false,
3172,弯,wān,1,弯,wan,形、动、名,5,5,{},false,false,false,
3173,玩具,wánjù,1,玩具,wanju,名,5,5,{},false,false,false,
3174,完美,wánměi,1,完美,wanmei,形,5,5,{},false,false,false,
3175,完善,wánshàn,1,完善,wanshan,形、动,5,5,{},false,false,false,
3176,完整,wánzhěng,1,完整,wanzheng,形,5,5,{},false,false,false,
3177,万一,wànyī,1,万一,wanyi,名、连,5,5,{},false,false,false,
3178,往返,wǎngfǎn,1,往返,wangfan,动,5,5,{},false,false,false,
3179,网络,wǎngluò,1,网络,wangluo,名,5,5,{},false,false,false,
3180,危害,wēihài,1,危害,weihai,动,5,5,{},false,false,false,
3181,微笑,wēixiào,1,微笑,weixiao,动、名,5,5,{},false,false,false,
3182,威胁,wēixié,1,威胁,weixie,动,5,5,{},false,false,false,
3183,围,wéi,1,围,wei,动,5,5,{},false,false,false,
3184,为,wéi,2,为2,wei,介,5,5,{},true,true,false,
3185,维持,wéichí,1,维持,weichi,动,5,5,{},false,false,false,
3186,违法,wéifǎ,1,违法,weifa,动,5,5,{},false,false,false,
3187,违反,wéifǎn,1,违反,weifan,动,5,5,{},false,false,false,
3188,围巾,wéijīn,1,围巾,weijin,名,5,5,{},false,false,false,
3189,围绕,wéirào,1,围绕,weirao,动,5,5,{},false,false,false,
3190,维修,wéixiū,1,维修,weixiu,动,5,5,{},false,false,false,
3191,唯一,wéiyī,1,唯一,weiyi,形,5,5,{},false,false,false,
3192,尾巴,wěiba,1,尾巴,weiba,名,5,5,{},false,false,false,
3193,伟大,wěidà,1,伟大,weida,形,5,5,{},false,false,false,
3194,胃,wèi,1,胃,wei,名,5,5,{},false,false,false,
3195,喂,wèi,2,喂2,wei,动,5,5,{},true,false,false,
3196,未来,wèilái,1,未来,weilai,形、名,5,5,{},false,false,false,
3197,位于,wèiyú,1,位于,weiyu,动,5,5,{},false,false,false,
3198,位置,wèizhì,1,位置,weizhi,名,5,5,{},false,false,false,
3199,温暖,wēnnuǎn,1,温暖,wennuan,形、动,5,5,{},false,false,false,
3200,文学,wénxué,1,文学,wenxue,名,5,5,{},false,false,false,
3201,稳定,wěndìng,1,稳定,wending,形、动,5,5,{},false,false,false,
3202,问卷,wènjuàn,1,问卷,wenjuan,名,5,5,{},false,false,false,
3203,握,wò,1,握,wo,动,5,5,{},false,false,false,
3204,卧室,wòshì,1,卧室,woshi,名,5,5,{},false,false,false,
3205,握手,wòshǒu,1,握手,woshou,动,5,5,{},false,false,false,
3206,无关,wúguān,1,无关,wuguan,动,5,5,{},false,false,false,
3207,无奈,wúnài,1,无奈,wunai,动、连,5,5,{},false,false,false,
3208,无数,wúshù,1,无数,wushu,形,5,5,{},false,false,false,
3209,无限,wúxiàn,1,无限,wuxian,形,5,5,{},false,false,false,
3210,无效,wúxiào,1,无效,wuxiao,动,5,5,{},false,false,false,
3211,舞蹈,wǔdǎo,1,舞蹈,wudao,名,5,5,{},false,false,false,
3212,武术,wǔshù,1,武术,wushu,名,5,5,{},false,false,false,
3213,舞台,wǔtái,1,舞台,wutai,名,5,5,{},false,false,false,
3214,五颜六色,wǔyán-liùsè,1,五颜六色,wuyanliuse,,5,5,{},false,false,true,
3215,雾,wù,1,雾,wu,名,5,5,{},false,false,false,
3216,物价,wùjià,1,物价,wujia,名,5,5,{},false,false,false,
3217,物理,wùlǐ,1,物理,wuli,名,5,5,{},false,false,false,
3218,物品,wùpǐn,1,物品,wupin,名,5,5,{},false,false,false,
3219,物业,wùyè,1,物业,wuye,名,5,5,{},false,false,false,
3220,物质,wùzhì,1,物质,wuzhi,名,5,5,{},false,false,false,
3221,西餐,xīcān,1,西餐,xican,名,5,5,{},false,false,false,
3222,吸管,xīguǎn,1,吸管,xiguan,名,5,5,{},false,false,false,
3223,吸收,xīshōu,1,吸收,xishou,动,5,5,{},false,false,false,
3224,西装,xīzhuāng,1,西装,xizhuang,名,5,5,{},false,false,false,
3225,戏,xì,1,戏,xi,名,5,5,{},false,false,false,
3226,系,xì,1,系,xi,名,5,5,{},true,true,false,
3227,细节,xìjié,1,细节,xijie,名,5,5,{},false,false,false,
3228,戏剧,xìjù,1,戏剧,xiju,名,5,5,{},false,false,false,
3229,系统,xìtǒng,1,系统,xitong,名、形,5,5,{},false,false,false,
3230,下载,xiàzài,1,下载,xiazai,动,5,5,{},false,false,false,
3231,先后,xiānhòu,1,先后,xianhou,名、副,5,5,{},false,false,false,
3232,先进,xiānjìn,1,先进,xianjin,形、名,5,5,{},false,false,false,
3233,闲,xián,1,闲,xian,形,5,5,{},false,false,false,
3234,显得,xiǎnde,1,显得,xiande,动,5,5,{},false,false,false,
3235,显然,xiǎnrán,1,显然,xianran,形,5,5,{},false,false,false,
3236,显示,xiǎnshì,1,显示,xianshi,动,5,5,{},false,false,false,
3237,县,xiàn,1,县,xian,名,5,5,{},false,false,false,
3238,现场,xiànchǎng,1,现场,xianchang,名,5,5,{},false,false,false,
3239,现代,xiàndài,1,现代,xiandai,名、形,5,5,{},false,false,false,
3240,现代化,xiàndàihuà,1,现代化,xiandaihua,动,5,5,{},false,false,false,
3241,线路,xiànlù,1,线路,xianlu,名,5,5,{},false,false,false,
3242,现实,xiànshí,1,现实,xianshi,名、形,5,5,{},false,false,false,
3243,现象,xiànxiàng,1,现象,xianxiang,名,5,5,{},false,false,false,
3244,限制,xiànzhì,1,限制,xianzhi,动、名,5,5,{},false,false,false,
3245,现状,xiànzhuàng,1,现状,xianzhuang,名,5,5,{},false,false,false,
3246,乡,xiāng,1,乡,xiang,名,5,5,{},false,false,false,
3247,相处,xiāngchǔ,1,相处,xiangchu,动,5,5,{},false,false,false,
3248,乡村,xiāngcūn,1,乡村,xiangcun,名,5,5,{},false,false,false,
3249,相当,xiāngdāng,1,相当,xiangdang,动、副,5,5,{},false,false,false,
3250,相对,xiāngduì,1,相对,xiangdui,动、形,5,5,{},false,false,false,
3251,相关,xiāngguān,1,相关,xiangguan,动,5,5,{},false,false,false,
3252,相似,xiāngsì,1,相似,xiangsi,形,5,5,{},false,false,false,
3253,想念,xiǎngniàn,1,想念,xiangnian,动,5,5,{},false,false,false,
3254,响声,xiǎngshēng,1,响声,xiangsheng,名,5,5,{},false,false,false,
3255,享受,xiǎngshòu,1,享受,xiangshou,动,5,5,{},false,false,false,
3256,想象,xiǎngxiàng,1,想象,xiangxiang,动,5,5,{},false,false,false,
3257,相册,xiàngcè,1,相册,xiangce,名,5,5,{},false,false,false,
3258,项目,xiàngmù,1,项目,xiangmu,名,5,5,{},false,false,false,
3259,橡皮,xiàngpí,1,橡皮,xiangpi,名,5,5,{},false,false,false,
3260,向上,xiàngshàng,1,向上,xiangshang,动,5,5,{},false,false,false,
3261,象征,xiàngzhēng,1,象征,xiangzheng,动、名,5,5,{},false,false,false,
3262,消费,xiāofèi,1,消费,xiaofei,动,5,5,{},false,false,false,
3263,消费者,xiāofèizhě,1,消费者,xiaofeizhe,名,5,5,{},false,false,false,
3264,消化,xiāohuà,1,消化,xiaohua,动,5,5,{},false,false,false,
3265,消极,xiāojí,1,消极,xiaoji,形,5,5,{},false,false,false,
3266,销量,xiāoliàng,1,销量,xiaoliang,名,5,5,{},false,false,false,
3267,消失,xiāoshī,1,消失,xiaoshi,动,5,5,{},false,false,false,
3268,销售,xiāoshòu,1,销售,xiaoshou,动,5,5,{},false,false,false,
3269,小姐,xiǎojiě,1,小姐,xiaojie,名,5,5,{},false,false,false,
3270,小型,xiǎoxíng,1,小型,xiaoxing,形,5,5,{},false,false,false,
3271,小于,xiǎoyú,1,小于,xiaoyu,动,5,5,{},false,false,false,
3272,效率,xiàolǜ,1,效率,xiaolu,名,5,5,{},false,false,false,
3273,斜,xié,1,斜,xie,形、动,5,5,{},false,false,false,
3274,协议,xiéyì,1,协议,xieyi,动、名,5,5,{},false,false,false,
3275,写作,xiězuò,1,写作,xiezuo,动,5,5,{},false,false,false,
3276,新郎,xīnláng,1,新郎,xinlang,名,5,5,{},false,false,false,
3277,心理,xīnlǐ,1,心理,xinli,名,5,5,{},false,false,false,
3278,新娘,xīnniáng,1,新娘,xinniang,名,5,5,{},false,false,false,
3279,新人,xīnrén,1,新人,xinren,名,5,5,{},false,false,false,
3280,欣赏,xīnshǎng,1,欣赏,xinshang,动,5,5,{},false,false,false,
3281,心态,xīntài,1,心态,xintai,名,5,5,{},false,false,false,
3282,新型,xīnxíng,1,新型,xinxing,形,5,5,{},false,false,false,
3283,信封,xìnfēng,1,信封,xinfeng,名,5,5,{},false,false,false,
3284,信任,xìnrèn,1,信任,xinren,动,5,5,{},false,false,false,
3285,信用,xìnyòng,1,信用,xinyong,名,5,5,{},false,false,false,
3286,行程,xíngchéng,1,行程,xingcheng,名,5,5,{},false,false,false,
3287,形成,xíngchéng,1,形成,xingcheng,动,5,5,{},false,false,false,
3288,行动,xíngdòng,1,行动,xingdong,动、名,5,5,{},false,false,false,
3289,行人,xíngrén,1,行人,xingren,名,5,5,{},false,false,false,
3290,形容,xíngróng,1,形容,xingrong,动,5,5,{},false,false,false,
3291,形式,xíngshì,1,形式,xingshi,名,5,5,{},false,false,false,
3292,形势,xíngshì,1,形势,xingshi,名,5,5,{},false,false,false,
3293,行驶,xíngshǐ,1,行驶,xingshi,动,5,5,{},false,false,false,
3294,行为,xíngwéi,1,行为,xingwei,名,5,5,{},false,false,false,
3295,形象,xíngxiàng,1,形象,xingxiang,名、形,5,5,{},false,false,false,
3296,形状,xíngzhuàng,1,形状,xingzhuang,名,5,5,{},false,false,false,
3297,行走,xíngzǒu,1,行走,xingzou,动,5,5,{},false,false,false,
3298,幸运,xìngyùn,1,幸运,xingyun,名、形,5,5,{},false,false,false,
3299,性质,xìngzhì,1,性质,xingzhi,名,5,5,{},false,false,false,
3300,修改,xiūgǎi,1,修改,xiugai,动,5,5,{},false,false,false,
3301,修建,xiūjiàn,1,修建,xiujian,动,5,5,{},false,false,false,
3302,休闲,xiūxián,1,休闲,xiuxian,动,5,5,{},false,false,false,
3303,需,xū,1,需,xu,动,5,5,{},false,false,false,
3304,需求,xūqiú,1,需求,xuqiu,名,5,5,{},false,false,false,
3305,虚心,xūxīn,1,虚心,xuxin,形,5,5,{},false,false,false,
3306,宣布,xuānbù,1,宣布,xuanbu,动,5,5,{},false,false,false,
3307,宣传,xuānchuán,1,宣传,xuanchuan,动,5,5,{},false,false,false,
3308,选手,xuǎnshǒu,1,选手,xuanshou,名,5,5,{},false,false,false,
3309,学分,xuéfēn,1,学分,xuefen,名,5,5,{},false,false,false,
3310,学科,xuékē,1,学科,xueke,名,5,5,{},false,false,false,
3311,学历,xuélì,1,学历,xueli,名,5,5,{},false,false,false,
3312,学年,xuénián,1,学年,xuenian,名,5,5,{},false,false,false,
3313,学术,xuéshù,1,学术,xueshu,名,5,5,{},false,false,false,
3314,学者,xuézhě,1,学者,xuezhe,名,5,5,{},false,false,false,
3315,雪糕,xuěgāo,1,雪糕,xuegao,名,5,5,{},false,false,false,
3316,询问,xúnwèn,1,询问,xunwen,动,5,5,{},false,false,false,
3317,寻找,xúnzhǎo,1,寻找,xunzhao,动,5,5,{},false,false,false,
3318,训练,xùnliàn,1,训练,xunlian,动,5,5,{},false,false,false,
3319,迅速,xùnsù,1,迅速,xunsu,形,5,5,{},false,false,false,
3320,呀,yā,1,呀,ya,叹,5,5,{},false,false,false,
3321,押金,yājīn,1,押金,yajin,名,5,5,{},false,false,false,
3322,压岁钱,yāsuìqián,1,压岁钱,yasuiqian,名,5,5,{},false,false,false,
3323,鸭子,yāzi,1,鸭子,yazi,名,5,5,{},false,false,false,
3324,牙齿,yáchǐ,1,牙齿,yachi,名,5,5,{},false,false,false,
3325,沿,yán,1,沿,yan,介、动、名,5,5,{},false,false,false,
3326,延长,yáncháng,1,延长,yanchang,动,5,5,{},false,false,false,
3327,研发,yánfā,1,研发,yanfa,动,5,5,{},false,false,false,
3328,严肃,yánsù,1,严肃,yansu,形、动,5,5,{},false,false,false,
3329,研制,yánzhì,1,研制,yanzhi,动,5,5,{},false,false,false,
3330,眼,yǎn,1,眼,yan,名、量,5,5,{},false,false,false,
3331,演讲,yǎnjiǎng,1,演讲,yanjiang,动,5,5,{},false,false,false,
3332,眼泪,yǎnlèi,1,眼泪,yanlei,名,5,5,{},false,false,false,
3333,阳台,yángtái,1,阳台,yangtai,名,5,5,{},false,false,false,
3334,样式,yàngshì,1,样式,yangshi,名,5,5,{},false,false,false,
3335,腰,yāo,1,腰,yao,名,5,5,{},false,false,false,
3336,摇,yáo,1,摇,yao,动,5,5,{},false,false,false,
3337,咬,yǎo,1,咬,yao,动,5,5,{},false,false,false,
3338,要不,yàobù,1,要不,yaobu,连,5,5,{},false,false,false,
3339,要不是,yàobúshì,1,要不是,yaobushi,连,5,5,{},false,false,false,
3340,药品,yàopǐn,1,药品,yaopin,名,5,5,{},false,false,false,
3341,药物,yàowù,1,药物,yaowu,名,5,5,{},false,false,false,
3342,夜间,yèjiān,1,夜间,yejian,名,5,5,{},false,false,false,
3343,夜市,yèshì,1,夜市,yeshi,名,5,5,{},false,false,false,
3344,业务,yèwù,1,业务,yewu,名,5,5,{},false,false,false,
3345,业余,yèyú,1,业余,yeyu,形,5,5,{},false,false,false,
3346,依据,yījù,1,依据,yiju,名、动、介,5,5,{},false,false,false,
3347,依靠,yīkào,1,依靠,yikao,动、名,5,5,{},false,false,false,
3348,医疗,yīliáo,1,医疗,yiliao,动,5,5,{},false,false,false,
3349,依然,yīrán,1,依然,yiran,副,5,5,{},false,false,false,
3350,医学,yīxué,1,医学,yixue,名,5,5,{},false,false,false,
3351,移,yí,1,移,yi,动,5,5,{},false,false,false,
3352,一次性,yícìxìng,1,一次性,yicixing,形,5,5,{},false,false,false,
3353,一代,yídài,1,一代,yidai,名,5,5,{},false,false,false,
3354,一旦,yídàn,1,一旦,yidan,副,5,5,{},false,false,false,
3355,移动,yídòng,1,移动,yidong,动,5,5,{},false,false,false,
3356,遗憾,yíhàn,1,遗憾,yihan,名、形,5,5,{},false,false,false,
3357,一路,yílù,1,一路,yilu,名、副,5,5,{},false,false,false,
3358,一路顺风,yílù-shùnfēng,1,一路顺风,yilushunfeng,,5,5,{},false,false,true,
3359,疑问,yíwèn,1,疑问,yiwen,名,5,5,{},false,false,false,
3360,一致,yízhì,1,一致,yizhi,形、副,5,5,{},false,false,false,
3361,乙,yǐ,1,乙,yi,名,5,5,{},false,false,false,
3362,以,yǐ,1,以,yi,介、（连）,5,5,{7},false,false,false,
3363,以及,yǐjí,1,以及,yiji,连,5,5,{},false,false,false,
3364,以来,yǐlái,1,以来,yilai,名,5,5,{},false,false,false,
3365,亿,yì,1,亿,yi,数,5,5,{},false,false,false,
3366,意识,yìshí,1,意识,yishi,动、名,5,5,{},false,false,false,
3367,意外,yìwài,1,意外,yiwai,形、名,5,5,{},false,false,false,
3368,意味着,yìwèizhe,1,意味着,yiweizhe,动,5,5,{},false,false,false,
3369,义务,yìwù,1,义务,yiwu,名、形,5,5,{},false,false,false,
3370,意义,yìyì,1,意义,yiyi,名,5,5,{},false,false,false,
3371,因而,yīn’ér,1,因而,yiner,连,5,5,{},false,false,false,
3372,音量,yīnliàng,1,音量,yinliang,名,5,5,{},false,false,false,
3373,因素,yīnsù,1,因素,yinsu,名,5,5,{},false,false,false,
3374,引进,yǐnjìn,1,引进,yinjin,动,5,5,{},false,false,false,
3375,饮食,yǐnshí,1,饮食,yinshi,名,5,5,{},false,false,false,
3376,印刷,yìnshuā,1,印刷,yinshua,动,5,5,{},false,false,false,
3377,应当,yīngdāng,1,应当,yingdang,动,5,5,{},false,false,false,
3378,迎,yíng,1,迎,ying,动,5,5,{},false,false,false,
3379,迎接,yíngjiē,1,迎接,yingjie,动,5,5,{},false,false,false,
3380,营养,yíngyǎng,1,营养,yingyang,名,5,5,{},false,false,false,
3381,营业,yíngyè,1,营业,yingye,动,5,5,{},false,false,false,
3382,影片,yǐngpiàn,1,影片,yingpian,名,5,5,{},false,false,false,
3383,影视,yǐngshì,1,影视,yingshi,名,5,5,{},false,false,false,
3384,硬,yìng,1,硬,ying,形、副,5,5,{},false,false,false,
3385,应对,yìngduì,1,应对,yingdui,动,5,5,{},false,false,false,
3386,硬件,yìngjiàn,1,硬件,yingjian,名,5,5,{},false,false,false,
3387,应用,yìngyòng,1,应用,yingyong,动、形,5,5,{},false,false,false,
3388,拥抱,yōngbào,1,拥抱,yongbao,动,5,5,{},false,false,false,
3389,拥有,yōngyǒu,1,拥有,yongyou,动,5,5,{},false,false,false,
3390,勇气,yǒngqì,1,勇气,yongqi,名,5,5,{},false,false,false,
3391,用法,yòngfǎ,1,用法,yongfa,名,5,5,{},false,false,false,
3392,用户,yònghù,1,用户,yonghu,名,5,5,{},false,false,false,
3393,用力,yònglì,1,用力,yongli,动,5,5,{},false,false,false,
3394,用品,yòngpǐn,1,用品,yongpin,名,5,5,{},false,false,false,
3395,用途,yòngtú,1,用途,yongtu,名,5,5,{},false,false,false,
3396,优惠,yōuhuì,1,优惠,youhui,形,5,5,{},false,false,false,
3397,悠久,yōujiǔ,1,悠久,youjiu,形,5,5,{},false,false,false,
3398,优良,yōuliáng,1,优良,youliang,形,5,5,{},false,false,false,
3399,优美,yōuměi,1,优美,youmei,形,5,5,{},false,false,false,
3400,优势,yōushì,1,优势,youshi,名,5,5,{},false,false,false,
3401,优质,yōuzhì,1,优质,youzhi,形,5,5,{},false,false,false,
3402,由此,yóu cǐ,1,由此,youci,,5,5,{},false,false,true,
3403,邮寄,yóujì,1,邮寄,youji,动,5,5,{},false,false,false,
3404,邮局,yóujú,1,邮局,youju,名,5,5,{},false,false,false,
3405,游览,yóulǎn,1,游览,youlan,动,5,5,{},false,false,false,
3406,邮票,yóupiào,1,邮票,youpiao,名,5,5,{},false,false,false,
3407,油条,yóutiáo,1,油条,youtiao,名,5,5,{},false,false,false,
3408,犹豫,yóuyù,1,犹豫,youyu,形,5,5,{},false,false,false,
3409,有害,yǒu hài,1,有害,youhai,,5,5,{},false,false,true,
3410,有力,yǒulì,1,有力,youli,形,5,5,{},false,false,false,
3411,有利,yǒulì,1,有利,youli,形,5,5,{},false,false,false,
3412,有限,yǒuxiàn,1,有限,youxian,形,5,5,{},false,false,false,
3413,有益,yǒuyì,1,有益,youyi,形,5,5,{},false,false,false,
3414,有助于,yǒuzhùyú,1,有助于,youzhuyu,动,5,5,{},false,false,false,
3415,幼儿园,yòu’éryuán,1,幼儿园,youeryuan,名,5,5,{},false,false,false,
3416,娱乐,yúlè,1,娱乐,yule,动、名,5,5,{},false,false,false,
3417,语气,yǔqì,1,语气,yuqi,名,5,5,{},false,false,false,
3418,雨水,yǔshuǐ,1,雨水,yushui,名,5,5,{},false,false,false,
3419,语文,yǔwén,1,语文,yuwen,名,5,5,{},false,false,false,
3420,语音,yǔyīn,1,语音,yuyin,名,5,5,{},false,false,false,
3421,预报,yùbào,1,预报,yubao,动、名,5,5,{},false,false,false,
3422,预测,yùcè,1,预测,yuce,动,5,5,{},false,false,false,
3423,预订,yùdìng,1,预订,yuding,动,5,5,{},false,false,false,
3424,预防,yùfáng,1,预防,yufang,动,5,5,{},false,false,false,
3425,预计,yùjì,1,预计,yuji,动,5,5,{},false,false,false,
3426,玉米,yùmǐ,1,玉米,yumi,名,5,5,{},false,false,false,
3427,预约,yùyuē,1,预约,yuyue,动,5,5,{},false,false,false,
3428,原,yuán,1,原,yuan,形,5,5,{},false,false,false,
3429,圆,yuán,1,圆,yuan,名、形,5,5,{},false,false,false,
3430,原有,yuán yǒu,1,原有,yuanyou,,5,5,{},false,false,true,
3431,元旦,Yuándàn,1,元旦,yuandan,名,5,5,{},false,false,false,
3432,员工,yuángōng,1,员工,yuangong,名,5,5,{},false,false,false,
3433,原则,yuánzé,1,原则,yuanze,名,5,5,{},false,false,false,
3434,愿,yuàn,1,愿,yuan,动,5,5,{},false,false,false,
3435,愿望,yuànwàng,1,愿望,yuanwang,名,5,5,{},false,false,false,
3436,约定,yuēdìng,1,约定,yueding,动,5,5,{},false,false,false,
3437,运,yùn,1,运,yun,动,5,5,{},false,false,false,
3438,运费,yùnfèi,1,运费,yunfei,名,5,5,{},false,false,false,
3439,运气,yùnqi,1,运气,yunqi,名,5,5,{},false,false,false,
3440,运输,yùnshū,1,运输,yunshu,动,5,5,{},false,false,false,
3441,运用,yùnyòng,1,运用,yunyong,动,5,5,{},false,false,false,
3442,在场,zàichǎng,1,在场,zaichang,动,5,5,{},false,false,false,
3443,在乎,zàihu,1,在乎,zaihu,动,5,5,{},false,false,false,
3444,在内,zàinèi,1,在内,zainei,名,5,5,{},false,false,false,
3445,在线,zàixiàn,1,在线,zaixian,动,5,5,{},false,false,false,
3446,在于,zàiyú,1,在于,zaiyu,动,5,5,{},false,false,false,
3447,赞成,zànchéng,1,赞成,zancheng,动,5,5,{},false,false,false,
3448,糟,zāo,1,糟,zao,形,5,5,{},false,false,false,
3449,糟糕,zāogāo,1,糟糕,zaogao,形,5,5,{},false,false,false,
3450,早期,zǎoqī,1,早期,zaoqi,名,5,5,{},false,false,false,
3451,早晚,zǎowǎn,1,早晚,zaowan,名、副,5,5,{},false,false,false,
3452,早已,zǎoyǐ,1,早已,zaoyi,副,5,5,{},false,false,false,
3453,造,zào,1,造,zao,动,5,5,{},false,false,false,
3454,造成,zàochéng,1,造成,zaocheng,动,5,5,{},false,false,false,
3455,增,zēng,1,增,zeng,动,5,5,{},false,false,false,
3456,增进,zēngjìn,1,增进,zengjin,动,5,5,{},false,false,false,
3457,增强,zēngqiáng,1,增强,zengqiang,动,5,5,{},false,false,false,
3458,赠,zèng,1,赠,zeng,动,5,5,{},false,false,false,
3459,赠送,zèngsòng,1,赠送,zengsong,动,5,5,{},false,false,false,
3460,炸,zhá,1,炸,zha,动,5,5,{},true,true,false,
3461,摘,zhāi,1,摘,zhai,动,5,5,{},false,false,false,
3462,窄,zhǎi,1,窄,zhai,形,5,5,{},false,false,false,
3463,展出,zhǎnchū,1,展出,zhanchu,动,5,5,{},false,false,false,
3464,展开,zhǎnkāi,1,展开,zhankai,动,5,5,{},false,false,false,
3465,展览,zhǎnlǎn,1,展览,zhanlan,动,5,5,{},false,false,false,
3466,展示,zhǎnshì,1,展示,zhanshi,动,5,5,{},false,false,false,
3467,展现,zhǎnxiàn,1,展现,zhanxian,动,5,5,{},false,false,false,
3468,占,zhàn,1,占,zhan,动,5,5,{},false,false,false,
3469,站台,zhàntái,1,站台,zhantai,名,5,5,{},false,false,false,
3470,占线,zhànxiàn,1,占线,zhanxian,动,5,5,{},false,false,false,
3471,涨,zhǎng,1,涨,zhang,动,5,5,{},true,true,false,
3472,涨价,zhǎngjià,1,涨价,zhangjia,动,5,5,{},false,false,false,
3473,掌声,zhǎngshēng,1,掌声,zhangsheng,名,5,5,{},false,false,false,
3474,掌握,zhǎngwò,1,掌握,zhangwo,动,5,5,{},false,false,false,
3475,账号,zhànghào,1,账号,zhanghao,名,5,5,{},false,false,false,
3476,账户,zhànghù,1,账户,zhanghu,名,5,5,{},false,false,false,
3477,着凉,zháoliáng,1,着凉,zhaoliang,动,5,5,{},false,false,false,
3478,召开,zhàokāi,1,召开,zhaokai,动,5,5,{},false,false,false,
3479,折扣,zhékòu,1,折扣,zhekou,名,5,5,{},false,false,false,
3480,哲学,zhéxué,1,哲学,zhexue,名,5,5,{},false,false,false,
3481,真诚,zhēnchéng,1,真诚,zhencheng,形,5,5,{},false,false,false,
3482,针对,zhēnduì,1,针对,zhendui,动,5,5,{},false,false,false,
3483,珍贵,zhēnguì,1,珍贵,zhengui,形,5,5,{},false,false,false,
3484,真实,zhēnshí,1,真实,zhenshi,形,5,5,{},false,false,false,
3485,珍惜,zhēnxī,1,珍惜,zhenxi,动,5,5,{},false,false,false,
3486,诊断,zhěnduàn,1,诊断,zhenduan,动,5,5,{},false,false,false,
3487,阵,zhèn,1,阵,zhen,量,5,5,{},false,false,false,
3488,争,zhēng,1,争,zheng,动,5,5,{},false,false,false,
3489,争取,zhēngqǔ,1,争取,zhengqu,动,5,5,{},false,false,false,
3490,整齐,zhěngqí,1,整齐,zhengqi,形,5,5,{},false,false,false,
3491,整体,zhěngtǐ,1,整体,zhengti,名,5,5,{},false,false,false,
3492,整整,zhěngzhěng,1,整整,zhengzheng,副,5,5,{},false,false,false,
3493,挣,zhèng,1,挣,zheng,动,5,5,{},false,false,false,
3494,政府,zhèngfǔ,1,政府,zhengfu,名,5,5,{},false,false,false,
3495,证据,zhèngjù,1,证据,zhengju,名,5,5,{},false,false,false,
3496,正如,zhèngrú,1,正如,zhengru,动,5,5,{},false,false,false,
3497,证书,zhèngshū,1,证书,zhengshu,名,5,5,{},false,false,false,
3498,政治,zhèngzhì,1,政治,zhengzhi,名,5,5,{},false,false,false,
3499,支,zhī,1,支1,zhi,量,5,5,{},true,false,false,
3500,知名,zhīmíng,1,知名,zhiming,形,5,5,{},false,false,false,
3501,直,zhí,1,直,zhi,形、动、副,5,5,{},false,false,false,
3502,直播,zhíbō,1,直播,zhibo,动,5,5,{},false,false,false,
3503,职场,zhíchǎng,1,职场,zhichang,名,5,5,{},false,false,false,
3504,职工,zhígōng,1,职工,zhigong,名,5,5,{},false,false,false,
3505,执行,zhíxíng,1,执行,zhixing,动、形,5,5,{},false,false,false,
3506,止,zhǐ,1,止,zhi,动,5,5,{},false,false,false,
3507,指导,zhǐdǎo,1,指导,zhidao,动,5,5,{},false,false,false,
3508,至,zhì,1,至,zhi,动,5,5,{},false,false,false,
3509,治,zhì,1,治,zhi,动,5,5,{},false,false,false,
3510,制订,zhìdìng,1,制订,zhiding,动,5,5,{},false,false,false,
3511,制定,zhìdìng,1,制定,zhiding,动,5,5,{},false,false,false,
3512,制度,zhìdù,1,制度,zhidu,名,5,5,{},false,false,false,
3513,智慧,zhìhuì,1,智慧,zhihui,名,5,5,{},false,false,false,
3514,至今,zhìjīn,1,至今,zhijin,副,5,5,{},false,false,false,
3515,治疗,zhìliáo,1,治疗,zhiliao,动,5,5,{},false,false,false,
3516,智能,zhìnéng,1,智能,zhineng,名、形,5,5,{},false,false,false,
3517,志愿者,zhìyuànzhě,1,志愿者,zhiyuanzhe,名,5,5,{},false,false,false,
3518,制造,zhìzào,1,制造,zhizao,动,5,5,{},false,false,false,
3519,制作,zhìzuò,1,制作,zhizuo,动,5,5,{},false,false,false,
3520,中华,Zhōnghuá,1,中华,zhonghua,名,5,5,{},false,false,false,
3521,中华民族,Zhōnghuá Mínzú,1,中华民族,zhonghuaminzu,,5,5,{},false,false,true,
3522,中级,zhōngjí,1,中级,zhongji,形,5,5,{},false,false,false,
3523,中介,zhōngjiè,1,中介,zhongjie,名,5,5,{},false,false,false,
3524,中期,zhōngqī,1,中期,zhongqi,名,5,5,{},false,false,false,
3525,中外,zhōngwài,1,中外,zhongwai,名,5,5,{},false,false,false,
3526,中心,zhōngxīn,1,中心,zhongxin,名,5,5,{},false,false,false,
3527,中药,zhōngyào,1,中药,zhongyao,名,5,5,{},false,false,false,
3528,中医,zhōngyī,1,中医,zhongyi,名,5,5,{},false,false,false,
3529,种类,zhǒnglèi,1,种类,zhonglei,名,5,5,{},false,false,false,
3530,种子,zhǒngzi,1,种子,zhongzi,名,5,5,{},false,false,false,
3531,重大,zhòngdà,1,重大,zhongda,形,5,5,{},false,false,false,
3532,众多,zhòngduō,1,众多,zhongduo,形,5,5,{},false,false,false,
3533,重量,zhòngliàng,1,重量,zhongliang,名,5,5,{},false,false,false,
3534,种植,zhòngzhí,1,种植,zhongzhi,动,5,5,{},false,false,false,
3535,周年,zhōunián,1,周年,zhounian,名,5,5,{},false,false,false,
3536,猪,zhū,1,猪,zhu,名,5,5,{},false,false,false,
3537,逐步,zhúbù,1,逐步,zhubu,副,5,5,{},false,false,false,
3538,逐渐,zhújiàn,1,逐渐,zhujian,副,5,5,{},false,false,false,
3539,竹子,zhúzi,1,竹子,zhuzi,名,5,5,{},false,false,false,
3540,煮,zhǔ,1,煮,zhu,动,5,5,{},false,false,false,
3541,主持,zhǔchí,1,主持,zhuchi,动,5,5,{},false,false,false,
3542,主动,zhǔdòng,1,主动,zhudong,形,5,5,{},false,false,false,
3543,主观,zhǔguān,1,主观,zhuguan,形,5,5,{},false,false,false,
3544,主人,zhǔrén,1,主人,zhuren,名,5,5,{},false,false,false,
3545,主任,zhǔrèn,1,主任,zhuren,名,5,5,{},false,false,false,
3546,主食,zhǔshí,1,主食,zhushi,名,5,5,{},false,false,false,
3547,主题,zhǔtí,1,主题,zhuti,名,5,5,{},false,false,false,
3548,主席,zhǔxí,1,主席,zhuxi,名,5,5,{},false,false,false,
3549,注册,zhùcè,1,注册,zhuce,动,5,5,{},false,false,false,
3550,住房,zhùfáng,1,住房,zhufang,名,5,5,{},false,false,false,
3551,住宿,zhùsù,1,住宿,zhusu,动,5,5,{},false,false,false,
3552,住址,zhùzhǐ,1,住址,zhuzhi,名,5,5,{},false,false,false,
3553,注重,zhùzhòng,1,注重,zhuzhong,动,5,5,{},false,false,false,
3554,抓,zhuā,1,抓,zhua,动,5,5,{},false,false,false,
3555,抓紧,zhuājǐn,1,抓紧,zhuajin,动,5,5,{},false,false,false,
3556,专家,zhuānjiā,1,专家,zhuanjia,名,5,5,{},false,false,false,
3557,专心,zhuānxīn,1,专心,zhuanxin,形,5,5,{},false,false,false,
3558,转变,zhuǎnbiàn,1,转变,zhuanbian,动,5,5,{},false,false,false,
3559,转告,zhuǎngào,1,转告,zhuangao,动,5,5,{},false,false,false,
3560,装饰,zhuāngshì,1,装饰,zhuangshi,动、名,5,5,{},false,false,false,
3561,装修,zhuāngxiū,1,装修,zhuangxiu,动,5,5,{},false,false,false,
3562,撞,zhuàng,1,撞,zhuang,动,5,5,{},false,false,false,
3563,状况,zhuàngkuàng,1,状况,zhuangkuang,名,5,5,{},false,false,false,
3564,状态,zhuàngtài,1,状态,zhuangtai,名,5,5,{},false,false,false,
3565,追,zhuī,1,追,zhui,动,5,5,{},false,false,false,
3566,追求,zhuīqiú,1,追求,zhuiqiu,动,5,5,{},false,false,false,
3567,资格,zīgé,1,资格,zige,名,5,5,{},false,false,false,
3568,资金,zījīn,1,资金,zijin,名,5,5,{},false,false,false,
3569,姿势,zīshì,1,姿势,zishi,名,5,5,{},false,false,false,
3570,咨询,zīxún,1,咨询,zixun,动,5,5,{},false,false,false,
3571,资源,zīyuán,1,资源,ziyuan,名,5,5,{},false,false,false,
3572,紫,zǐ,1,紫,zi,形,5,5,{},false,false,false,
3573,子女,zǐnǚ,1,子女,zinu,名,5,5,{},false,false,false,
3574,自从,zìcóng,1,自从,zicong,介,5,5,{},false,false,false,
3575,自动,zìdòng,1,自动,zidong,副、形,5,5,{},false,false,false,
3576,自觉,zìjué,1,自觉,zijue,动、形,5,5,{},false,false,false,
3577,字母,zìmǔ,1,字母,zimu,名,5,5,{},false,false,false,
3578,自身,zìshēn,1,自身,zishen,名,5,5,{},false,false,false,
3579,自由,zìyóu,1,自由,ziyou,形、名,5,5,{},false,false,false,
3580,综合,zōnghé,1,综合,zonghe,动,5,5,{},false,false,false,
3581,总部,zǒngbù,1,总部,zongbu,名,5,5,{},false,false,false,
3582,总共,zǒnggòng,1,总共,zonggong,副,5,5,{},false,false,false,
3583,总数,zǒngshù,1,总数,zongshu,名,5,5,{},false,false,false,
3584,总体,zǒngtǐ,1,总体,zongti,名,5,5,{},false,false,false,
3585,总统,zǒngtǒng,1,总统,zongtong,名,5,5,{},false,false,false,
3586,总之,zǒngzhī,1,总之,zongzhi,连,5,5,{},false,false,false,
3587,租金,zūjīn,1,租金,zujin,名,5,5,{},false,false,false,
3588,族,zú,1,族,zu,后缀,5,5,{},false,false,false,
3589,足够,zúgòu,1,足够,zugou,动,5,5,{},false,false,false,
3590,组成,zǔchéng,1,组成,zucheng,动,5,5,{},false,false,false,
3591,组合,zǔhé,1,组合,zuhe,动、名,5,5,{},false,false,false,
3592,阻止,zǔzhǐ,1,阻止,zuzhi,动,5,5,{},false,false,false,
3593,组织,zǔzhī,1,组织,zuzhi,动、名,5,5,{},false,false,false,
3594,嘴巴,zuǐba,1,嘴巴,zuiba,名,5,5,{},false,false,false,
3595,醉,zuì,1,醉,zui,动,5,5,{},false,false,false,
3596,最初,zuìchū,1,最初,zuichu,名,5,5,{},false,false,false,
3597,最佳,zuìjiā,1,最佳,zuijia,形,5,5,{},false,false,false,
3598,尊敬,zūnjìng,1,尊敬,zunjing,动、形,5,5,{},false,false,false,
3599,遵守,zūnshǒu,1,遵守,zunshou,动,5,5,{},false,false,false,
3600,作出,zuòchū,1,作出,zuochu,动,5,5,{},false,false,false,
3601,岸,àn,1,岸,an,名,6,6,{},false,false,false,
3602,案例,ànlì,1,案例,anli,名,6,6,{},false,false,false,
3603,按摩,ànmó,1,按摩,anmo,动,6,6,{},false,false,false,
3604,暗示,ànshì,1,暗示,anshi,动,6,6,{},false,false,false,
3605,昂贵,ángguì,1,昂贵,anggui,形,6,6,{},false,false,false,
3606,白白,báibái,1,白白,baibai,副,6,6,{},false,false,false,
3607,白领,báilǐng,1,白领,bailing,名,6,6,{},false,false,false,
3608,摆,bǎi,1,摆,bai,动,6,6,{},false,false,false,
3609,摆放,bǎifàng,1,摆放,baifang,动,6,6,{},false,false,false,
3610,百分点,bǎifēndiǎn,1,百分点,baifendian,名,6,6,{},false,false,false,
3611,百货,bǎihuò,1,百货,baihuo,名,6,6,{},false,false,false,
3612,摆脱,bǎituō,1,摆脱,baituo,动,6,6,{},false,false,false,
3613,败,bài,1,败,bai,动,6,6,{},false,false,false,
3614,拜访,bàifǎng,1,拜访,baifang,动,6,6,{},false,false,false,
3615,拜年,bàinián,1,拜年,bainian,动,6,6,{},false,false,false,
3616,版,bǎn,1,版,ban,名、量,6,6,{},false,false,false,
3617,版本,bǎnběn,1,版本,banben,名,6,6,{},false,false,false,
3618,伴随,bànsuí,1,伴随,bansui,动,6,6,{},false,false,false,
3619,扮演,bànyǎn,1,扮演,banyan,动,6,6,{},false,false,false,
3620,榜样,bǎngyàng,1,榜样,bangyang,名,6,6,{},false,false,false,
3621,棒球,bàngqiú,1,棒球,bangqiu,名,6,6,{},false,false,false,
3622,保管,bǎoguǎn,1,保管,baoguan,动,6,6,{},false,false,false,
3623,保健,bǎojiàn,1,保健,baojian,动,6,6,{},false,false,false,
3624,保暖,bǎonuǎn,1,保暖,baonuan,动,6,6,{},false,false,false,
3625,保修,bǎoxiū,1,保修,baoxiu,动,6,6,{},false,false,false,
3626,保障,bǎozhàng,1,保障,baozhang,动、名,6,6,{},false,false,false,
3627,爆,bào,1,爆,bao,动,6,6,{},false,false,false,
3628,爆发,bàofā,1,爆发,baofa,动,6,6,{},false,false,false,
3629,报刊,bàokān,1,报刊,baokan,名,6,6,{},false,false,false,
3630,暴力,bàolì,1,暴力,baoli,名,6,6,{},false,false,false,
3631,暴露,bàolù,1,暴露,baolu,动,6,6,{},false,false,false,
3632,报社,bàoshè,1,报社,baoshe,名,6,6,{},false,false,false,
3633,爆炸,bàozhà,1,爆炸,baozha,动,6,6,{},false,false,false,
3634,悲观,bēiguān,1,悲观,beiguan,形,6,6,{},false,false,false,
3635,悲剧,bēijù,1,悲剧,beiju,名,6,6,{},false,false,false,
3636,悲伤,bēishāng,1,悲伤,beishang,形,6,6,{},false,false,false,
3637,北极,běijí,1,北极,beiji,名,6,6,{},false,false,false,
3638,北美洲,Běiměizhōu,1,北美洲,beimeizhou,名,6,6,{},false,false,false,
3639,被动,bèidòng,1,被动,beidong,形,6,6,{},false,false,false,
3640,被迫,bèipò,1,被迫,beipo,动,6,6,{},false,false,false,
3641,背心,bèixīn,1,背心,beixin,名,6,6,{},false,false,false,
3642,备用,bèiyòng,1,备用,beiyong,动,6,6,{},false,false,false,
3643,倍增,bèizēng,1,倍增,beizeng,动,6,6,{},false,false,false,
3644,奔跑,bēnpǎo,1,奔跑,benpao,动,6,6,{},false,false,false,
3645,本能,běnnéng,1,本能,benneng,名、副,6,6,{},false,false,false,
3646,本身,běnshēn,1,本身,benshen,代,6,6,{},false,false,false,
3647,本土,běntǔ,1,本土,bentu,名,6,6,{},false,false,false,
3648,逼,bī,1,逼,bi,动,6,6,{},false,false,false,
3649,比方,bǐfang,1,比方,bifang,动,6,6,{},false,false,false,
3650,比重,bǐzhòng,1,比重,bizhong,名,6,6,{},false,false,false,
3651,闭,bì,1,闭,bi,动,6,6,{},false,false,false,
3652,避,bì,1,避,bi,动,6,6,{},false,false,false,
3653,必修,bìxiū,1,必修,bixiu,形,6,6,{},false,false,false,
3654,编,biān,1,编,bian,动,6,6,{},false,false,false,
3655,编辑,biānjí,1,编辑,bianji,动、名,6,6,{},false,false,false,
3656,编写,biānxiě,1,编写,bianxie,动,6,6,{},false,false,false,
3657,遍地,biàndì,1,遍地,biandi,动、副,6,6,{},false,false,false,
3658,便捷,biànjié,1,便捷,bianjie,形,6,6,{},false,false,false,
3659,变质,biànzhì,1,变质,bianzhi,动,6,6,{},false,false,false,
3660,兵,bīng,1,兵,bing,名,6,6,{},false,false,false,
3661,病毒,bìngdú,1,病毒,bingdu,名,6,6,{},false,false,false,
3662,播,bō,1,播,bo,动,6,6,{},false,false,false,
3663,播种,bōzhǒng,1,播种,bozhong,动,6,6,{},false,false,false,
3664,博览会,bólǎnhuì,1,博览会,bolanhui,名,6,6,{},false,false,false,
3665,薄弱,bóruò,1,薄弱,boruo,形,6,6,{},false,false,false,
3666,脖子,bózi,1,脖子,bozi,名,6,6,{},false,false,false,
3667,不耐烦,bú nàifán,1,不耐烦,bunaifan,,6,6,{},false,false,true,
3668,不顾,búgù,1,不顾,bugu,动,6,6,{},false,false,false,
3669,不料,búliào,1,不料,buliao,连,6,6,{},false,false,false,
3670,不适,búshì,1,不适,bushi,形,6,6,{},false,false,false,
3671,不至于,búzhìyú,1,不至于,buzhiyu,动,6,6,{},false,false,false,
3672,补,bǔ,1,补,bu,动,6,6,{},false,false,false,
3673,捕,bǔ,1,捕,bu,动,6,6,{},false,false,false,
3674,补偿,bǔcháng,1,补偿,buchang,动,6,6,{},false,false,false,
3675,补课,bǔkè,1,补课,buke,动,6,6,{},false,false,false,
3676,补贴,bǔtiē,1,补贴,butie,动、名,6,6,{},false,false,false,
3677,补习,bǔxí,1,补习,buxi,动,6,6,{},false,false,false,
3678,布,bù,1,布,bu,名,6,6,{},false,false,false,
3679,不安,bù’ān,1,不安,buan,形,6,6,{},false,false,false,
3680,不曾,bùcéng,1,不曾,buceng,副,6,6,{},false,false,false,
3681,不成,bùchéng,1,不成,bucheng,动、形、助,6,6,{},false,false,false,
3682,不得,bùdé,1,不得,bude,动,6,6,{},false,false,false,
3683,部队,bùduì,1,部队,budui,名,6,6,{},false,false,false,
3684,不禁,bùjīn,1,不禁,bujin,副,6,6,{},false,false,false,
3685,不时,bùshí,1,不时,bushi,副、名,6,6,{},false,false,false,
3686,部位,bùwèi,1,部位,buwei,名,6,6,{},false,false,false,
3687,不许,bùxǔ,1,不许,buxu,动,6,6,{},false,false,false,
3688,不宜,bùyí,1,不宜,buyi,动,6,6,{},false,false,false,
3689,不已,bùyǐ,1,不已,buyi,动,6,6,{},false,false,false,
3690,布置,bùzhì,1,布置,buzhi,动,6,6,{},false,false,false,
3691,不止,bùzhǐ,1,不止,buzhi,动、副,6,6,{},false,false,false,
3692,步骤,bùzhòu,1,步骤,buzhou,名,6,6,{},false,false,false,
3693,猜测,cāicè,1,猜测,caice,动,6,6,{},false,false,false,
3694,财产,cáichǎn,1,财产,caichan,名,6,6,{},false,false,false,
3695,财富,cáifù,1,财富,caifu,名,6,6,{},false,false,false,
3696,才华,cáihuá,1,才华,caihua,名,6,6,{},false,false,false,
3697,才能,cáinéng,1,才能,caineng,名,6,6,{},false,false,false,
3698,财务,cáiwù,1,财务,caiwu,名,6,6,{},false,false,false,
3699,财物,cáiwù,1,财物,caiwu,名,6,6,{},false,false,false,
3700,材质,cáizhì,1,材质,caizhi,名,6,6,{},false,false,false,
3701,踩,cǎi,1,踩,cai,动,6,6,{},false,false,false,
3702,采购,cǎigòu,1,采购,caigou,动、名,6,6,{},false,false,false,
3703,彩虹,cǎihóng,1,彩虹,caihong,名,6,6,{},false,false,false,
3704,采集,cǎijí,1,采集,caiji,动,6,6,{},false,false,false,
3705,采纳,cǎinà,1,采纳,caina,动,6,6,{},false,false,false,
3706,彩票,cǎipiào,1,彩票,caipiao,名,6,6,{},false,false,false,
3707,参展,cānzhǎn,1,参展,canzhan,动,6,6,{},false,false,false,
3708,残疾,cánjí,1,残疾,canji,名,6,6,{},false,false,false,
3709,仓库,cāngkù,1,仓库,cangku,名,6,6,{},false,false,false,
3710,草原,cǎoyuán,1,草原,caoyuan,名,6,6,{},false,false,false,
3711,侧,cè,1,侧,ce,名、动,6,6,{},false,false,false,
3712,策划,cèhuà,1,策划,cehua,动,6,6,{},false,false,false,
3713,测量,cèliáng,1,测量,celiang,动,6,6,{},false,false,false,
3714,策略,cèlüè,1,策略,celue,名,6,6,{},false,false,false,
3715,层次,céngcì,1,层次,cengci,名,6,6,{},false,false,false,
3716,层面,céngmiàn,1,层面,cengmian,名,6,6,{},false,false,false,
3717,叉,chā,1,叉,cha,名、动,6,6,{},false,false,false,
3718,差异,chāyì,1,差异,chayi,名,6,6,{},false,false,false,
3719,插座,chāzuò,1,插座,chazuo,名,6,6,{},false,false,false,
3720,查询,cháxún,1,查询,chaxun,动,6,6,{},false,false,false,
3721,拆除,chāichú,1,拆除,chaichu,动,6,6,{},false,false,false,
3722,产出,chǎnchū,1,产出,chanchu,动,6,6,{},false,false,false,
3723,产地,chǎndì,1,产地,chandi,名,6,6,{},false,false,false,
3724,肠,cháng,1,肠,chang,名,6,6,{},false,false,false,
3725,长短,chángduǎn,1,长短,changduan,名,6,6,{},false,false,false,
3726,常规,chángguī,1,常规,changgui,名、形,6,6,{},false,false,false,
3727,常年,chángnián,1,常年,changnian,副、名,6,6,{},false,false,false,
3728,长寿,chángshòu,1,长寿,changshou,形,6,6,{},false,false,false,
3729,常温,chángwēn,1,常温,changwen,名,6,6,{},false,false,false,
3730,场次,chǎngcì,1,场次,changci,名,6,6,{},false,false,false,
3731,场地,chǎngdì,1,场地,changdi,名,6,6,{},false,false,false,
3732,场馆,chǎngguǎn,1,场馆,changguan,名,6,6,{},false,false,false,
3733,场合,chǎnghé,1,场合,changhe,名,6,6,{},false,false,false,
3734,厂家,chǎngjiā,1,厂家,changjia,名,6,6,{},false,false,false,
3735,场景,chǎngjǐng,1,场景,changjing,名,6,6,{},false,false,false,
3736,场面,chǎngmiàn,1,场面,changmian,名,6,6,{},false,false,false,
3737,厂商,chǎngshāng,1,厂商,changshang,名,6,6,{},false,false,false,
3738,畅通,chàngtōng,1,畅通,changtong,形,6,6,{},false,false,false,
3739,畅销,chàngxiāo,1,畅销,changxiao,动,6,6,{},false,false,false,
3740,抄,chāo,1,抄,chao,动,6,6,{},false,false,false,
3741,超越,chāoyuè,1,超越,chaoyue,动,6,6,{},false,false,false,
3742,朝代,cháodài,1,朝代,chaodai,名,6,6,{},false,false,false,
3743,潮流,cháoliú,1,潮流,chaoliu,名,6,6,{},false,false,false,
3744,潮湿,cháoshī,1,潮湿,chaoshi,形,6,6,{},false,false,false,
3745,嘲笑,cháoxiào,1,嘲笑,chaoxiao,动,6,6,{},false,false,false,
3746,炒股,chǎogǔ,1,炒股,chaogu,动,6,6,{},false,false,false,
3747,吵架,chǎojià,1,吵架,chaojia,动,6,6,{},false,false,false,
3748,撤回,chèhuí,1,撤回,chehui,动,6,6,{},false,false,false,
3749,撤销,chèxiāo,1,撤销,chexiao,动,6,6,{},false,false,false,
3750,沉重,chénzhòng,1,沉重,chenzhong,形,6,6,{},false,false,false,
3751,趁,chèn,1,趁,chen,介,6,6,{},false,false,false,
3752,撑,chēng,1,撑,cheng,动,6,6,{},false,false,false,
3753,称号,chēnghào,1,称号,chenghao,名,6,6,{},false,false,false,
3754,称呼,chēnghu,1,称呼,chenghu,动、名,6,6,{},false,false,false,
3755,称作,chēngzuò,1,称作,chengzuo,动,6,6,{},false,false,false,
3756,成,chéng,1,成,cheng,量,6,6,{},false,false,false,
3757,乘,chéng,2,乘2,cheng,动,6,6,{},true,false,false,
3758,盛,chéng,1,盛,cheng,动,6,6,{},false,false,false,
3759,承办,chéngbàn,1,承办,chengban,动,6,6,{},false,false,false,
3760,惩罚,chéngfá,1,惩罚,chengfa,动,6,6,{},false,false,false,
3761,成交,chéngjiāo,1,成交,chengjiao,动,6,6,{},false,false,false,
3762,承诺,chéngnuò,1,承诺,chengnuo,动,6,6,{},false,false,false,
3763,成千上万,chéngqiān-shàngwàn,1,成千上万,chengqianshangwan,,6,6,{},false,false,true,
3764,呈现,chéngxiàn,1,呈现,chengxian,动,6,6,{},false,false,false,
3765,成效,chéngxiào,1,成效,chengxiao,名,6,6,{},false,false,false,
3766,诚信,chéngxìn,1,诚信,chengxin,形,6,6,{},false,false,false,
3767,成语,chéngyǔ,1,成语,chengyu,名,6,6,{},false,false,false,
3768,城镇,chéngzhèn,1,城镇,chengzhen,名,6,6,{},false,false,false,
3769,持久,chíjiǔ,1,持久,chijiu,形,6,6,{},false,false,false,
3770,持有,chíyǒu,1,持有,chiyou,动,6,6,{},false,false,false,
3771,尺,chǐ,1,尺,chi,量、名,6,6,{},false,false,false,
3772,尺寸,chǐcùn,1,尺寸,chicun,名,6,6,{},false,false,false,
3773,冲动,chōngdòng,1,冲动,chongdong,名、形,6,6,{},false,false,false,
3774,冲击,chōngjī,1,冲击,chongji,动,6,6,{},false,false,false,
3775,充实,chōngshí,1,充实,chongshi,形、动,6,6,{},false,false,false,
3776,冲突,chōngtū,1,冲突,chongtu,动,6,6,{},false,false,false,
3777,崇拜,chóngbài,1,崇拜,chongbai,动,6,6,{},false,false,false,
3778,重建,chóngjiàn,1,重建,chongjian,动,6,6,{},false,false,false,
3779,冲,chòng,1,冲,chong,动、介,6,6,{},true,true,false,
3780,抽奖,chōujiǎng,1,抽奖,choujiang,动,6,6,{},false,false,false,
3781,抽象,chōuxiàng,1,抽象,chouxiang,形,6,6,{},false,false,false,
3782,愁,chóu,1,愁,chou,动,6,6,{},false,false,false,
3783,筹备,chóubèi,1,筹备,choubei,动,6,6,{},false,false,false,
3784,初步,chūbù,1,初步,chubu,形,6,6,{},false,false,false,
3785,出场,chūchǎng,1,出场,chuchang,动,6,6,{},false,false,false,
3786,初等,chūděng,1,初等,chudeng,形,6,6,{},false,false,false,
3787,出境,chūjìng,1,出境,chujing,动,6,6,{},false,false,false,
3788,出力,chūlì,1,出力,chuli,动,6,6,{},false,false,false,
3789,出名,chūmíng,1,出名,chuming,形,6,6,{},false,false,false,
3790,出入,chūrù,1,出入,churu,名,6,6,{},false,false,false,
3791,出示,chūshì,1,出示,chushi,动,6,6,{},false,false,false,
3792,出游,chūyóu,1,出游,chuyou,动,6,6,{},false,false,false,
3793,出于,chūyú,1,出于,chuyu,动,6,6,{},false,false,false,
3794,除,chú,1,除,chu,动、介,6,6,{},false,false,false,
3795,除非,chúfēi,1,除非,chufei,连,6,6,{},false,false,false,
3796,储存,chǔcún,1,储存,chucun,动,6,6,{},false,false,false,
3797,处罚,chǔfá,1,处罚,chufa,动,6,6,{},false,false,false,
3798,储蓄,chǔxù,1,储蓄,chuxu,动、名,6,6,{},false,false,false,
3799,处处,chùchù,1,处处,chuchu,副,6,6,{},false,false,false,
3800,穿过,chuānguò,1,穿过,chuanguo,动,6,6,{},false,false,false,
3801,传承,chuánchéng,1,传承,chuancheng,动,6,6,{},false,false,false,
3802,传达,chuándá,1,传达,chuanda,动,6,6,{},false,false,false,
3803,传染,chuánrǎn,1,传染,chuanran,动,6,6,{},false,false,false,
3804,传染病,chuánrǎnbìng,1,传染病,chuanranbing,名,6,6,{},false,false,false,
3805,传授,chuánshòu,1,传授,chuanshou,动,6,6,{},false,false,false,
3806,传输,chuánshū,1,传输,chuanshu,动,6,6,{},false,false,false,
3807,传真,chuánzhēn,1,传真,chuanzhen,名,6,6,{},false,false,false,
3808,船只,chuánzhī,1,船只,chuanzhi,名,6,6,{},false,false,false,
3809,串,chuàn,1,串,chuan,名、量,6,6,{},false,false,false,
3810,窗口,chuāngkǒu,1,窗口,chuangkou,名,6,6,{},false,false,false,
3811,闯,chuǎng,1,闯,chuang,动,6,6,{},false,false,false,
3812,创办,chuàngbàn,1,创办,chuangban,动,6,6,{},false,false,false,
3813,创建,chuàngjiàn,1,创建,chuangjian,动,6,6,{},false,false,false,
3814,创立,chuànglì,1,创立,chuangli,动,6,6,{},false,false,false,
3815,创意,chuàngyì,1,创意,chuangyi,名、动,6,6,{},false,false,false,
3816,垂直,chuízhí,1,垂直,chuizhi,动,6,6,{},false,false,false,
3817,纯,chún,1,纯,chun,形、副,6,6,{},false,false,false,
3818,瓷器,cíqì,1,瓷器,ciqi,名,6,6,{},false,false,false,
3819,此刻,cǐkè,1,此刻,cike,名,6,6,{},false,false,false,
3820,刺,cì,1,刺,ci,动、名,6,6,{},false,false,false,
3821,次数,cìshù,1,次数,cishu,名,6,6,{},false,false,false,
3822,匆匆,cōngcōng,1,匆匆,congcong,形,6,6,{},false,false,false,
3823,匆忙,cōngmáng,1,匆忙,congmang,形,6,6,{},false,false,false,
3824,从未,cóngwèi,1,从未,congwei,副,6,6,{},false,false,false,
3825,从业,cóngyè,1,从业,congye,动,6,6,{},false,false,false,
3826,醋,cù,1,醋,cu,名,6,6,{},false,false,false,
3827,脆,cuì,1,脆,cui,形,6,6,{},false,false,false,
3828,脆弱,cuìruò,1,脆弱,cuiruo,形,6,6,{},false,false,false,
3829,村庄,cūnzhuāng,1,村庄,cunzhuang,名,6,6,{},false,false,false,
3830,存储,cúnchǔ,1,存储,cunchu,动,6,6,{},false,false,false,
3831,寸,cùn,1,寸,cun,量,6,6,{},false,false,false,
3832,挫折,cuòzhé,1,挫折,cuozhe,动,6,6,{},false,false,false,
3833,搭,dā,1,搭,da,动,6,6,{},false,false,false,
3834,搭配,dāpèi,1,搭配,dapei,动、形,6,6,{},false,false,false,
3835,答复,dáfù,1,答复,dafu,动,6,6,{},false,false,false,
3836,打交道,dǎ jiāodao,1,打交道,dajiaodao,,6,6,{},false,false,true,
3837,打动,dǎdòng,1,打动,dadong,动,6,6,{},false,false,false,
3838,打击,dǎjī,1,打击,daji,动,6,6,{},false,false,false,
3839,打架,dǎjià,1,打架,dajia,动,6,6,{},false,false,false,
3840,打卡,dǎkǎ,1,打卡,daka,动,6,6,{},false,false,false,
3841,打雷,dǎléi,1,打雷,dalei,动,6,6,{},false,false,false,
3842,打造,dǎzào,1,打造,dazao,动,6,6,{},false,false,false,
3843,打仗,dǎzhàng,1,打仗,dazhang,动,6,6,{},false,false,false,
3844,大臣,dàchén,1,大臣,dachen,名,6,6,{},false,false,false,
3845,大吃一惊,dàchī-yìjīng,1,大吃一惊,dachiyijing,,6,6,{},false,false,true,
3846,大地,dàdì,1,大地,dadi,名,6,6,{},false,false,false,
3847,大都,dàdū,1,大都,dadu,副,6,6,{},false,false,false,
3848,大方,dàfang,1,大方,dafang,形,6,6,{},false,false,false,
3849,大幅,dàfú,1,大幅,dafu,副,6,6,{},false,false,false,
3850,大伙儿,dàhuǒr,1,大伙儿,dahuor,代,6,6,{},false,false,false,
3851,大使,dàshǐ,1,大使,dashi,名,6,6,{},false,false,false,
3852,大师,dàshī,1,大师,dashi,名,6,6,{},false,false,false,
3853,大洋洲,Dàyángzhōu,1,大洋洲,dayangzhou,名,6,6,{},false,false,false,
3854,大致,dàzhì,1,大致,dazhi,形、副,6,6,{},false,false,false,
3855,呆,dāi,1,呆,dai,形,6,6,{},false,false,false,
3856,待,dài,1,待,dai,动,6,6,{},true,true,false,
3857,代价,dàijià,1,代价,daijia,名,6,6,{},false,false,false,
3858,贷款,dàikuǎn,1,贷款,daikuan,动、名,6,6,{},false,false,false,
3859,代理,dàilǐ,1,代理,daili,动,6,6,{},false,false,false,
3860,带领,dàilǐng,1,带领,dailing,动,6,6,{},false,false,false,
3861,单纯,dānchún,1,单纯,danchun,形,6,6,{},false,false,false,
3862,单调,dāndiào,1,单调,dandiao,形,6,6,{},false,false,false,
3863,耽误,dānwu,1,耽误,danwu,动,6,6,{},false,false,false,
3864,担忧,dānyōu,1,担忧,danyou,动,6,6,{},false,false,false,
3865,蛋白质,dànbáizhì,1,蛋白质,danbaizhi,名,6,6,{},false,false,false,
3866,诞生,dànshēng,1,诞生,dansheng,动,6,6,{},false,false,false,
3867,当场,dāngchǎng,1,当场,dangchang,副,6,6,{},false,false,false,
3868,当初,dāngchū,1,当初,dangchu,名,6,6,{},false,false,false,
3869,当代,dāngdài,1,当代,dangdai,名,6,6,{},false,false,false,
3870,当今,dāngjīn,1,当今,dangjin,名,6,6,{},false,false,false,
3871,当面,dāngmiàn,1,当面,dangmian,副,6,6,{},false,false,false,
3872,当下,dāngxià,1,当下,dangxia,名、副,6,6,{},false,false,false,
3873,当选,dāngxuǎn,1,当选,dangxuan,动,6,6,{},false,false,false,
3874,档案,dàng’àn,1,档案,dangan,名,6,6,{},false,false,false,
3875,当天,dàngtiān,1,当天,dangtian,名,6,6,{},false,false,false,
3876,岛,dǎo,1,岛,dao,名,6,6,{},false,false,false,
3877,倒闭,dǎobì,1,倒闭,daobi,动,6,6,{},false,false,false,
3878,倒车,dǎochē,1,倒车,daoche,动,6,6,{},false,false,false,
3879,导师,dǎoshī,1,导师,daoshi,名,6,6,{},false,false,false,
3880,道德,dàodé,1,道德,daode,名、形,6,6,{},false,false,false,
3881,倒是,dàoshì,1,倒是,daoshi,副,6,6,{},false,false,false,
3882,得了,déle,1,得了,dele,动、助,6,6,{},false,false,false,
3883,得以,déyǐ,1,得以,deyi,动,6,6,{},false,false,false,
3884,得知,dézhī,1,得知,dezhi,动,6,6,{},false,false,false,
3885,灯笼,dēnglong,1,灯笼,denglong,名,6,6,{},false,false,false,
3886,等级,děngjí,1,等级,dengji,名,6,6,{},false,false,false,
3887,滴,dī,1,滴,di,动、量,6,6,{},false,false,false,
3888,低碳,dītàn,1,低碳,ditan,形,6,6,{},false,false,false,
3889,抵达,dǐdá,1,抵达,dida,动,6,6,{},false,false,false,
3890,抵抗,dǐkàng,1,抵抗,dikang,动,6,6,{},false,false,false,
3891,地道,dìdao,1,地道,didao,形,6,6,{},true,true,false,
3892,地方,dìfāng,1,地方,difang,名,6,6,{},true,true,false,
3893,地形,dìxíng,1,地形,dixing,名,6,6,{},false,false,false,
3894,地域,dìyù,1,地域,diyu,名,6,6,{},false,false,false,
3895,地质,dìzhì,1,地质,dizhi,名,6,6,{},false,false,false,
3896,点击,diǎnjī,1,点击,dianji,动,6,6,{},false,false,false,
3897,典礼,diǎnlǐ,1,典礼,dianli,名,6,6,{},false,false,false,
3898,点燃,diǎnrán,1,点燃,dianran,动,6,6,{},false,false,false,
3899,典型,diǎnxíng,1,典型,dianxing,名、形,6,6,{},false,false,false,
3900,电饭锅,diànfànguō,1,电饭锅,dianfanguo,名,6,6,{},false,false,false,
3901,电力,diànlì,1,电力,dianli,名,6,6,{},false,false,false,
3902,店铺,diànpù,1,店铺,dianpu,名,6,6,{},false,false,false,
3903,电源,diànyuán,1,电源,dianyuan,名,6,6,{},false,false,false,
3904,吊,diào,1,吊,diao,动,6,6,{},false,false,false,
3905,调动,diàodòng,1,调动,diaodong,动,6,6,{},false,false,false,
3906,钓鱼,diàoyú,1,钓鱼,diaoyu,动,6,6,{},false,false,false,
3907,跌,diē,1,跌,die,动,6,6,{},false,false,false,
3908,顶,dǐng,1,顶,ding,名、动、量,6,6,{},false,false,false,
3909,订单,dìngdān,1,订单,dingdan,名,6,6,{},false,false,false,
3910,订婚,dìnghūn,1,订婚,dinghun,动,6,6,{},false,false,false,
3911,定价,dìngjià,1,定价,dingjia,动、名,6,6,{},false,false,false,
3912,定时,dìngshí,1,定时,dingshi,动、名,6,6,{},false,false,false,
3913,定位,dìngwèi,1,定位,dingwei,动、名,6,6,{},false,false,false,
3914,定义,dìngyì,1,定义,dingyi,名、动,6,6,{},false,false,false,
3915,定制,dìngzhì,1,定制,dingzhi,动,6,6,{},false,false,false,
3916,栋,dòng,1,栋,dong,量,6,6,{},false,false,false,
3917,动机,dòngjī,1,动机,dongji,名,6,6,{},false,false,false,
3918,动力,dònglì,1,动力,dongli,名,6,6,{},false,false,false,
3919,动漫,dòngmàn,1,动漫,dongman,名,6,6,{},false,false,false,
3920,动态,dòngtài,1,动态,dongtai,名、形,6,6,{},false,false,false,
3921,动听,dòngtīng,1,动听,dongting,形,6,6,{},false,false,false,
3922,逗,dòu,1,逗,dou,动、形,6,6,{},false,false,false,
3923,斗争,dòuzhēng,1,斗争,douzheng,动、名,6,6,{},false,false,false,
3924,都市,dūshì,1,都市,dushi,名,6,6,{},false,false,false,
3925,毒,dú,1,毒,du,名、动、形,6,6,{},false,false,false,
3926,渡,dù,1,渡,du,动,6,6,{},false,false,false,
3927,端,duān,1,端,duan,动,6,6,{},false,false,false,
3928,短缺,duǎnquē,1,短缺,duanque,动,6,6,{},false,false,false,
3929,对称,duìchèn,1,对称,duichen,形,6,6,{},false,false,false,
3930,对接,duìjiē,1,对接,duijie,动,6,6,{},false,false,false,
3931,对抗,duìkàng,1,对抗,duikang,动,6,6,{},false,false,false,
3932,对立,duìlì,1,对立,duili,动,6,6,{},false,false,false,
3933,对应,duìyìng,1,对应,duiying,动、形,6,6,{},false,false,false,
3934,蹲,dūn,1,蹲,dun,动,6,6,{},false,false,false,
3935,顿时,dùnshí,1,顿时,dunshi,副,6,6,{},false,false,false,
3936,多才多艺,duōcái-duōyì,1,多才多艺,duocaiduoyi,,6,6,{},false,false,true,
3937,多亏,duōkuī,1,多亏,duokui,动,6,6,{},false,false,false,
3938,多媒体,duōméitǐ,1,多媒体,duomeiti,名,6,6,{},false,false,false,
3939,多余,duōyú,1,多余,duoyu,动、形,6,6,{},false,false,false,
3940,多元,duōyuán,1,多元,duoyuan,形,6,6,{},false,false,false,
3941,夺,duó,1,夺,duo,动,6,6,{},false,false,false,
3942,夺取,duóqǔ,1,夺取,duoqu,动,6,6,{},false,false,false,
3943,躲避,duǒbì,1,躲避,duobi,动,6,6,{},false,false,false,
3944,恶心,ěxin,1,恶心,exin,形、动,6,6,{},false,false,false,
3945,恶劣,èliè,1,恶劣,elie,形,6,6,{},false,false,false,
3946,儿科,érkē,1,儿科,erke,名,6,6,{},false,false,false,
3947,耳环,ěrhuán,1,耳环,erhuan,名,6,6,{},false,false,false,
3948,二氧化碳,èryǎnghuàtàn,1,二氧化碳,eryanghuatan,名,6,6,{},false,false,false,
3949,发病,fābìng,1,发病,fabing,动,6,6,{},false,false,false,
3950,发愁,fāchóu,1,发愁,fachou,动,6,6,{},false,false,false,
3951,发电,fādiàn,1,发电,fadian,动,6,6,{},false,false,false,
3952,发动,fādòng,1,发动,fadong,动,6,6,{},false,false,false,
3953,发放,fāfàng,1,发放,fafang,动,6,6,{},false,false,false,
3954,发光,fāguāng,1,发光,faguang,动,6,6,{},false,false,false,
3955,发票,fāpiào,1,发票,fapiao,名,6,6,{},false,false,false,
3956,发行,fāxíng,1,发行,faxing,动,6,6,{},false,false,false,
3957,发炎,fāyán,1,发炎,fayan,动,6,6,{},false,false,false,
3958,发育,fāyù,1,发育,fayu,动,6,6,{},false,false,false,
3959,法定,fǎdìng,1,法定,fading,形,6,6,{},false,false,false,
3960,法官,fǎguān,1,法官,faguan,名,6,6,{},false,false,false,
3961,法规,fǎguī,1,法规,fagui,名,6,6,{},false,false,false,
3962,番,fān,1,番,fan,量,6,6,{},false,false,false,
3963,繁忙,fánmáng,1,繁忙,fanmang,形,6,6,{},false,false,false,
3964,凡是,fánshì,1,凡是,fanshi,副,6,6,{},false,false,false,
3965,繁殖,fánzhí,1,繁殖,fanzhi,动,6,6,{},false,false,false,
3966,反馈,fǎnkuì,1,反馈,fankui,动,6,6,{},false,false,false,
3967,反思,fǎnsī,1,反思,fansi,动,6,6,{},false,false,false,
3968,犯,fàn,1,犯,fan,动,6,6,{},false,false,false,
3969,方方面面,fāngfāngmiànmiàn,1,方方面面,fangfangmianmian,名,6,6,{},false,false,false,
3970,方位,fāngwèi,1,方位,fangwei,名,6,6,{},false,false,false,
3971,方言,fāngyán,1,方言,fangyan,名,6,6,{},false,false,false,
3972,妨碍,fáng’ài,1,妨碍,fangai,动,6,6,{},false,false,false,
3973,房价,fángjià,1,房价,fangjia,名,6,6,{},false,false,false,
3974,防治,fángzhì,1,防治,fangzhi,动,6,6,{},false,false,false,
3975,访谈,fǎngtán,1,访谈,fangtan,动,6,6,{},false,false,false,
3976,放大,fàngdà,1,放大,fangda,动,6,6,{},false,false,false,
3977,放飞,fàngfēi,1,放飞,fangfei,动,6,6,{},false,false,false,
3978,飞速,fēisù,1,飞速,feisu,副,6,6,{},false,false,false,
3979,肥,féi,1,肥,fei,形、动、名,6,6,{},false,false,false,
3980,肥胖,féipàng,1,肥胖,feipang,形,6,6,{},false,false,false,
3981,肥沃,féiwò,1,肥沃,feiwo,形,6,6,{},false,false,false,
3982,肺,fèi,1,肺,fei,名,6,6,{},false,false,false,
3983,肺炎,fèiyán,1,肺炎,feiyan,名,6,6,{},false,false,false,
3984,分工,fēngōng,1,分工,fengong,动,6,6,{},false,false,false,
3985,分级,fēnjí,1,分级,fenji,动,6,6,{},false,false,false,
3986,分期,fēnqī,1,分期,fenqi,动,6,6,{},false,false,false,
3987,分散,fēnsàn,1,分散,fensan,形、动,6,6,{},false,false,false,
3988,氛围,fēnwéi,1,氛围,fenwei,名,6,6,{},false,false,false,
3989,粉,fěn,1,粉,fen,名、形,6,6,{},false,false,false,
3990,愤怒,fènnù,1,愤怒,fennu,形,6,6,{},false,false,false,
3991,封闭,fēngbì,1,封闭,fengbi,动,6,6,{},false,false,false,
3992,风光,fēngguāng,1,风光,fengguang,名,6,6,{},false,false,false,
3993,风力,fēnglì,1,风力,fengli,名,6,6,{},false,false,false,
3994,丰收,fēngshōu,1,丰收,fengshou,动,6,6,{},false,false,false,
3995,风雨,fēngyǔ,1,风雨,fengyu,名,6,6,{},false,false,false,
3996,奉献,fèngxiàn,1,奉献,fengxian,动,6,6,{},false,false,false,
3997,夫人,fūrén,1,夫人,furen,名,6,6,{},false,false,false,
3998,服,fú,1,服,fu,动,6,6,{},false,false,false,
3999,浮,fú,1,浮,fu,动,6,6,{},false,false,false,
4000,服从,fúcóng,1,服从,fucong,动,6,6,{},false,false,false,
4001,幅度,fúdù,1,幅度,fudu,名,6,6,{},false,false,false,
4002,符号,fúhào,1,符号,fuhao,名,6,6,{},false,false,false,
4003,福利,fúlì,1,福利,fuli,名、动,6,6,{},false,false,false,
4004,服用,fúyòng,1,服用,fuyong,动,6,6,{},false,false,false,
4005,辅导,fǔdǎo,1,辅导,fudao,动,6,6,{},false,false,false,
4006,辅助,fǔzhù,1,辅助,fuzhu,动、形,6,6,{},false,false,false,
4007,副,fù,2,副2,fu,形,6,6,{},true,false,false,
4008,覆盖,fùgài,1,覆盖,fugai,动,6,6,{},false,false,false,
4009,附件,fùjiàn,1,附件,fujian,名,6,6,{},false,false,false,
4010,负面,fùmiàn,1,负面,fumian,形,6,6,{},false,false,false,
4011,富裕,fùyù,1,富裕,fuyu,形、动,6,6,{},false,false,false,
4012,赋予,fùyǔ,1,赋予,fuyu,动,6,6,{},false,false,false,
4013,该,gāi,2,该2,gai,代,6,6,{},true,false,false,
4014,改编,gǎibiān,1,改编,gaibian,动,6,6,{},false,false,false,
4015,改造,gǎizào,1,改造,gaizao,动,6,6,{},false,false,false,
4016,概率,gàilǜ,1,概率,gailu,名,6,6,{},false,false,false,
4017,肝,gān,1,肝,gan,名,6,6,{},false,false,false,
4018,干脆,gāncuì,1,干脆,gancui,形、副,6,6,{},false,false,false,
4019,尴尬,gāngà,1,尴尬,ganga,形,6,6,{},false,false,false,
4020,干旱,gānhàn,1,干旱,ganhan,形,6,6,{},false,false,false,
4021,干扰,gānrǎo,1,干扰,ganrao,动,6,6,{},false,false,false,
4022,干燥,gānzào,1,干燥,ganzao,形,6,6,{},false,false,false,
4023,感激,gǎnjī,1,感激,ganji,动,6,6,{},false,false,false,
4024,赶忙,gǎnmáng,1,赶忙,ganmang,副,6,6,{},false,false,false,
4025,感染,gǎnrǎn,1,感染,ganran,动,6,6,{},false,false,false,
4026,感想,gǎnxiǎng,1,感想,ganxiang,名,6,6,{},false,false,false,
4027,钢笔,gāngbǐ,1,钢笔,gangbi,名,6,6,{},false,false,false,
4028,港口,gǎngkǒu,1,港口,gangkou,名,6,6,{},false,false,false,
4029,岗位,gǎngwèi,1,岗位,gangwei,名,6,6,{},false,false,false,
4030,高层,gāocéng,1,高层,gaoceng,名、形,6,6,{},false,false,false,
4031,高超,gāochāo,1,高超,gaochao,形,6,6,{},false,false,false,
4032,高等,gāoděng,1,高等,gaodeng,形,6,6,{},false,false,false,
4033,高端,gāoduān,1,高端,gaoduan,形、名,6,6,{},false,false,false,
4034,高峰,gāofēng,1,高峰,gaofeng,名,6,6,{},false,false,false,
4035,高尚,gāoshàng,1,高尚,gaoshang,形,6,6,{},false,false,false,
4036,高手,gāoshǒu,1,高手,gaoshou,名,6,6,{},false,false,false,
4037,高新技术,gāoxīn-jìshù,1,高新技术,gaoxinjishu,,6,6,{},false,false,true,
4038,高原,gāoyuán,1,高原,gaoyuan,名,6,6,{},false,false,false,
4039,稿件,gǎojiàn,1,稿件,gaojian,名,6,6,{},false,false,false,
4040,稿子,gǎozi,1,稿子,gaozi,名,6,6,{},false,false,false,
4041,割,gē,1,割,ge,动,6,6,{},false,false,false,
4042,歌唱,gēchàng,1,歌唱,gechang,动,6,6,{},false,false,false,
4043,隔壁,gébì,1,隔壁,gebi,名,6,6,{},false,false,false,
4044,革命,gémìng,1,革命,geming,动、形,6,6,{},false,false,false,
4045,个体,gètǐ,1,个体,geti,名,6,6,{},false,false,false,
4046,给予,jǐyǔ,1,给予,jiyu,动,6,6,{},false,false,false,
4047,跟前,gēnqián,1,跟前,genqian,名,6,6,{},false,false,false,
4048,跟随,gēnsuí,1,跟随,gensui,动,6,6,{},false,false,false,
4049,跟踪,gēnzōng,1,跟踪,genzong,动,6,6,{},false,false,false,
4050,公,gōng,1,公,gong,形,6,6,{},false,false,false,
4051,宫,gōng,1,宫,gong,名,6,6,{},false,false,false,
4052,公安,gōng’ān,1,公安,gongan,名,6,6,{},false,false,false,
4053,工地,gōngdì,1,工地,gongdi,名,6,6,{},false,false,false,
4054,工夫,gōngfu,1,工夫,gongfu,名,6,6,{},false,false,false,
4055,公告,gōnggào,1,公告,gonggao,动、名,6,6,{},false,false,false,
4056,供给,gōngjǐ,1,供给,gongji,动,6,6,{},false,false,false,
4057,攻击,gōngjī,1,攻击,gongji,动,6,6,{},false,false,false,
4058,公开,gōngkāi,1,公开,gongkai,形、动,6,6,{},false,false,false,
4059,公民,gōngmín,1,公民,gongmin,名,6,6,{},false,false,false,
4060,公认,gōngrèn,1,公认,gongren,动,6,6,{},false,false,false,
4061,功效,gōngxiào,1,功效,gongxiao,名,6,6,{},false,false,false,
4062,工序,gōngxù,1,工序,gongxu,名,6,6,{},false,false,false,
4063,公益,gōngyì,1,公益,gongyi,名,6,6,{},false,false,false,
4064,供应,gōngyìng,1,供应,gongying,动,6,6,{},false,false,false,
4065,公元,gōngyuán,1,公元,gongyuan,名,6,6,{},false,false,false,
4066,公正,gōngzhèng,1,公正,gongzheng,形,6,6,{},false,false,false,
4067,公众,gōngzhòng,1,公众,gongzhong,名,6,6,{},false,false,false,
4068,公主,gōngzhǔ,1,公主,gongzhu,名,6,6,{},false,false,false,
4069,巩固,gǒnggù,1,巩固,gonggu,形、动,6,6,{},false,false,false,
4070,共计,gòngjì,1,共计,gongji,动,6,6,{},false,false,false,
4071,沟,gōu,1,沟,gou,名,6,6,{},false,false,false,
4072,构造,gòuzào,1,构造,gouzao,动,6,6,{},false,false,false,
4073,孤独,gūdú,1,孤独,gudu,形,6,6,{},false,false,false,
4074,姑姑,gūgu,1,姑姑,gugu,名,6,6,{},false,false,false,
4075,古典,gǔdiǎn,1,古典,gudian,形,6,6,{},false,false,false,
4076,古迹,gǔjì,1,古迹,guji,名,6,6,{},false,false,false,
4077,股票,gǔpiào,1,股票,gupiao,名,6,6,{},false,false,false,
4078,古人,gǔrén,1,古人,guren,名,6,6,{},false,false,false,
4079,股市,gǔshì,1,股市,gushi,名,6,6,{},false,false,false,
4080,骨头,gǔtou,1,骨头,gutou,名,6,6,{},false,false,false,
4081,鼓舞,gǔwǔ,1,鼓舞,guwu,动、形,6,6,{},false,false,false,
4082,顾,gù,1,顾,gu,动,6,6,{},false,false,false,
4083,固体,gùtǐ,1,固体,guti,名,6,6,{},false,false,false,
4084,顾问,gùwèn,1,顾问,guwen,名,6,6,{},false,false,false,
4085,故障,gùzhàng,1,故障,guzhang,名,6,6,{},false,false,false,
4086,拐,guǎi,1,拐,guai,动,6,6,{},false,false,false,
4087,拐弯,guǎiwān,1,拐弯,guaiwan,动,6,6,{},false,false,false,
4088,官,guān,1,官,guan,名,6,6,{},false,false,false,
4089,关爱,guān’ài,1,关爱,guanai,动,6,6,{},false,false,false,
4090,官方,guānfāng,1,官方,guanfang,名,6,6,{},false,false,false,
4091,观光,guānguāng,1,观光,guanguang,动,6,6,{},false,false,false,
4092,关怀,guānhuái,1,关怀,guanhuai,动,6,6,{},false,false,false,
4093,关联,guānlián,1,关联,guanlian,动,6,6,{},false,false,false,
4094,观赏,guānshǎng,1,观赏,guanshang,动,6,6,{},false,false,false,
4095,官员,guānyuán,1,官员,guanyuan,名,6,6,{},false,false,false,
4096,管道,guǎndào,1,管道,guandao,名,6,6,{},false,false,false,
4097,罐,guàn,1,罐,guan,名,6,6,{},false,false,false,
4098,广阔,guǎngkuò,1,广阔,guangkuo,形,6,6,{},false,false,false,
4099,归,guī,1,归,gui,动、介,6,6,{},false,false,false,
4100,规范,guīfàn,1,规范,guifan,名、形、动,6,6,{},false,false,false,
4101,规划,guīhuà,1,规划,guihua,名、动,6,6,{},false,false,false,
4102,归还,guīhuán,1,归还,guihuan,动,6,6,{},false,false,false,
4103,规矩,guīju,1,规矩,guiju,名、形,6,6,{},false,false,false,
4104,轨道,guǐdào,1,轨道,guidao,名,6,6,{},false,false,false,
4105,跪,guì,1,跪,gui,动,6,6,{},false,false,false,
4106,贵重,guìzhòng,1,贵重,guizhong,形,6,6,{},false,false,false,
4107,棍,gùn,1,棍,gun,名,6,6,{},false,false,false,
4108,国宝,guóbǎo,1,国宝,guobao,名,6,6,{},false,false,false,
4109,国产,guóchǎn,1,国产,guochan,形,6,6,{},false,false,false,
4110,国歌,guógē,1,国歌,guoge,名,6,6,{},false,false,false,
4111,国旗,guóqí,1,国旗,guoqi,名,6,6,{},false,false,false,
4112,国情,guóqíng,1,国情,guoqing,名,6,6,{},false,false,false,
4113,国王,guówáng,1,国王,guowang,名,6,6,{},false,false,false,
4114,过渡,guòdù,1,过渡,guodu,动,6,6,{},false,false,false,
4115,过后,guòhòu,1,过后,guohou,名,6,6,{},false,false,false,
4116,过时,guòshí,1,过时,guoshi,动、形,6,6,{},false,false,false,
4117,海内外,hǎi nèiwài,1,海内外,haineiwai,,6,6,{},false,false,true,
4118,海岸,hǎi’àn,1,海岸,haian,名,6,6,{},false,false,false,
4119,海拔,hǎibá,1,海拔,haiba,名,6,6,{},false,false,false,
4120,海面,hǎimiàn,1,海面,haimian,名,6,6,{},false,false,false,
4121,海域,hǎiyù,1,海域,haiyu,名,6,6,{},false,false,false,
4122,害,hài,1,害,hai,名、动,6,6,{},false,false,false,
4123,寒冬,hándōng,1,寒冬,handong,名,6,6,{},false,false,false,
4124,含义,hányì,1,含义,hanyi,名,6,6,{},false,false,false,
4125,罕见,hǎnjiàn,1,罕见,hanjian,形,6,6,{},false,false,false,
4126,旱灾,hànzāi,1,旱灾,hanzai,名,6,6,{},false,false,false,
4127,航空,hángkōng,1,航空,hangkong,动,6,6,{},false,false,false,
4128,毫不,háo bù,1,毫不,haobu,,6,6,{},false,false,true,
4129,毫无,háo wú,1,毫无,haowu,,6,6,{},false,false,true,
4130,毫米,háomǐ,1,毫米,haomi,量,6,6,{},false,false,false,
4131,毫升,háoshēng,1,毫升,haosheng,量,6,6,{},false,false,false,
4132,好不,hǎobù,1,好不,haobu,副,6,6,{},false,false,false,
4133,好感,hǎogǎn,1,好感,haogan,名,6,6,{},false,false,false,
4134,好容易,hǎoróngyì,1,好容易,haorongyi,形,6,6,{},false,false,false,
4135,好客,hàokè,1,好客,haoke,形,6,6,{},false,false,false,
4136,好学,hàoxué,1,好学,haoxue,动,6,6,{},false,false,false,
4137,号召,hàozhào,1,号召,haozhao,动,6,6,{},false,false,false,
4138,合并,hébìng,1,合并,hebing,动,6,6,{},false,false,false,
4139,合成,héchéng,1,合成,hecheng,动,6,6,{},false,false,false,
4140,和平,hépíng,1,和平,heping,名,6,6,{},false,false,false,
4141,和谐,héxié,1,和谐,hexie,形,6,6,{},false,false,false,
4142,核心,héxīn,1,核心,hexin,名,6,6,{},false,false,false,
4143,嘿,hēi,1,嘿,hei,叹,6,6,{},false,false,false,
4144,黑暗,hēi’àn,1,黑暗,heian,形,6,6,{},false,false,false,
4145,痕迹,hénjì,1,痕迹,henji,名,6,6,{},false,false,false,
4146,狠,hěn,1,狠,hen,形、动、副,6,6,{},false,false,false,
4147,恨,hèn,1,恨,hen,动,6,6,{},false,false,false,
4148,横,héng,1,横,heng,形、动、名,6,6,{},true,false,false,source_duplicate: same headword+pinyin listed at multiple levels
4149,衡量,héngliáng,1,衡量,hengliang,动,6,6,{},false,false,false,
4150,宏大,hóngdà,1,宏大,hongda,形,6,6,{},false,false,false,
4151,洪水,hóngshuǐ,1,洪水,hongshui,名,6,6,{},false,false,false,
4152,后代,hòudài,1,后代,houdai,名,6,6,{},false,false,false,
4153,后期,hòuqī,1,后期,houqi,名,6,6,{},false,false,false,
4154,后人,hòurén,1,后人,houren,名,6,6,{},false,false,false,
4155,后退,hòutuì,1,后退,houtui,动,6,6,{},false,false,false,
4156,后者,hòuzhě,1,后者,houzhe,名,6,6,{},false,false,false,
4157,忽略,hūlüè,1,忽略,hulue,动,6,6,{},false,false,false,
4158,壶,hú,1,壶,hu,名,6,6,{},false,false,false,
4159,胡子,húzi,1,胡子,huzi,名,6,6,{},false,false,false,
4160,户,hù,1,户,hu,量,6,6,{},false,false,false,
4161,互助,hùzhù,1,互助,huzhu,动,6,6,{},false,false,false,
4162,花朵,huāduǒ,1,花朵,huaduo,名,6,6,{},false,false,false,
4163,花生,huāshēng,1,花生,huasheng,名,6,6,{},false,false,false,
4164,滑冰,huábīng,1,滑冰,huabing,动,6,6,{},false,false,false,
4165,滑行,huáxíng,1,滑行,huaxing,动,6,6,{},false,false,false,
4166,滑雪,huáxuě,1,滑雪,huaxue,动,6,6,{},false,false,false,
4167,划,huà,1,划,hua,动,6,6,{},true,true,false,
4168,划分,huàfēn,1,划分,huafen,动,6,6,{},false,false,false,
4169,化石,huàshí,1,化石,huashi,名,6,6,{},false,false,false,
4170,话筒,huàtǒng,1,话筒,huatong,名,6,6,{},false,false,false,
4171,化妆,huàzhuāng,1,化妆,huazhuang,动,6,6,{},false,false,false,
4172,怀,huái,1,怀,huai,名、动,6,6,{},false,false,false,
4173,怀念,huáiniàn,1,怀念,huainian,动,6,6,{},false,false,false,
4174,怀孕,huáiyùn,1,怀孕,huaiyun,动,6,6,{},false,false,false,
4175,欢乐,huānlè,1,欢乐,huanle,形,6,6,{},false,false,false,
4176,环,huán,1,环,huan,名、量、动,6,6,{},false,false,false,
4177,还原,huányuán,1,还原,huanyuan,动,6,6,{},false,false,false,
4178,患,huàn,1,患,huan,动,6,6,{},false,false,false,
4179,幻想,huànxiǎng,1,幻想,huanxiang,动、名,6,6,{},false,false,false,
4180,患者,huànzhě,1,患者,huanzhe,名,6,6,{},false,false,false,
4181,黄,huáng,1,黄,huang,名,6,6,{},false,false,false,
4182,皇帝,huángdì,1,皇帝,huangdi,名,6,6,{},false,false,false,
4183,灰尘,huīchén,1,灰尘,huichen,名,6,6,{},false,false,false,
4184,灰心,huīxīn,1,灰心,huixin,形,6,6,{},false,false,false,
4185,回报,huíbào,1,回报,huibao,动,6,6,{},false,false,false,
4186,回顾,huígù,1,回顾,huigu,动,6,6,{},false,false,false,
4187,回头,huítóu,1,回头,huitou,动、副、连,6,6,{},false,false,false,
4188,汇,huì,1,汇,hui,动,6,6,{},false,false,false,
4189,汇报,huìbào,1,汇报,huibao,动,6,6,{},false,false,false,
4190,绘画,huìhuà,1,绘画,huihua,动,6,6,{},false,false,false,
4191,会见,huìjiàn,1,会见,huijian,动,6,6,{},false,false,false,
4192,汇款,huìkuǎn,1,汇款,huikuan,动、名,6,6,{},false,false,false,
4193,婚姻,hūnyīn,1,婚姻,hunyin,名,6,6,{},false,false,false,
4194,混,hùn,1,混,hun,动、副,6,6,{},false,false,false,
4195,混合,hùnhé,1,混合,hunhe,动,6,6,{},false,false,false,
4196,混乱,hùnluàn,1,混乱,hunluan,形,6,6,{},false,false,false,
4197,活力,huólì,1,活力,huoli,名,6,6,{},false,false,false,
4198,活跃,huóyuè,1,活跃,huoyue,形、动,6,6,{},false,false,false,
4199,火柴,huǒchái,1,火柴,huochai,名,6,6,{},false,false,false,
4200,火灾,huǒzāi,1,火灾,huozai,名,6,6,{},false,false,false,
4201,货币,huòbì,1,货币,huobi,名,6,6,{},false,false,false,
4202,货车,huòchē,1,货车,huoche,名,6,6,{},false,false,false,
4203,击败,jībài,1,击败,jibai,动,6,6,{},false,false,false,
4204,基地,jīdì,1,基地,jidi,名,6,6,{},false,false,false,
4205,机动车,jīdòngchē,1,机动车,jidongche,名,6,6,{},false,false,false,
4206,饥饿,jī’è,1,饥饿,jie,形,6,6,{},false,false,false,
4207,激发,jīfā,1,激发,jifa,动,6,6,{},false,false,false,
4208,基金,jījīn,1,基金,jijin,名,6,6,{},false,false,false,
4209,激励,jīlì,1,激励,jili,动,6,6,{},false,false,false,
4210,激情,jīqíng,1,激情,jiqing,名,6,6,{},false,false,false,
4211,机械,jīxiè,1,机械,jixie,名、形,6,6,{},false,false,false,
4212,基因,jīyīn,1,基因,jiyin,名,6,6,{},false,false,false,
4213,机遇,jīyù,1,机遇,jiyu,名,6,6,{},false,false,false,
4214,机制,jīzhì,1,机制,jizhi,名,6,6,{},false,false,false,
4215,即便,jíbiàn,1,即便,jibian,连,6,6,{},false,false,false,
4216,极端,jíduān,1,极端,jiduan,名、副、形,6,6,{},false,false,false,
4217,急救,jíjiù,1,急救,jijiu,动,6,6,{},false,false,false,
4218,急切,jíqiè,1,急切,jiqie,形,6,6,{},false,false,false,
4219,集团,jítuán,1,集团,jituan,名,6,6,{},false,false,false,
4220,极为,jíwéi,1,极为,jiwei,副,6,6,{},false,false,false,
4221,吉祥,jíxiáng,1,吉祥,jixiang,形,6,6,{},false,false,false,
4222,继承,jìchéng,1,继承,jicheng,动,6,6,{},false,false,false,
4223,季军,jìjūn,1,季军,jijun,名,6,6,{},false,false,false,
4224,纪律,jìlǜ,1,纪律,jilu,名,6,6,{},false,false,false,
4225,寂寞,jìmò,1,寂寞,jimo,形,6,6,{},false,false,false,
4226,技巧,jìqiǎo,1,技巧,jiqiao,名,6,6,{},false,false,false,
4227,技艺,jìyì,1,技艺,jiyi,名,6,6,{},false,false,false,
4228,夹,jiā,1,夹,jia,动,6,6,{},false,false,false,
4229,加倍,jiābèi,1,加倍,jiabei,动、副,6,6,{},false,false,false,
4230,家常,jiācháng,1,家常,jiachang,名,6,6,{},false,false,false,
4231,家家户户,jiājiāhùhù,1,家家户户,jiajiahuhu,名,6,6,{},false,false,false,
4232,加剧,jiājù,1,加剧,jiaju,动,6,6,{},false,false,false,
4233,家居,jiājū,1,家居,jiaju,名,6,6,{},false,false,false,
4234,家属,jiāshǔ,1,家属,jiashu,名,6,6,{},false,false,false,
4235,加以,jiāyǐ,1,加以,jiayi,动、连,6,6,{},false,false,false,
4236,家园,jiāyuán,1,家园,jiayuan,名,6,6,{},false,false,false,
4237,加重,jiāzhòng,1,加重,jiazhong,动,6,6,{},false,false,false,
4238,假设,jiǎshè,1,假设,jiashe,动、名,6,6,{},false,false,false,
4239,嫁,jià,1,嫁,jia,动,6,6,{},false,false,false,
4240,尖,jiān,1,尖,jian,形、名,6,6,{},false,false,false,
4241,肩膀,jiānbǎng,1,肩膀,jianbang,名,6,6,{},false,false,false,
4242,监测,jiāncè,1,监测,jiance,动,6,6,{},false,false,false,
4243,坚定,jiāndìng,1,坚定,jianding,形、动,6,6,{},false,false,false,
4244,监督,jiāndū,1,监督,jiandu,动,6,6,{},false,false,false,
4245,坚固,jiāngù,1,坚固,jiangu,形,6,6,{},false,false,false,
4246,坚决,jiānjué,1,坚决,jianjue,形,6,6,{},false,false,false,
4247,艰难,jiānnán,1,艰难,jiannan,形,6,6,{},false,false,false,
4248,艰辛,jiānxīn,1,艰辛,jianxin,形,6,6,{},false,false,false,
4249,坚硬,jiānyìng,1,坚硬,jianying,形,6,6,{},false,false,false,
4250,兼职,jiānzhí,1,兼职,jianzhi,动、名,6,6,{},false,false,false,
4251,检测,jiǎncè,1,检测,jiance,动,6,6,{},false,false,false,
4252,简化,jiǎnhuà,1,简化,jianhua,动,6,6,{},false,false,false,
4253,简介,jiǎnjiè,1,简介,jianjie,动、名,6,6,{},false,false,false,
4254,减弱,jiǎnruò,1,减弱,jianruo,动,6,6,{},false,false,false,
4255,减压,jiǎnyā,1,减压,jianya,动,6,6,{},false,false,false,
4256,检验,jiǎnyàn,1,检验,jianyan,动,6,6,{},false,false,false,
4257,剑,jiàn,1,剑,jian,名,6,6,{},false,false,false,
4258,箭,jiàn,1,箭,jian,名,6,6,{},false,false,false,
4259,鉴定,jiàndìng,1,鉴定,jianding,动、名,6,6,{},false,false,false,
4260,间隔,jiàngé,1,间隔,jiange,名、动,6,6,{},false,false,false,
4261,间接,jiànjiē,1,间接,jianjie,形,6,6,{},false,false,false,
4262,健全,jiànquán,1,健全,jianquan,形、动,6,6,{},false,false,false,
4263,建筑物,jiànzhùwù,1,建筑物,jianzhuwu,名,6,6,{},false,false,false,
4264,将军,jiāngjūn,1,将军,jiangjun,名,6,6,{},false,false,false,
4265,讲解,jiǎngjiě,1,讲解,jiangjie,动,6,6,{},false,false,false,
4266,奖牌,jiǎngpái,1,奖牌,jiangpai,名,6,6,{},false,false,false,
4267,奖品,jiǎngpǐn,1,奖品,jiangpin,名,6,6,{},false,false,false,
4268,酱,jiàng,1,酱,jiang,名、动,6,6,{},false,false,false,
4269,酱油,jiàngyóu,1,酱油,jiangyou,名,6,6,{},false,false,false,
4270,胶带,jiāodài,1,胶带,jiaodai,名,6,6,{},false,false,false,
4271,焦点,jiāodiǎn,1,焦点,jiaodian,名,6,6,{},false,false,false,
4272,交际,jiāojì,1,交际,jiaoji,动,6,6,{},false,false,false,
4273,焦虑,jiāolǜ,1,焦虑,jiaolu,形,6,6,{},false,false,false,
4274,胶水,jiāoshuǐ,1,胶水,jiaoshui,名,6,6,{},false,false,false,
4275,交谈,jiāotán,1,交谈,jiaotan,动,6,6,{},false,false,false,
4276,郊外,jiāowài,1,郊外,jiaowai,名,6,6,{},false,false,false,
4277,角落,jiǎoluò,1,角落,jiaoluo,名,6,6,{},false,false,false,
4278,脚印,jiǎoyìn,1,脚印,jiaoyin,名,6,6,{},false,false,false,
4279,较为,jiàowéi,1,较为,jiaowei,副,6,6,{},false,false,false,
4280,教训,jiàoxùn,1,教训,jiaoxun,动、名,6,6,{},false,false,false,
4281,结,jiē,1,结,jie,动,6,6,{},true,true,false,
4282,结果,jiēguǒ,1,结果,jieguo,动,6,6,{},true,true,false,
4283,接连,jiēlián,1,接连,jielian,动、副,6,6,{},false,false,false,
4284,结实,jiēshi,1,结实,jieshi,形,6,6,{},false,false,false,
4285,街头,jiētóu,1,街头,jietou,名,6,6,{},false,false,false,
4286,杰出,jiéchū,1,杰出,jiechu,形,6,6,{},false,false,false,
4287,节能,jiénéng,1,节能,jieneng,动,6,6,{},false,false,false,
4288,结尾,jiéwěi,1,结尾,jiewei,动、名,6,6,{},false,false,false,
4289,截至,jiézhì,1,截至,jiezhi,动,6,6,{},false,false,false,
4290,截止,jiézhǐ,1,截止,jiezhi,动,6,6,{},false,false,false,
4291,节奏,jiézòu,1,节奏,jiezou,名,6,6,{},false,false,false,
4292,解,jiě,1,解,jie,动,6,6,{},false,false,false,
4293,解答,jiědá,1,解答,jieda,动,6,6,{},false,false,false,
4294,解读,jiědú,1,解读,jiedu,动,6,6,{},false,false,false,
4295,解放,jiěfàng,1,解放,jiefang,动,6,6,{},false,false,false,
4296,解说,jiěshuō,1,解说,jieshuo,动,6,6,{},false,false,false,
4297,借鉴,jièjiàn,1,借鉴,jiejian,动,6,6,{},false,false,false,
4298,戒指,jièzhi,1,戒指,jiezhi,名,6,6,{},false,false,false,
4299,借助,jièzhù,1,借助,jiezhu,动,6,6,{},false,false,false,
4300,金额,jīn’é,1,金额,jine,名,6,6,{},false,false,false,
4301,金牌,jīnpái,1,金牌,jinpai,名,6,6,{},false,false,false,
4302,金钱,jīnqián,1,金钱,jinqian,名,6,6,{},false,false,false,
4303,金融,jīnróng,1,金融,jinrong,名,6,6,{},false,false,false,
4304,金属,jīnshǔ,1,金属,jinshu,名,6,6,{},false,false,false,
4305,金子,jīnzi,1,金子,jinzi,名,6,6,{},false,false,false,
4306,尽,jìn,1,尽,jin,动、（副）,6,6,{7},true,true,false,
4307,进而,jìn’ér,1,进而,jiner,连,6,6,{},false,false,false,
4308,进度,jìndù,1,进度,jindu,名,6,6,{},false,false,false,
4309,进化,jìnhuà,1,进化,jinhua,动,6,6,{},false,false,false,
4310,近来,jìnlái,1,近来,jinlai,名,6,6,{},false,false,false,
4311,近视,jìnshì,1,近视,jinshi,形,6,6,{},false,false,false,
4312,进展,jìnzhǎn,1,进展,jinzhan,动,6,6,{},false,false,false,
4313,精美,jīngměi,1,精美,jingmei,形,6,6,{},false,false,false,
4314,精确,jīngquè,1,精确,jingque,形,6,6,{},false,false,false,
4315,惊人,jīngrén,1,惊人,jingren,形,6,6,{},false,false,false,
4316,经商,jīngshāng,1,经商,jingshang,动,6,6,{},false,false,false,
4317,精通,jīngtōng,1,精通,jingtong,动,6,6,{},false,false,false,
4318,精心,jīngxīn,1,精心,jingxin,形,6,6,{},false,false,false,
4319,惊讶,jīngyà,1,惊讶,jingya,形,6,6,{},false,false,false,
4320,精致,jīngzhì,1,精致,jingzhi,形,6,6,{},false,false,false,
4321,精准,jīngzhǔn,1,精准,jingzhun,形,6,6,{},false,false,false,
4322,井,jǐng,1,井,jing,名,6,6,{},false,false,false,
4323,警告,jǐnggào,1,警告,jinggao,动,6,6,{},false,false,false,
4324,景观,jǐngguān,1,景观,jingguan,名,6,6,{},false,false,false,
4325,景象,jǐngxiàng,1,景象,jingxiang,名,6,6,{},false,false,false,
4326,颈椎,jǐngzhuī,1,颈椎,jingzhui,名,6,6,{},false,false,false,
4327,净,jìng,1,净,jing,形、副,6,6,{},false,false,false,
4328,竞赛,jìngsài,1,竞赛,jingsai,动,6,6,{},false,false,false,
4329,镜头,jìngtóu,1,镜头,jingtou,名,6,6,{},false,false,false,
4330,纠纷,jiūfēn,1,纠纷,jiufen,名,6,6,{},false,false,false,
4331,纠正,jiūzhèng,1,纠正,jiuzheng,动,6,6,{},false,false,false,
4332,酒精,jiǔjīng,1,酒精,jiujing,名,6,6,{},false,false,false,
4333,酒水,jiǔshuǐ,1,酒水,jiushui,名,6,6,{},false,false,false,
4334,就读,jiùdú,1,就读,jiudu,动,6,6,{},false,false,false,
4335,舅舅,jiùjiu,1,舅舅,jiujiu,名,6,6,{},false,false,false,
4336,救命,jiùmìng,1,救命,jiuming,动,6,6,{},false,false,false,
4337,就算,jiùsuàn,1,就算,jiusuan,连,6,6,{},false,false,false,
4338,救援,jiùyuán,1,救援,jiuyuan,动,6,6,{},false,false,false,
4339,救灾,jiùzāi,1,救灾,jiuzai,动,6,6,{},false,false,false,
4340,救助,jiùzhù,1,救助,jiuzhu,动,6,6,{},false,false,false,
4341,局,jú,1,局1,ju,量,6,6,{},true,false,false,
4342,局,jú,2,局2,ju,名,6,6,{},true,false,false,
4343,菊花,júhuā,1,菊花,juhua,名,6,6,{},false,false,false,
4344,局面,júmiàn,1,局面,jumian,名,6,6,{},false,false,false,
4345,局限,júxiàn,1,局限,juxian,动,6,6,{},false,false,false,
4346,举动,jǔdòng,1,举动,judong,名,6,6,{},false,false,false,
4347,剧本,jùběn,1,剧本,juben,名,6,6,{},false,false,false,
4348,聚集,jùjí,1,聚集,juji,动,6,6,{},false,false,false,
4349,俱乐部,jùlèbù,1,俱乐部,julebu,名,6,6,{},false,false,false,
4350,剧烈,jùliè,1,剧烈,julie,形,6,6,{},false,false,false,
4351,捐款,juānkuǎn,1,捐款,juankuan,动、名,6,6,{},false,false,false,
4352,捐赠,juānzèng,1,捐赠,juanzeng,动,6,6,{},false,false,false,
4353,卷,juǎn,1,卷,juan,动、名、量,6,6,{},true,true,false,
4354,卷,juàn,1,卷,juan,量、名,6,6,{},true,true,false,
4355,决策,juécè,1,决策,juece,动、名,6,6,{},false,false,false,
4356,绝望,juéwàng,1,绝望,juewang,动,6,6,{},false,false,false,
4357,军队,jūnduì,1,军队,jundui,名,6,6,{},false,false,false,
4358,军人,jūnrén,1,军人,junren,名,6,6,{},false,false,false,
4359,均匀,jūnyún,1,均匀,junyun,形,6,6,{},false,false,false,
4360,卡片,kǎpiàn,1,卡片,kapian,名,6,6,{},false,false,false,
4361,开创,kāichuàng,1,开创,kaichuang,动,6,6,{},false,false,false,
4362,开关,kāiguān,1,开关,kaiguan,名,6,6,{},false,false,false,
4363,开启,kāiqǐ,1,开启,kaiqi,动,6,6,{},false,false,false,
4364,开设,kāishè,1,开设,kaishe,动,6,6,{},false,false,false,
4365,开头,kāitóu,1,开头,kaitou,动、名,6,6,{},false,false,false,
4366,砍,kǎn,1,砍,kan,动,6,6,{},false,false,false,
4367,看不起,kànbuqǐ,1,看不起,kanbuqi,动,6,6,{},false,false,false,
4368,看待,kàndài,1,看待,kandai,动,6,6,{},false,false,false,
4369,看得起,kàndeqǐ,1,看得起,kandeqi,动,6,6,{},false,false,false,
4370,看好,kànhǎo,1,看好,kanhao,动,6,6,{},false,false,false,
4371,看似,kànsì,1,看似,kansi,动,6,6,{},false,false,false,
4372,看中,kànzhòng,1,看中,kanzhong,动,6,6,{},false,false,false,
4373,看重,kànzhòng,1,看重,kanzhong,动,6,6,{},false,false,false,
4374,康复,kāngfù,1,康复,kangfu,动,6,6,{},false,false,false,
4375,考察,kǎochá,1,考察,kaocha,动,6,6,{},false,false,false,
4376,考古,kǎogǔ,1,考古,kaogu,动、名,6,6,{},false,false,false,
4377,考核,kǎohé,1,考核,kaohe,动,6,6,{},false,false,false,
4378,考验,kǎoyàn,1,考验,kaoyan,动,6,6,{},false,false,false,
4379,科,kē,1,科,ke,名,6,6,{},false,false,false,
4380,科幻,kēhuàn,1,科幻,kehuan,名,6,6,{},false,false,false,
4381,科目,kēmù,1,科目,kemu,名,6,6,{},false,false,false,
4382,科普,kēpǔ,1,科普,kepu,动,6,6,{},false,false,false,
4383,可口,kěkǒu,1,可口,kekou,形,6,6,{},false,false,false,
4384,可怜,kělián,1,可怜,kelian,形、动,6,6,{},false,false,false,
4385,渴望,kěwàng,1,渴望,kewang,动,6,6,{},false,false,false,
4386,可行,kěxíng,1,可行,kexing,形,6,6,{},false,false,false,
4387,客车,kèchē,1,客车,keche,名,6,6,{},false,false,false,
4388,课题,kètí,1,课题,keti,名,6,6,{},false,false,false,
4389,肯,kěn,1,肯,ken,动,6,6,{},false,false,false,
4390,恐惧,kǒngjù,1,恐惧,kongju,形,6,6,{},false,false,false,
4391,空地,kòngdì,1,空地,kongdi,名,6,6,{},false,false,false,
4392,空闲,kòngxián,1,空闲,kongxian,形、名,6,6,{},false,false,false,
4393,口感,kǒugǎn,1,口感,kougan,名,6,6,{},false,false,false,
4394,口号,kǒuhào,1,口号,kouhao,名,6,6,{},false,false,false,
4395,口腔,kǒuqiāng,1,口腔,kouqiang,名,6,6,{},false,false,false,
4396,口头,kǒutóu,1,口头,koutou,名、形,6,6,{},false,false,false,
4397,扣,kòu,1,扣,kou,动、名,6,6,{},false,false,false,
4398,枯燥,kūzào,1,枯燥,kuzao,形,6,6,{},false,false,false,
4399,酷,kù,1,酷,ku,形,6,6,{},false,false,false,
4400,夸,kuā,1,夸,kua,动,6,6,{},false,false,false,
4401,夸奖,kuājiǎng,1,夸奖,kuajiang,动,6,6,{},false,false,false,
4402,夸张,kuāzhāng,1,夸张,kuazhang,形,6,6,{},false,false,false,
4403,会计,kuàijì,1,会计,kuaiji,名,6,6,{},false,false,false,
4404,快捷,kuàijié,1,快捷,kuaijie,形,6,6,{},false,false,false,
4405,款,kuǎn,1,款,kuan,名、量,6,6,{},false,false,false,
4406,款式,kuǎnshì,1,款式,kuanshi,名,6,6,{},false,false,false,
4407,亏损,kuīsǔn,1,亏损,kuisun,动,6,6,{},false,false,false,
4408,困扰,kùnrǎo,1,困扰,kunrao,动,6,6,{},false,false,false,
4409,扩展,kuòzhǎn,1,扩展,kuozhan,动,6,6,{},false,false,false,
4410,落,là,1,落,la,动,6,6,{},true,true,false,
4411,辣椒,làjiāo,1,辣椒,lajiao,名,6,6,{},false,false,false,
4412,啦,la,1,啦,la,助,6,6,{},false,false,false,
4413,来临,láilín,1,来临,lailin,动,6,6,{},false,false,false,
4414,来往,láiwǎng,1,来往,laiwang,动,6,6,{},false,false,false,
4415,赖,lài,1,赖,lai,形、动,6,6,{},false,false,false,
4416,拦,lán,1,拦,lan,动,6,6,{},false,false,false,
4417,栏,lán,1,栏,lan,名,6,6,{},false,false,false,
4418,兰花,lánhuā,1,兰花,lanhua,名,6,6,{},false,false,false,
4419,烂,làn,1,烂,lan,形,6,6,{},false,false,false,
4420,狼,láng,1,狼,lang,名,6,6,{},false,false,false,
4421,朗读,lǎngdú,1,朗读,langdu,动,6,6,{},false,false,false,
4422,牢,láo,1,牢,lao,名、形,6,6,{},false,false,false,
4423,劳动力,láodònglì,1,劳动力,laodongli,名,6,6,{},false,false,false,
4424,老实,lǎoshi,1,老实,laoshi,形,6,6,{},false,false,false,
4425,老鼠,lǎoshǔ,1,老鼠,laoshu,名,6,6,{},false,false,false,
4426,老太太,lǎotàitai,1,老太太,laotaitai,名,6,6,{},false,false,false,
4427,乐于,lèyú,1,乐于,leyu,动,6,6,{},false,false,false,
4428,雷,léi,1,雷,lei,名,6,6,{},false,false,false,
4429,类别,lèibié,1,类别,leibie,名,6,6,{},false,false,false,
4430,理,lǐ,1,理,li,名、动,6,6,{},false,false,false,
4431,理财,lǐcái,1,理财,licai,动,6,6,{},false,false,false,
4432,理科,lǐkē,1,理科,like,名,6,6,{},false,false,false,
4433,理念,lǐniàn,1,理念,linian,名,6,6,{},false,false,false,
4434,理性,lǐxìng,1,理性,lixing,形、名,6,6,{},false,false,false,
4435,立,lì,1,立,li,动,6,6,{},false,false,false,
4436,粒,lì,1,粒,li,名、量,6,6,{},false,false,false,
4437,立场,lìchǎng,1,立场,lichang,名,6,6,{},false,false,false,
4438,力度,lìdù,1,力度,lidu,名,6,6,{},false,false,false,
4439,历经,lìjīng,1,历经,lijing,动,6,6,{},false,false,false,
4440,历年,lìnián,1,历年,linian,名,6,6,{},false,false,false,
4441,例外,lìwài,1,例外,liwai,动、名,6,6,{},false,false,false,
4442,利息,lìxī,1,利息,lixi,名,6,6,{},false,false,false,
4443,联合国,Liánhéguó,1,联合国,lianheguo,名,6,6,{},false,false,false,
4444,联网,liánwǎng,1,联网,lianwang,动,6,6,{},false,false,false,
4445,联想,liánxiǎng,1,联想,lianxiang,动,6,6,{},false,false,false,
4446,链接,liànjiē,1,链接,lianjie,动,6,6,{},false,false,false,
4447,两岸,liǎng’àn,1,两岸,liangan,名,6,6,{},false,false,false,
4448,两极,liǎngjí,1,两极,liangji,名,6,6,{},false,false,false,
4449,晾,liàng,1,晾,liang,动,6,6,{},false,false,false,
4450,料,liào,1,料1,liao,名,6,6,{},true,false,false,
4451,料,liào,2,料2,liao,动,6,6,{},true,false,false,
4452,淋,lín,1,淋,lin,动,6,6,{},false,false,false,
4453,凌晨,língchén,1,凌晨,lingchen,名,6,6,{},false,false,false,
4454,流程,liúchéng,1,流程,liucheng,名,6,6,{},false,false,false,
4455,流动,liúdòng,1,流动,liudong,动,6,6,{},false,false,false,
4456,浏览器,liúlǎnqì,1,浏览器,liulanqi,名,6,6,{},false,false,false,
4457,流量,liúliàng,1,流量,liuliang,名,6,6,{},false,false,false,
4458,流入,liúrù,1,流入,liuru,动,6,6,{},false,false,false,
4459,流通,liútōng,1,流通,liutong,动,6,6,{},false,false,false,
4460,楼道,lóudào,1,楼道,loudao,名,6,6,{},false,false,false,
4461,露,lòu,1,露,lou,动,6,6,{},true,true,false,
4462,漏洞,lòudòng,1,漏洞,loudong,名,6,6,{},false,false,false,
4463,露,lù,1,露1,lu,动,6,6,{},true,true,false,
4464,路程,lùchéng,1,路程,lucheng,名,6,6,{},false,false,false,
4465,路况,lùkuàng,1,路况,lukuang,名,6,6,{},false,false,false,
4466,路面,lùmiàn,1,路面,lumian,名,6,6,{},false,false,false,
4467,录像,lùxiàng,1,录像,luxiang,动、名,6,6,{},false,false,false,
4468,录用,lùyòng,1,录用,luyong,动,6,6,{},false,false,false,
4469,录制,lùzhì,1,录制,luzhi,动,6,6,{},false,false,false,
4470,旅程,lǚchéng,1,旅程,lucheng,名,6,6,{},false,false,false,
4471,旅途,lǚtú,1,旅途,lutu,名,6,6,{},false,false,false,
4472,履行,lǚxíng,1,履行,luxing,动,6,6,{},false,false,false,
4473,率,lǜ,1,率,lu,后缀,6,6,{},true,true,false,
4474,绿化,lǜhuà,1,绿化,luhua,动,6,6,{},false,false,false,
4475,轮,lún,1,轮,lun,名、动、量,6,6,{},false,false,false,
4476,轮船,lúnchuán,1,轮船,lunchuan,名,6,6,{},false,false,false,
4477,轮流,lúnliú,1,轮流,lunliu,动,6,6,{},false,false,false,
4478,轮椅,lúnyǐ,1,轮椅,lunyi,名,6,6,{},false,false,false,
4479,轮子,lúnzi,1,轮子,lunzi,名,6,6,{},false,false,false,
4480,论坛,lùntán,1,论坛,luntan,名,6,6,{},false,false,false,
4481,落地,luòdì,1,落地,luodi,动,6,6,{},false,false,false,
4482,落后,luòhòu,1,落后,luohou,动、形,6,6,{},false,false,false,
4483,马虎,mǎhu,1,马虎,mahu,形,6,6,{},false,false,false,
4484,码头,mǎtóu,1,码头,matou,名,6,6,{},false,false,false,
4485,蚂蚁,mǎyǐ,1,蚂蚁,mayi,名,6,6,{},false,false,false,
4486,嘛,ma,1,嘛,ma,助,6,6,{},false,false,false,
4487,埋,mái,1,埋,mai,动,6,6,{},false,false,false,
4488,迈,mài,1,迈,mai,动,6,6,{},false,false,false,
4489,麦克风,màikèfēng,1,麦克风,maikefeng,名,6,6,{},false,false,false,
4490,漫长,màncháng,1,漫长,manchang,形,6,6,{},false,false,false,
4491,漫画,mànhuà,1,漫画,manhua,名,6,6,{},false,false,false,
4492,盲人,mángrén,1,盲人,mangren,名,6,6,{},false,false,false,
4493,冒,mào,1,冒,mao,动,6,6,{},false,false,false,
4494,冒险,màoxiǎn,1,冒险,maoxian,动,6,6,{},false,false,false,
4495,贸易,màoyì,1,贸易,maoyi,名,6,6,{},false,false,false,
4496,煤,méi,1,煤,mei,名,6,6,{},false,false,false,
4497,梅花,méihuā,1,梅花,meihua,名,6,6,{},false,false,false,
4498,眉毛,méimao,1,眉毛,meimao,名,6,6,{},false,false,false,
4499,美观,měiguān,1,美观,meiguan,形,6,6,{},false,false,false,
4500,弥补,míbǔ,1,弥补,mibu,动,6,6,{},false,false,false,
4501,迷人,mírén,1,迷人,miren,形,6,6,{},false,false,false,
4502,密,mì,1,密,mi,形,6,6,{},false,false,false,
4503,密度,mìdù,1,密度,midu,名,6,6,{},false,false,false,
4504,蜜蜂,mìfēng,1,蜜蜂,mifeng,名,6,6,{},false,false,false,
4505,密集,mìjí,1,密集,miji,动、形,6,6,{},false,false,false,
4506,棉,mián,1,棉,mian,名,6,6,{},false,false,false,
4507,免,miǎn,1,免,mian,动,6,6,{},false,false,false,
4508,勉强,miǎnqiǎng,1,勉强,mianqiang,形、动,6,6,{},false,false,false,
4509,免税,miǎnshuì,1,免税,mianshui,动,6,6,{},false,false,false,
4510,免疫,miǎnyì,1,免疫,mianyi,动,6,6,{},false,false,false,
4511,面部,miànbù,1,面部,mianbu,名,6,6,{},false,false,false,
4512,面粉,miànfěn,1,面粉,mianfen,名,6,6,{},false,false,false,
4513,面子,miànzi,1,面子,mianzi,名,6,6,{},false,false,false,
4514,描绘,miáohuì,1,描绘,miaohui,动,6,6,{},false,false,false,
4515,描写,miáoxiě,1,描写,miaoxie,动,6,6,{},false,false,false,
4516,妙,miào,1,妙,miao,形,6,6,{},false,false,false,
4517,灭,miè,1,灭,mie,动,6,6,{},false,false,false,
4518,民歌,míngē,1,民歌,minge,名,6,6,{},false,false,false,
4519,民间,mínjiān,1,民间,minjian,名,6,6,{},false,false,false,
4520,民俗,mínsú,1,民俗,minsu,名,6,6,{},false,false,false,
4521,民宿,mínsù,1,民宿,minsu,名,6,6,{},false,false,false,
4522,民众,mínzhòng,1,民众,minzhong,名,6,6,{},false,false,false,
4523,民主,mínzhǔ,1,民主,minzhu,名、形,6,6,{},false,false,false,
4524,名额,míng’é,1,名额,minge,名,6,6,{},false,false,false,
4525,明亮,míngliàng,1,明亮,mingliang,形,6,6,{},false,false,false,
4526,明明,míngmíng,1,明明,mingming,副,6,6,{},false,false,false,
4527,名气,míngqi,1,名气,mingqi,名,6,6,{},false,false,false,
4528,名胜,míngshèng,1,名胜,mingsheng,名,6,6,{},false,false,false,
4529,命令,mìnglìng,1,命令,mingling,动、名,6,6,{},false,false,false,
4530,命名,mìngmíng,1,命名,mingming,动,6,6,{},false,false,false,
4531,模仿,mófǎng,1,模仿,mofang,动,6,6,{},false,false,false,
4532,模拟,mónǐ,1,模拟,moni,动,6,6,{},false,false,false,
4533,模特儿,mótèr,1,模特儿,moter,名,6,6,{},false,false,false,
4534,摩托车,mótuōchē,1,摩托车,motuoche,名,6,6,{},false,false,false,
4535,模型,móxíng,1,模型,moxing,名,6,6,{},false,false,false,
4536,默默,mòmò,1,默默,momo,副,6,6,{},false,false,false,
4537,模样,múyàng,1,模样,muyang,名,6,6,{},false,false,false,
4538,母,mǔ,1,母,mu,形,6,6,{},false,false,false,
4539,母语,mǔyǔ,1,母语,muyu,名,6,6,{},false,false,false,
4540,木材,mùcái,1,木材,mucai,名,6,6,{},false,false,false,
4541,目录,mùlù,1,目录,mulu,名,6,6,{},false,false,false,
4542,奶粉,nǎifěn,1,奶粉,naifen,名,6,6,{},false,false,false,
4543,难点,nándiǎn,1,难点,nandian,名,6,6,{},false,false,false,
4544,南极洲,Nánjízhōu,1,南极洲,nanjizhou,名,6,6,{},false,false,false,
4545,南美洲,Nánměizhōu,1,南美洲,nanmeizhou,名,6,6,{},false,false,false,
4546,难免,nánmiǎn,1,难免,nanmian,形,6,6,{},false,false,false,
4547,脑袋,nǎodai,1,脑袋,naodai,名,6,6,{},false,false,false,
4548,脑子,nǎozi,1,脑子,naozi,名,6,6,{},false,false,false,
4549,内涵,nèihán,1,内涵,neihan,名,6,6,{},false,false,false,
4550,内科,nèikē,1,内科,neike,名,6,6,{},false,false,false,
4551,内外,nèiwài,1,内外,neiwai,名,6,6,{},false,false,false,
4552,内衣,nèiyī,1,内衣,neiyi,名,6,6,{},false,false,false,
4553,能量,néngliàng,1,能量,nengliang,名,6,6,{},false,false,false,
4554,能源,néngyuán,1,能源,nengyuan,名,6,6,{},false,false,false,
4555,泥,ní,1,泥,ni,名,6,6,{},false,false,false,
4556,年度,niándù,1,年度,niandu,名,6,6,{},false,false,false,
4557,年终,niánzhōng,1,年终,nianzhong,名,6,6,{},false,false,false,
4558,念书,niànshū,1,念书,nianshu,动,6,6,{},false,false,false,
4559,扭,niǔ,1,扭,niu,动,6,6,{},false,false,false,
4560,农产品,nóngchǎnpǐn,1,农产品,nongchanpin,名,6,6,{},false,false,false,
4561,浓厚,nónghòu,1,浓厚,nonghou,形,6,6,{},false,false,false,
4562,农田,nóngtián,1,农田,nongtian,名,6,6,{},false,false,false,
4563,暖,nuǎn,1,暖,nuan,形、动,6,6,{},false,false,false,
4564,暖气,nuǎnqì,1,暖气,nuanqi,名,6,6,{},false,false,false,
4565,偶像,ǒuxiàng,1,偶像,ouxiang,名,6,6,{},false,false,false,
4566,排除,páichú,1,排除,paichu,动,6,6,{},false,false,false,
4567,排放,páifàng,1,排放,paifang,动,6,6,{},false,false,false,
4568,排练,páiliàn,1,排练,pailian,动,6,6,{},false,false,false,
4569,排名,páimíng,1,排名,paiming,动,6,6,{},false,false,false,
4570,盘,pán,1,盘,pan,量、（动）,6,6,{7},false,false,false,
4571,盼望,pànwàng,1,盼望,panwang,动,6,6,{},false,false,false,
4572,庞大,pángdà,1,庞大,pangda,形,6,6,{},false,false,false,
4573,抛,pāo,1,抛,pao,动,6,6,{},false,false,false,
4574,泡,pào,1,泡,pao,名、动,6,6,{},false,false,false,
4575,赔偿,péicháng,1,赔偿,peichang,动,6,6,{},false,false,false,
4576,陪同,péitóng,1,陪同,peitong,动,6,6,{},false,false,false,
4577,培育,péiyù,1,培育,peiyu,动,6,6,{},false,false,false,
4578,配备,pèibèi,1,配备,peibei,动、名,6,6,{},false,false,false,
4579,佩服,pèifú,1,佩服,peifu,动,6,6,{},false,false,false,
4580,配套,pèitào,1,配套,peitao,动,6,6,{},false,false,false,
4581,喷,pēn,1,喷,pen,动,6,6,{},false,false,false,
4582,捧,pěng,1,捧,peng,动、量,6,6,{},false,false,false,
4583,碰撞,pèngzhuàng,1,碰撞,pengzhuang,动,6,6,{},false,false,false,
4584,披,pī,1,披,pi,动,6,6,{},false,false,false,
4585,皮,pí,1,皮,pi,名、形,6,6,{},false,false,false,
4586,疲劳,píláo,1,疲劳,pilao,形,6,6,{},false,false,false,
4587,片刻,piànkè,1,片刻,pianke,名,6,6,{},false,false,false,
4588,片面,piànmiàn,1,片面,pianmian,形,6,6,{},false,false,false,
4589,骗子,piànzi,1,骗子,pianzi,名,6,6,{},false,false,false,
4590,飘,piāo,1,飘,piao,动、形,6,6,{},false,false,false,
4591,漂,piāo,1,漂,piao,动,6,6,{},false,false,false,
4592,频道,píndào,1,频道,pindao,名,6,6,{},false,false,false,
4593,频繁,pínfán,1,频繁,pinfan,形,6,6,{},false,false,false,
4594,贫困,pínkùn,1,贫困,pinkun,形,6,6,{},false,false,false,
4595,频率,pínlǜ,1,频率,pinlu,名,6,6,{},false,false,false,
4596,品尝,pǐncháng,1,品尝,pinchang,动,6,6,{},false,false,false,
4597,平等,píngděng,1,平等,pingdeng,形,6,6,{},false,false,false,
4598,平凡,píngfán,1,平凡,pingfan,形,6,6,{},false,false,false,
4599,平方,píngfāng,1,平方,pingfang,名、量,6,6,{},false,false,false,
4600,平方米,píngfāngmǐ,1,平方米,pingfangmi,量,6,6,{},false,false,false,
4601,评估,pínggū,1,评估,pinggu,动,6,6,{},false,false,false,
4602,评论,pínglùn,1,评论,pinglun,动、名,6,6,{},false,false,false,
4603,评选,píngxuǎn,1,评选,pingxuan,动,6,6,{},false,false,false,
4604,坡,pō,1,坡,po,名、形,6,6,{},false,false,false,
4605,泼,pō,1,泼,po,动,6,6,{},false,false,false,
4606,破产,pòchǎn,1,破产,pochan,动,6,6,{},false,false,false,
4607,迫切,pòqiè,1,迫切,poqie,形,6,6,{},false,false,false,
4608,扑,pū,1,扑,pu,动,6,6,{},false,false,false,
4609,铺,pū,1,铺,pu,动,6,6,{},false,false,false,
4610,扑灭,pūmiè,1,扑灭,pumie,动,6,6,{},false,false,false,
4611,朴素,pǔsù,1,朴素,pusu,形,6,6,{},false,false,false,
4612,欺骗,qīpiàn,1,欺骗,qipian,动,6,6,{},false,false,false,
4613,期望,qīwàng,1,期望,qiwang,动,6,6,{},false,false,false,
4614,期限,qīxiàn,1,期限,qixian,名,6,6,{},false,false,false,
4615,其间,qíjiān,1,其间,qijian,名,6,6,{},false,false,false,
4616,齐全,qíquán,1,齐全,qiquan,形,6,6,{},false,false,false,
4617,棋子,qízǐ,1,棋子,qizi,名,6,6,{},false,false,false,
4618,起初,qǐchū,1,起初,qichu,名,6,6,{},false,false,false,
4619,起点,qǐdiǎn,1,起点,qidian,名,6,6,{},false,false,false,
4620,启动,qǐdòng,1,启动,qidong,动,6,6,{},false,false,false,
4621,启发,qǐfā,1,启发,qifa,动,6,6,{},false,false,false,
4622,启示,qǐshì,1,启示,qishi,动、名,6,6,{},false,false,false,
4623,启事,qǐshì,1,启事,qishi,名,6,6,{},false,false,false,
4624,起源,qǐyuán,1,起源,qiyuan,动、名,6,6,{},false,false,false,
4625,气氛,qìfēn,1,气氛,qifen,名,6,6,{},false,false,false,
4626,气体,qìtǐ,1,气体,qiti,名,6,6,{},false,false,false,
4627,气味,qìwèi,1,气味,qiwei,名,6,6,{},false,false,false,
4628,气质,qìzhì,1,气质,qizhi,名,6,6,{},false,false,false,
4629,恰当,qiàdàng,1,恰当,qiadang,形,6,6,{},false,false,false,
4630,恰好,qiàhǎo,1,恰好,qiahao,副,6,6,{},false,false,false,
4631,恰恰,qiàqià,1,恰恰,qiaqia,副,6,6,{},false,false,false,
4632,牵,qiān,1,牵,qian,动,6,6,{},false,false,false,
4633,千家万户,qiānjiā-wànhù,1,千家万户,qianjiawanhu,,6,6,{},false,false,true,
4634,谦虚,qiānxū,1,谦虚,qianxu,形、动,6,6,{},false,false,false,
4635,前景,qiánjǐng,1,前景,qianjing,名,6,6,{},false,false,false,
4636,潜力,qiánlì,1,潜力,qianli,名,6,6,{},false,false,false,
4637,前期,qiánqī,1,前期,qianqi,名,6,6,{},false,false,false,
4638,前提,qiántí,1,前提,qianti,名,6,6,{},false,false,false,
4639,前者,qiánzhě,1,前者,qianzhe,名,6,6,{},false,false,false,
4640,枪,qiāng,1,枪,qiang,名,6,6,{},false,false,false,
4641,墙壁,qiángbì,1,墙壁,qiangbi,名,6,6,{},false,false,false,
4642,强化,qiánghuà,1,强化,qianghua,动,6,6,{},false,false,false,
4643,强壮,qiángzhuàng,1,强壮,qiangzhuang,形、动,6,6,{},false,false,false,
4644,强迫,qiǎngpò,1,强迫,qiangpo,动,6,6,{},false,false,false,
4645,瞧,qiáo,1,瞧,qiao,动,6,6,{},false,false,false,
4646,桥梁,qiáoliáng,1,桥梁,qiaoliang,名,6,6,{},false,false,false,
4647,巧妙,qiǎomiào,1,巧妙,qiaomiao,形,6,6,{},false,false,false,
4648,切实,qièshí,1,切实,qieshi,形,6,6,{},false,false,false,
4649,亲密,qīnmì,1,亲密,qinmi,形,6,6,{},false,false,false,
4650,亲属,qīnshǔ,1,亲属,qinshu,名,6,6,{},false,false,false,
4651,勤劳,qínláo,1,勤劳,qinlao,形,6,6,{},false,false,false,
4652,清,qīng,1,清,qing,形、动,6,6,{},false,false,false,
4653,清晨,qīngchén,1,清晨,qingchen,名,6,6,{},false,false,false,
4654,青春,qīngchūn,1,青春,qingchun,名,6,6,{},false,false,false,
4655,青春期,qīngchūnqī,1,青春期,qingchunqi,名,6,6,{},false,false,false,
4656,清淡,qīngdàn,1,清淡,qingdan,形,6,6,{},false,false,false,
4657,清洁,qīngjié,1,清洁,qingjie,形,6,6,{},false,false,false,
4658,清理,qīnglǐ,1,清理,qingli,动,6,6,{},false,false,false,
4659,清扫,qīngsǎo,1,清扫,qingsao,动,6,6,{},false,false,false,
4660,倾听,qīngtīng,1,倾听,qingting,动,6,6,{},false,false,false,
4661,清洗,qīngxǐ,1,清洗,qingxi,动,6,6,{},false,false,false,
4662,清晰,qīngxī,1,清晰,qingxi,形,6,6,{},false,false,false,
4663,倾向,qīngxiàng,1,倾向,qingxiang,动、名,6,6,{},false,false,false,
4664,清醒,qīngxǐng,1,清醒,qingxing,形、动,6,6,{},false,false,false,
4665,情节,qíngjié,1,情节,qingjie,名,6,6,{},false,false,false,
4666,晴朗,qínglǎng,1,晴朗,qinglang,形,6,6,{},false,false,false,
4667,情形,qíngxing,1,情形,qingxing,名,6,6,{},false,false,false,
4668,求,qiú,1,求,qiu,动,6,6,{},false,false,false,
4669,求婚,qiúhūn,1,求婚,qiuhun,动,6,6,{},false,false,false,
4670,求救,qiújiù,1,求救,qiujiu,动,6,6,{},false,false,false,
4671,求职,qiúzhí,1,求职,qiuzhi,动,6,6,{},false,false,false,
4672,求助,qiúzhù,1,求助,qiuzhu,动,6,6,{},false,false,false,
4673,区分,qūfēn,1,区分,qufen,动,6,6,{},false,false,false,
4674,渠道,qúdào,1,渠道,qudao,名,6,6,{},false,false,false,
4675,曲,qǔ,1,曲,qu,名,6,6,{},false,false,false,
4676,娶,qǔ,1,娶,qu,动,6,6,{},false,false,false,
4677,取代,qǔdài,1,取代,qudai,动,6,6,{},false,false,false,
4678,趣味,qùwèi,1,趣味,quwei,名,6,6,{},false,false,false,
4679,圈,quān,1,圈,quan,名、动,6,6,{},true,true,false,
4680,全程,quánchéng,1,全程,quancheng,名,6,6,{},false,false,false,
4681,权力,quánlì,1,权力,quanli,名,6,6,{},false,false,false,
4682,券,quàn,1,券,quan,名,6,6,{},false,false,false,
4683,缺陷,quēxiàn,1,缺陷,quexian,名,6,6,{},false,false,false,
4684,确立,quèlì,1,确立,queli,动,6,6,{},false,false,false,
4685,群众,qúnzhòng,1,群众,qunzhong,名,6,6,{},false,false,false,
4686,燃料,ránliào,1,燃料,ranliao,名,6,6,{},false,false,false,
4687,染,rǎn,1,染,ran,动,6,6,{},false,false,false,
4688,热点,rèdiǎn,1,热点,redian,名,6,6,{},false,false,false,
4689,热度,rèdù,1,热度,redu,名,6,6,{},false,false,false,
4690,热门,rèmén,1,热门,remen,名,6,6,{},false,false,false,
4691,热水器,rèshuǐqì,1,热水器,reshuiqi,名,6,6,{},false,false,false,
4692,热线,rèxiàn,1,热线,rexian,名,6,6,{},false,false,false,
4693,热议,rèyì,1,热议,reyi,动,6,6,{},false,false,false,
4694,人工智能,réngōng zhìnéng,1,人工智能,rengongzhineng,,6,6,{},false,false,true,
4695,人家,rénjia,1,人家,renjia,代,6,6,{},false,false,false,
4696,人均,rénjūn,1,人均,renjun,动,6,6,{},false,false,false,
4697,人山人海,rénshān-rénhǎi,1,人山人海,renshanrenhai,,6,6,{},false,false,true,
4698,人士,rénshì,1,人士,renshi,名,6,6,{},false,false,false,
4699,人事,rénshì,1,人事,renshi,名,6,6,{},false,false,false,
4700,人为,rénwéi,1,人为,renwei,形,6,6,{},false,false,false,
4701,人行道,rénxíngdào,1,人行道,renxingdao,名,6,6,{},false,false,false,
4702,忍受,rěnshòu,1,忍受,renshou,动,6,6,{},false,false,false,
4703,认错,rèncuò,1,认错,rencuo,动,6,6,{},false,false,false,
4704,认定,rèndìng,1,认定,rending,动,6,6,{},false,false,false,
4705,认可,rènkě,1,认可,renke,动,6,6,{},false,false,false,
4706,认同,rèntóng,1,认同,rentong,动,6,6,{},false,false,false,
4707,认知,rènzhī,1,认知,renzhi,动,6,6,{},false,false,false,
4708,仍旧,réngjiù,1,仍旧,rengjiu,副,6,6,{},false,false,false,
4709,日后,rìhòu,1,日后,rihou,名,6,6,{},false,false,false,
4710,日前,rìqián,1,日前,riqian,名,6,6,{},false,false,false,
4711,日夜,rìyè,1,日夜,riye,名,6,6,{},false,false,false,
4712,日益,rìyì,1,日益,riyi,副,6,6,{},false,false,false,
4713,融合,rónghé,1,融合,ronghe,动,6,6,{},false,false,false,
4714,融化,rónghuà,1,融化,ronghua,动,6,6,{},false,false,false,
4715,容量,róngliàng,1,容量,rongliang,名,6,6,{},false,false,false,
4716,融入,róngrù,1,融入,rongru,动,6,6,{},false,false,false,
4717,荣誉,róngyù,1,荣誉,rongyu,名,6,6,{},false,false,false,
4718,柔软,róuruǎn,1,柔软,rouruan,形,6,6,{},false,false,false,
4719,入境,rùjìng,1,入境,rujing,动,6,6,{},false,false,false,
4720,入门,rùmén,1,入门,rumen,动、名,6,6,{},false,false,false,
4721,入选,rùxuǎn,1,入选,ruxuan,动,6,6,{},false,false,false,
4722,弱点,ruòdiǎn,1,弱点,ruodian,名,6,6,{},false,false,false,
4723,撒,sǎ,1,撒,sa,动,6,6,{},true,true,false,
4724,塞,sāi,1,塞,sai,动、名,6,6,{},false,false,false,
4725,赛事,sàishì,1,赛事,saishi,名,6,6,{},false,false,false,
4726,散,sǎn,1,散,san,动,6,6,{},true,true,false,
4727,散文,sǎnwén,1,散文,sanwen,名,6,6,{},false,false,false,
4728,散,sàn,1,散,san,动,6,6,{},true,true,false,
4729,散发,sànfā,1,散发,sanfa,动,6,6,{},false,false,false,
4730,嗓子,sǎngzi,1,嗓子,sangzi,名,6,6,{},false,false,false,
4731,丧失,sàngshī,1,丧失,sangshi,动,6,6,{},false,false,false,
4732,扫描,sǎomiáo,1,扫描,saomiao,动,6,6,{},false,false,false,
4733,杀,shā,1,杀,sha,动,6,6,{},false,false,false,
4734,刹车,shāchē,1,刹车,shache,动、名,6,6,{},false,false,false,
4735,鲨鱼,shāyú,1,鲨鱼,shayu,名,6,6,{},false,false,false,
4736,筛选,shāixuǎn,1,筛选,shaixuan,动,6,6,{},false,false,false,
4737,山顶,shāndǐng,1,山顶,shanding,名,6,6,{},false,false,false,
4738,山峰,shānfēng,1,山峰,shanfeng,名,6,6,{},false,false,false,
4739,山坡,shānpō,1,山坡,shanpo,名,6,6,{},false,false,false,
4740,闪,shǎn,1,闪,shan,动,6,6,{},false,false,false,
4741,闪电,shǎndiàn,1,闪电,shandian,名,6,6,{},false,false,false,
4742,扇,shàn,1,扇,shan,量,6,6,{},true,true,false,
4743,商标,shāngbiāo,1,商标,shangbiao,名,6,6,{},false,false,false,
4744,伤口,shāngkǒu,1,伤口,shangkou,名,6,6,{},false,false,false,
4745,伤亡,shāngwáng,1,伤亡,shangwang,动、名,6,6,{},false,false,false,
4746,伤员,shāngyuán,1,伤员,shangyuan,名,6,6,{},false,false,false,
4747,上当,shàngdàng,1,上当,shangdang,动,6,6,{},false,false,false,
4748,上级,shàngjí,1,上级,shangji,名,6,6,{},false,false,false,
4749,上进,shàngjìn,1,上进,shangjin,动,6,6,{},false,false,false,
4750,上市,shàngshì,1,上市,shangshi,动,6,6,{},false,false,false,
4751,上述,shàngshù,1,上述,shangshu,形,6,6,{},false,false,false,
4752,上台,shàngtái,1,上台,shangtai,动,6,6,{},false,false,false,
4753,上旬,shàngxún,1,上旬,shangxun,名,6,6,{},false,false,false,
4754,少儿,shào’ér,1,少儿,shaoer,名,6,6,{},false,false,false,
4755,舌头,shétou,1,舌头,shetou,名,6,6,{},false,false,false,
4756,社,shè,1,社,she,名,6,6,{},false,false,false,
4757,射,shè,1,射,she,动,6,6,{},false,false,false,
4758,涉及,shèjí,1,涉及,sheji,动,6,6,{},false,false,false,
4759,射击,shèjī,1,射击,sheji,动,6,6,{},false,false,false,
4760,摄像,shèxiàng,1,摄像,shexiang,动,6,6,{},false,false,false,
4761,设想,shèxiǎng,1,设想,shexiang,动,6,6,{},false,false,false,
4762,摄像头,shèxiàngtóu,1,摄像头,shexiangtou,名,6,6,{},false,false,false,
4763,身心,shēnxīn,1,身心,shenxin,名,6,6,{},false,false,false,
4764,深夜,shēnyè,1,深夜,shenye,名,6,6,{},false,false,false,
4765,神,shén,1,神,shen,名、形,6,6,{},false,false,false,
4766,神经,shénjīng,1,神经,shenjing,名,6,6,{},false,false,false,
4767,神奇,shénqí,1,神奇,shenqi,形,6,6,{},false,false,false,
4768,审美,shěnměi,1,审美,shenmei,动,6,6,{},false,false,false,
4769,升,shēng,2,升2,sheng,量,6,6,{},true,false,false,
4770,生成,shēngchéng,1,生成,shengcheng,动,6,6,{},false,false,false,
4771,声调,shēngdiào,1,声调,shengdiao,名,6,6,{},false,false,false,
4772,生命力,shēngmìnglì,1,生命力,shengmingli,名,6,6,{},false,false,false,
4773,生态,shēngtài,1,生态,shengtai,名,6,6,{},false,false,false,
4774,升学,shēngxué,1,升学,shengxue,动,6,6,{},false,false,false,
4775,剩余,shèngyú,1,剩余,shengyu,动,6,6,{},false,false,false,
4776,诗词,shīcí,1,诗词,shici,名,6,6,{},false,false,false,
4777,湿度,shīdù,1,湿度,shidu,名,6,6,{},false,false,false,
4778,师父,shīfu,1,师父,shifu,名,6,6,{},false,false,false,
4779,诗歌,shīgē,1,诗歌,shige,名,6,6,{},false,false,false,
4780,狮子,shīzi,1,狮子,shizi,名,6,6,{},false,false,false,
4781,识,shí,1,识,shi,动,6,6,{},false,false,false,
4782,拾,shí,1,拾,shi,动,6,6,{},false,false,false,
4783,识别,shíbié,1,识别,shibie,动,6,6,{},false,false,false,
4784,时光,shíguāng,1,时光,shiguang,名,6,6,{},false,false,false,
4785,实话,shíhuà,1,实话,shihua,名,6,6,{},false,false,false,
4786,实惠,shíhuì,1,实惠,shihui,名、形,6,6,{},false,false,false,
4787,时机,shíjī,1,时机,shiji,名,6,6,{},false,false,false,
4788,时尚,shíshàng,1,时尚,shishang,名、形,6,6,{},false,false,false,
4789,实时,shíshí,1,实时,shishi,副,6,6,{},false,false,false,
4790,时速,shísù,1,时速,shisu,名,6,6,{},false,false,false,
4791,石油,shíyóu,1,石油,shiyou,名,6,6,{},false,false,false,
4792,食欲,shíyù,1,食欲,shiyu,名,6,6,{},false,false,false,
4793,实质,shízhì,1,实质,shizhi,名,6,6,{},false,false,false,
4794,十足,shízú,1,十足,shizu,形,6,6,{},false,false,false,
4795,使劲,shǐjìn,1,使劲,shijin,动,6,6,{},false,false,false,
4796,士兵,shìbīng,1,士兵,shibing,名,6,6,{},false,false,false,
4797,适度,shìdù,1,适度,shidu,形,6,6,{},false,false,false,
4798,示范,shìfàn,1,示范,shifan,动,6,6,{},false,false,false,
4799,释放,shìfàng,1,释放,shifang,动,6,6,{},false,false,false,
4800,事后,shìhòu,1,事后,shihou,名,6,6,{},false,false,false,
4801,视觉,shìjué,1,视觉,shijue,名,6,6,{},false,false,false,
4802,势力,shìlì,1,势力,shili,名,6,6,{},false,false,false,
4803,视力,shìlì,1,视力,shili,名,6,6,{},false,false,false,
4804,试图,shìtú,1,试图,shitu,动,6,6,{},false,false,false,
4805,事务,shìwù,1,事务,shiwu,名,6,6,{},false,false,false,
4806,事项,shìxiàng,1,事项,shixiang,名,6,6,{},false,false,false,
4807,适宜,shìyí,1,适宜,shiyi,形,6,6,{},false,false,false,
4808,收藏,shōucáng,1,收藏,shoucang,动,6,6,{},false,false,false,
4809,收购,shōugòu,1,收购,shougou,动,6,6,{},false,false,false,
4810,收取,shōuqǔ,1,收取,shouqu,动,6,6,{},false,false,false,
4811,收益,shōuyì,1,收益,shouyi,名,6,6,{},false,false,false,
4812,手臂,shǒubì,1,手臂,shoubi,名,6,6,{},false,false,false,
4813,手法,shǒufǎ,1,手法,shoufa,名,6,6,{},false,false,false,
4814,手势,shǒushì,1,手势,shoushi,名,6,6,{},false,false,false,
4815,首要,shǒuyào,1,首要,shouyao,形,6,6,{},false,false,false,
4816,寿命,shòumìng,1,寿命,shouming,名,6,6,{},false,false,false,
4817,受灾,shòuzāi,1,受灾,shouzai,动,6,6,{},false,false,false,
4818,输出,shūchū,1,输出,shuchu,动,6,6,{},false,false,false,
4819,书画,shūhuà,1,书画,shuhua,名,6,6,{},false,false,false,
4820,书籍,shūjí,1,书籍,shuji,名,6,6,{},false,false,false,
4821,书面,shūmiàn,1,书面,shumian,形,6,6,{},false,false,false,
4822,输送,shūsòng,1,输送,shusong,动,6,6,{},false,false,false,
4823,书写,shūxiě,1,书写,shuxie,动,6,6,{},false,false,false,
4824,属,shǔ,1,属,shu,动,6,6,{},false,false,false,
4825,薯片,shǔpiàn,1,薯片,shupian,名,6,6,{},false,false,false,
4826,竖,shù,1,竖,shu,形、动、名,6,6,{},false,false,false,
4827,树立,shùlì,1,树立,shuli,动,6,6,{},false,false,false,
4828,数目,shùmù,1,数目,shumu,名,6,6,{},false,false,false,
4829,数字化,shùzìhuà,1,数字化,shuzihua,动,6,6,{},false,false,false,
4830,衰老,shuāilǎo,1,衰老,shuailao,形,6,6,{},false,false,false,
4831,率领,shuàilǐng,1,率领,shuailing,动,6,6,{},false,false,false,
4832,率先,shuàixiān,1,率先,shuaixian,副,6,6,{},false,false,false,
4833,水稻,shuǐdào,1,水稻,shuidao,名,6,6,{},false,false,false,
4834,水库,shuǐkù,1,水库,shuiku,名,6,6,{},false,false,false,
4835,水流,shuǐliú,1,水流,shuiliu,名,6,6,{},false,false,false,
4836,水面,shuǐmiàn,1,水面,shuimian,名,6,6,{},false,false,false,
4837,水泥,shuǐní,1,水泥,shuini,名,6,6,{},false,false,false,
4838,瞬间,shùnjiān,1,瞬间,shunjian,名,6,6,{},false,false,false,
4839,思路,sīlù,1,思路,silu,名,6,6,{},false,false,false,
4840,思念,sīniàn,1,思念,sinian,动,6,6,{},false,false,false,
4841,死亡,sǐwáng,1,死亡,siwang,动,6,6,{},false,false,false,
4842,松,sōng,1,松,song,形、动,6,6,{},false,false,false,
4843,艘,sōu,1,艘,sou,量,6,6,{},false,false,false,
4844,搜集,sōují,1,搜集,souji,动,6,6,{},false,false,false,
4845,塑造,sùzào,1,塑造,suzao,动,6,6,{},false,false,false,
4846,素质,sùzhì,1,素质,suzhi,名,6,6,{},false,false,false,
4847,算了,suànle,1,算了,suanle,动、助,6,6,{},false,false,false,
4848,算是,suànshì,1,算是,suanshi,动、副,6,6,{},false,false,false,
4849,虽,suī,1,虽,sui,连,6,6,{},false,false,false,
4850,岁数,suìshu,1,岁数,suishu,名,6,6,{},false,false,false,
4851,岁月,suìyuè,1,岁月,suiyue,名,6,6,{},false,false,false,
4852,损坏,sǔnhuài,1,损坏,sunhuai,动,6,6,{},false,false,false,
4853,损伤,sǔnshāng,1,损伤,sunshang,动,6,6,{},false,false,false,
4854,所,suǒ,2,所2,suo,助,6,6,{},true,false,false,
4855,踏实,tāshi,1,踏实,tashi,形,6,6,{},false,false,false,
4856,塔,tǎ,1,塔,ta,名,6,6,{},false,false,false,
4857,台风,táifēng,1,台风,taifeng,名,6,6,{},false,false,false,
4858,台球,táiqiú,1,台球,taiqiu,名,6,6,{},false,false,false,
4859,太空,tàikōng,1,太空,taikong,名,6,6,{},false,false,false,
4860,太阳能,tàiyángnéng,1,太阳能,taiyangneng,名,6,6,{},false,false,false,
4861,谈论,tánlùn,1,谈论,tanlun,动,6,6,{},false,false,false,
4862,谈判,tánpàn,1,谈判,tanpan,动,6,6,{},false,false,false,
4863,弹性,tánxìng,1,弹性,tanxing,名,6,6,{},false,false,false,
4864,探索,tànsuǒ,1,探索,tansuo,动,6,6,{},false,false,false,
4865,探讨,tàntǎo,1,探讨,tantao,动,6,6,{},false,false,false,
4866,汤圆,tāngyuán,1,汤圆,tangyuan,名,6,6,{},false,false,false,
4867,糖果,tángguǒ,1,糖果,tangguo,名,6,6,{},false,false,false,
4868,烫,tàng,1,烫,tang,动、形,6,6,{},false,false,false,
4869,掏,tāo,1,掏,tao,动,6,6,{},false,false,false,
4870,逃,táo,1,逃,tao,动,6,6,{},false,false,false,
4871,逃跑,táopǎo,1,逃跑,taopao,动,6,6,{},false,false,false,
4872,淘气,táoqì,1,淘气,taoqi,形,6,6,{},false,false,false,
4873,淘汰,táotài,1,淘汰,taotai,动,6,6,{},false,false,false,
4874,套餐,tàocān,1,套餐,taocan,名,6,6,{},false,false,false,
4875,特,tè,1,特,te,副,6,6,{},false,false,false,
4876,特长,tècháng,1,特长,techang,名,6,6,{},false,false,false,
4877,特地,tèdì,1,特地,tedi,副,6,6,{},false,false,false,
4878,特定,tèdìng,1,特定,teding,形,6,6,{},false,false,false,
4879,特性,tèxìng,1,特性,texing,名,6,6,{},false,false,false,
4880,特意,tèyì,1,特意,teyi,副,6,6,{},false,false,false,
4881,题材,tícái,1,题材,ticai,名,6,6,{},false,false,false,
4882,提取,tíqǔ,1,提取,tiqu,动,6,6,{},false,false,false,
4883,提示,tíshì,1,提示,tishi,动,6,6,{},false,false,false,
4884,体操,tǐcāo,1,体操,ticao,名,6,6,{},false,false,false,
4885,体积,tǐjī,1,体积,tiji,名,6,6,{},false,false,false,
4886,体系,tǐxì,1,体系,tixi,名,6,6,{},false,false,false,
4887,添,tiān,1,添,tian,动,6,6,{},false,false,false,
4888,天才,tiāncái,1,天才,tiancai,名,6,6,{},false,false,false,
4889,添加,tiānjiā,1,添加,tianjia,动,6,6,{},false,false,false,
4890,天然,tiānrán,1,天然,tianran,形,6,6,{},false,false,false,
4891,天然气,tiānránqì,1,天然气,tianranqi,名,6,6,{},false,false,false,
4892,天文,tiānwén,1,天文,tianwen,名,6,6,{},false,false,false,
4893,天下,tiānxià,1,天下,tianxia,名,6,6,{},false,false,false,
4894,天真,tiānzhēn,1,天真,tianzhen,形,6,6,{},false,false,false,
4895,田,tián,1,田,tian,名,6,6,{},false,false,false,
4896,田径,tiánjìng,1,田径,tianjing,名,6,6,{},false,false,false,
4897,调节,tiáojié,1,调节,tiaojie,动,6,6,{},false,false,false,
4898,跳水,tiàoshuǐ,1,跳水,tiaoshui,动,6,6,{},false,false,false,
4899,贴近,tiējìn,1,贴近,tiejin,动、形,6,6,{},false,false,false,
4900,听话,tīnghuà,1,听话,tinghua,形,6,6,{},false,false,false,
4901,听觉,tīngjué,1,听觉,tingjue,名,6,6,{},false,false,false,
4902,听取,tīngqǔ,1,听取,tingqu,动,6,6,{},false,false,false,
4903,通道,tōngdào,1,通道,tongdao,名,6,6,{},false,false,false,
4904,通风,tōngfēng,1,通风,tongfeng,动,6,6,{},false,false,false,
4905,通话,tōnghuà,1,通话,tonghua,动,6,6,{},false,false,false,
4906,通信,tōngxìn,1,通信,tongxin,动,6,6,{},false,false,false,
4907,通讯,tōngxùn,1,通讯,tongxun,名,6,6,{},false,false,false,
4908,通用,tōngyòng,1,通用,tongyong,动,6,6,{},false,false,false,
4909,铜,tóng,1,铜,tong,名,6,6,{},false,false,false,
4910,同伴,tóngbàn,1,同伴,tongban,名,6,6,{},false,false,false,
4911,同行,tóngháng,1,同行,tonghang,动、名,6,6,{},false,false,false,
4912,童话,tónghuà,1,童话,tonghua,名,6,6,{},false,false,false,
4913,同类,tónglèi,1,同类,tonglei,形、名,6,6,{},false,false,false,
4914,铜牌,tóngpái,1,铜牌,tongpai,名,6,6,{},false,false,false,
4915,痛快,tòngkuài,1,痛快,tongkuai,形,6,6,{},false,false,false,
4916,偷,tōu,1,偷,tou,动、副,6,6,{},false,false,false,
4917,偷偷,tōutōu,1,偷偷,toutou,副,6,6,{},false,false,false,
4918,头脑,tóunǎo,1,头脑,tounao,名,6,6,{},false,false,false,
4919,投票,tóupiào,1,投票,toupiao,动,6,6,{},false,false,false,
4920,投诉,tóusù,1,投诉,tousu,动,6,6,{},false,false,false,
4921,投资,tóuzī,1,投资,touzi,动、名,6,6,{},false,false,false,
4922,透,tòu,1,透,tou,动、形,6,6,{},false,false,false,
4923,透过,tòuguò,1,透过,touguo,动,6,6,{},false,false,false,
4924,透露,tòulù,1,透露,toulu,动,6,6,{},false,false,false,
4925,透明,tòumíng,1,透明,touming,形,6,6,{},false,false,false,
4926,突发,tūfā,1,突发,tufa,动,6,6,{},false,false,false,
4927,突破,tūpò,1,突破,tupo,动,6,6,{},false,false,false,
4928,图案,tú’àn,1,图案,tuan,名,6,6,{},false,false,false,
4929,图表,túbiǎo,1,图表,tubiao,名,6,6,{},false,false,false,
4930,徒弟,túdì,1,徒弟,tudi,名,6,6,{},false,false,false,
4931,途径,tújìng,1,途径,tujing,名,6,6,{},false,false,false,
4932,图像,túxiàng,1,图像,tuxiang,名,6,6,{},false,false,false,
4933,吐,tǔ,1,吐,tu,动,6,6,{},true,true,false,
4934,土壤,tǔrǎng,1,土壤,turang,名,6,6,{},false,false,false,
4935,吐,tù,1,吐,tu,动,6,6,{},true,true,false,
4936,团结,tuánjié,1,团结,tuanjie,动、形,6,6,{},false,false,false,
4937,团体,tuántǐ,1,团体,tuanti,名,6,6,{},false,false,false,
4938,团圆,tuányuán,1,团圆,tuanyuan,动,6,6,{},false,false,false,
4939,推测,tuīcè,1,推测,tuice,动,6,6,{},false,false,false,
4940,推销,tuīxiāo,1,推销,tuixiao,动,6,6,{},false,false,false,
4941,推行,tuīxíng,1,推行,tuixing,动,6,6,{},false,false,false,
4942,退税,tuìshuì,1,退税,tuishui,动,6,6,{},false,false,false,
4943,吞,tūn,1,吞,tun,动,6,6,{},false,false,false,
4944,拖,tuō,1,拖,tuo,动,6,6,{},false,false,false,
4945,拖延,tuōyán,1,拖延,tuoyan,动,6,6,{},false,false,false,
4946,托运,tuōyùn,1,托运,tuoyun,动,6,6,{},false,false,false,
4947,挖,wā,1,挖,wa,动,6,6,{},false,false,false,
4948,哇,wā,1,哇,wa,拟声,6,6,{},false,false,false,
4949,娃娃,wáwa,1,娃娃,wawa,名,6,6,{},false,false,false,
4950,歪,wāi,1,歪,wai,形,6,6,{},false,false,false,
4951,外表,wàibiǎo,1,外表,waibiao,名,6,6,{},false,false,false,
4952,外交,wàijiāo,1,外交,waijiao,名,6,6,{},false,false,false,
4953,外界,wàijiè,1,外界,waijie,名,6,6,{},false,false,false,
4954,外科,wàikē,1,外科,waike,名,6,6,{},false,false,false,
4955,外来,wàilái,1,外来,wailai,形,6,6,{},false,false,false,
4956,外甥,wàisheng,1,外甥,waisheng,名,6,6,{},false,false,false,
4957,弯曲,wānqū,1,弯曲,wanqu,形,6,6,{},false,false,false,
4958,顽强,wánqiáng,1,顽强,wanqiang,形,6,6,{},false,false,false,
4959,万物,wànwù,1,万物,wanwu,名,6,6,{},false,false,false,
4960,王子,wángzǐ,1,王子,wangzi,名,6,6,{},false,false,false,
4961,网,wǎng,1,网,wang,名、动,6,6,{},false,false,false,
4962,往后,wǎnghòu,1,往后,wanghou,名,6,6,{},false,false,false,
4963,往来,wǎnglái,1,往来,wanglai,动,6,6,{},false,false,false,
4964,往年,wǎngnián,1,往年,wangnian,名,6,6,{},false,false,false,
4965,望,wàng,1,望,wang,动,6,6,{},false,false,false,
4966,危机,wēijī,1,危机,weiji,名,6,6,{},false,false,false,
4967,微小,wēixiǎo,1,微小,weixiao,形,6,6,{},false,false,false,
4968,违规,wéiguī,1,违规,weigui,动,6,6,{},false,false,false,
4969,维护,wéihù,1,维护,weihu,动,6,6,{},false,false,false,
4970,为难,wéinán,1,为难,weinan,形、动,6,6,{},false,false,false,
4971,围棋,wéiqí,1,围棋,weiqi,名,6,6,{},false,false,false,
4972,为期,wéiqī,1,为期,weiqi,动,6,6,{},false,false,false,
4973,维生素,wéishēngsù,1,维生素,weishengsu,名,6,6,{},false,false,false,
4974,为止,wéizhǐ,1,为止,weizhi,动,6,6,{},false,false,false,
4975,委屈,wěiqu,1,委屈,weiqu,形、动,6,6,{},false,false,false,
4976,委托,wěituō,1,委托,weituo,动,6,6,{},false,false,false,
4977,未,wèi,1,未,wei,副,6,6,{},false,false,false,
4978,未必,wèibì,1,未必,weibi,副,6,6,{},false,false,false,
4979,未成年人,wèichéngniánrén,1,未成年人,weichengnianren,名,6,6,{},false,false,false,
4980,为此,wèicǐ,1,为此,weici,连,6,6,{},false,false,false,
4981,为何,wèihé,1,为何,weihe,副,6,6,{},false,false,false,
4982,味觉,wèijué,1,味觉,weijue,名,6,6,{},false,false,false,
4983,胃口,wèikǒu,1,胃口,weikou,名,6,6,{},false,false,false,
4984,温和,wēnhé,1,温和,wenhe,形,6,6,{},false,false,false,
4985,温柔,wēnróu,1,温柔,wenrou,形,6,6,{},false,false,false,
4986,文档,wéndàng,1,文档,wendang,名,6,6,{},false,false,false,
4987,文具,wénjù,1,文具,wenju,名,6,6,{},false,false,false,
4988,文科,wénkē,1,文科,wenke,名,6,6,{},false,false,false,
4989,文明,wénmíng,1,文明,wenming,名、形,6,6,{},false,false,false,
4990,闻名,wénmíng,1,闻名,wenming,动,6,6,{},false,false,false,
4991,文物,wénwù,1,文物,wenwu,名,6,6,{},false,false,false,
4992,文献,wénxiàn,1,文献,wenxian,名,6,6,{},false,false,false,
4993,文艺,wényì,1,文艺,wenyi,名,6,6,{},false,false,false,
4994,乌龟,wūguī,1,乌龟,wugui,名,6,6,{},false,false,false,
4995,污水,wūshuǐ,1,污水,wushui,名,6,6,{},false,false,false,
4996,无所谓,wúsuǒwèi,1,无所谓,wusuowei,动,6,6,{},false,false,false,
4997,无疑,wúyí,1,无疑,wuyi,动,6,6,{},false,false,false,
4998,武器,wǔqì,1,武器,wuqi,名,6,6,{},false,false,false,
4999,误,wù,1,误,wu,动,6,6,{},false,false,false,
5000,误解,wùjiě,1,误解,wujie,动、名,6,6,{},false,false,false,
5001,物体,wùtǐ,1,物体,wuti,名,6,6,{},false,false,false,
5002,吸取,xīqǔ,1,吸取,xiqu,动,6,6,{},false,false,false,
5003,媳妇,xífu,1,媳妇,xifu,名,6,6,{},false,false,false,
5004,习俗,xísú,1,习俗,xisu,名,6,6,{},false,false,false,
5005,喜剧,xǐjù,1,喜剧,xiju,名,6,6,{},false,false,false,
5006,喜事,xǐshì,1,喜事,xishi,名,6,6,{},false,false,false,
5007,洗漱,xǐshù,1,洗漱,xishu,动,6,6,{},false,false,false,
5008,细胞,xìbāo,1,细胞,xibao,名,6,6,{},false,false,false,
5009,细菌,xìjūn,1,细菌,xijun,名,6,6,{},false,false,false,
5010,系列,xìliè,1,系列,xilie,名,6,6,{},false,false,false,
5011,戏曲,xìqǔ,1,戏曲,xiqu,名,6,6,{},false,false,false,
5012,细致,xìzhì,1,细致,xizhi,形,6,6,{},false,false,false,
5013,吓,xià,1,吓,xia,动,6,6,{},false,false,false,
5014,下功夫,xià gōngfu,1,下功夫,xiagongfu,,6,6,{},false,false,true,
5015,下单,xiàdān,1,下单,xiadan,动,6,6,{},false,false,false,
5016,夏令营,xiàlìngyíng,1,夏令营,xialingying,名,6,6,{},false,false,false,
5017,下线,xiàxiàn,1,下线,xiaxian,动,6,6,{},false,false,false,
5018,下旬,xiàxún,1,下旬,xiaxun,名,6,6,{},false,false,false,
5019,鲜明,xiānmíng,1,鲜明,xianming,形,6,6,{},false,false,false,
5020,先前,xiānqián,1,先前,xianqian,名,6,6,{},false,false,false,
5021,鲜艳,xiānyàn,1,鲜艳,xianyan,形,6,6,{},false,false,false,
5022,嫌,xián,1,嫌,xian,动,6,6,{},false,false,false,
5023,显,xiǎn,1,显,xian,形、动,6,6,{},false,false,false,
5024,险,xiǎn,1,险,xian,形、副,6,6,{},false,false,false,
5025,显著,xiǎnzhù,1,显著,xianzhu,形,6,6,{},false,false,false,
5026,限,xiàn,1,限,xian,动,6,6,{},false,false,false,
5027,线,xiàn,1,线,xian,名、量,6,6,{},false,false,false,
5028,现存,xiàncún,1,现存,xiancun,动,6,6,{},false,false,false,
5029,限度,xiàndù,1,限度,xiandu,名,6,6,{},false,false,false,
5030,现货,xiànhuò,1,现货,xianhuo,名,6,6,{},false,false,false,
5031,陷入,xiànrù,1,陷入,xianru,动,6,6,{},false,false,false,
5032,线索,xiànsuǒ,1,线索,xiansuo,名,6,6,{},false,false,false,
5033,限于,xiànyú,1,限于,xianyu,动,6,6,{},false,false,false,
5034,相差,xiāngchà,1,相差,xiangcha,动,6,6,{},false,false,false,
5035,香肠,xiāngcháng,1,香肠,xiangchang,名,6,6,{},false,false,false,
5036,相传,xiāngchuán,1,相传,xiangchuan,动,6,6,{},false,false,false,
5037,相等,xiāngděng,1,相等,xiangdeng,动,6,6,{},false,false,false,
5038,相连,xiānglián,1,相连,xianglian,动,6,6,{},false,false,false,
5039,香水,xiāngshuǐ,1,香水,xiangshui,名,6,6,{},false,false,false,
5040,相应,xiāngyìng,1,相应,xiangying,动,6,6,{},false,false,false,
5041,项链,xiàngliàn,1,项链,xianglian,名,6,6,{},false,false,false,
5042,象棋,xiàngqí,1,象棋,xiangqi,名,6,6,{},false,false,false,
5043,相声,xiàngsheng,1,相声,xiangsheng,名,6,6,{},false,false,false,
5044,向往,xiàngwǎng,1,向往,xiangwang,动,6,6,{},false,false,false,
5045,消除,xiāochú,1,消除,xiaochu,动,6,6,{},false,false,false,
5046,消毒,xiāodú,1,消毒,xiaodu,动,6,6,{},false,false,false,
5047,消防,xiāofáng,1,消防,xiaofang,动,6,6,{},false,false,false,
5048,消耗,xiāohào,1,消耗,xiaohao,动,6,6,{},false,false,false,
5049,消灭,xiāomiè,1,消灭,xiaomie,动,6,6,{},false,false,false,
5050,小麦,xiǎomài,1,小麦,xiaomai,名,6,6,{},false,false,false,
5051,小气,xiǎoqi,1,小气,xiaoqi,形,6,6,{},false,false,false,
5052,小偷儿,xiǎotōur,1,小偷儿,xiaotour,名,6,6,{},false,false,false,
5053,笑容,xiàoróng,1,笑容,xiaorong,名,6,6,{},false,false,false,
5054,效应,xiàoyìng,1,效应,xiaoying,名,6,6,{},false,false,false,
5055,歇,xiē,1,歇,xie,动,6,6,{},false,false,false,
5056,携带,xiédài,1,携带,xiedai,动,6,6,{},false,false,false,
5057,协会,xiéhuì,1,协会,xiehui,名,6,6,{},false,false,false,
5058,协调,xiétiáo,1,协调,xietiao,形、动,6,6,{},false,false,false,
5059,协助,xiézhù,1,协助,xiezhu,动,6,6,{},false,false,false,
5060,心爱,xīn’ài,1,心爱,xinai,形,6,6,{},false,false,false,
5061,心底,xīndǐ,1,心底,xindi,名,6,6,{},false,false,false,
5062,新款,xīnkuǎn,1,新款,xinkuan,名,6,6,{},false,false,false,
5063,心灵,xīnlíng,1,心灵,xinling,名,6,6,{},false,false,false,
5064,新媒体,xīnméitǐ,1,新媒体,xinmeiti,名,6,6,{},false,false,false,
5065,心目,xīnmù,1,心目,xinmu,名,6,6,{},false,false,false,
5066,新能源,xīnnéngyuán,1,新能源,xinnengyuan,名,6,6,{},false,false,false,
5067,薪水,xīnshui,1,薪水,xinshui,名,6,6,{},false,false,false,
5068,心疼,xīnténg,1,心疼,xinteng,动,6,6,{},false,false,false,
5069,新兴,xīnxīng,1,新兴,xinxing,形,6,6,{},false,false,false,
5070,新颖,xīnyǐng,1,新颖,xinying,形,6,6,{},false,false,false,
5071,心愿,xīnyuàn,1,心愿,xinyuan,名,6,6,{},false,false,false,
5072,心脏,xīnzàng,1,心脏,xinzang,名,6,6,{},false,false,false,
5073,信赖,xìnlài,1,信赖,xinlai,动,6,6,{},false,false,false,
5074,信念,xìnniàn,1,信念,xinnian,名,6,6,{},false,false,false,
5075,兴起,xīngqǐ,1,兴起,xingqi,动,6,6,{},false,false,false,
5076,型号,xínghào,1,型号,xinghao,名,6,6,{},false,false,false,
5077,形态,xíngtài,1,形态,xingtai,名,6,6,{},false,false,false,
5078,性价比,xìngjiàbǐ,1,性价比,xingjiabi,名,6,6,{},false,false,false,
5079,性能,xìngnéng,1,性能,xingneng,名,6,6,{},false,false,false,
5080,胸,xiōng,1,胸,xiong,名,6,6,{},false,false,false,
5081,修订,xiūdìng,1,修订,xiuding,动,6,6,{},false,false,false,
5082,修复,xiūfù,1,修复,xiufu,动,6,6,{},false,false,false,
5083,袖子,xiùzi,1,袖子,xiuzi,名,6,6,{},false,false,false,
5084,许可,xǔkě,1,许可,xuke,动,6,6,{},false,false,false,
5085,叙述,xùshù,1,叙述,xushu,动,6,6,{},false,false,false,
5086,旋转,xuánzhuǎn,1,旋转,xuanzhuan,动,6,6,{},false,false,false,
5087,选拔,xuǎnbá,1,选拔,xuanba,动,6,6,{},false,false,false,
5088,选修,xuǎnxiū,1,选修,xuanxiu,动,6,6,{},false,false,false,
5089,学会,xuéhuì,1,学会,xuehui,名,6,6,{},false,false,false,
5090,学位,xuéwèi,1,学位,xuewei,名,6,6,{},false,false,false,
5091,学问,xuéwen,1,学问,xuewen,名,6,6,{},false,false,false,
5092,学员,xuéyuán,1,学员,xueyuan,名,6,6,{},false,false,false,
5093,血管,xuèguǎn,1,血管,xueguan,名,6,6,{},false,false,false,
5094,血型,xuèxíng,1,血型,xuexing,名,6,6,{},false,false,false,
5095,血压,xuèyā,1,血压,xueya,名,6,6,{},false,false,false,
5096,血液,xuèyè,1,血液,xueye,名,6,6,{},false,false,false,
5097,循环,xúnhuán,1,循环,xunhuan,动,6,6,{},false,false,false,
5098,寻求,xúnqiú,1,寻求,xunqiu,动,6,6,{},false,false,false,
5099,压缩,yāsuō,1,压缩,yasuo,动,6,6,{},false,false,false,
5100,亚军,yàjūn,1,亚军,yajun,名,6,6,{},false,false,false,
5101,淹,yān,1,淹,yan,动,6,6,{},false,false,false,
5102,淹没,yānmò,1,淹没,yanmo,动,6,6,{},false,false,false,
5103,严,yán,1,严,yan,形,6,6,{},false,false,false,
5104,沿海,yánhǎi,1,沿海,yanhai,名,6,6,{},false,false,false,
5105,严寒,yánhán,1,严寒,yanhan,形,6,6,{},false,false,false,
5106,严禁,yánjìn,1,严禁,yanjin,动,6,6,{},false,false,false,
5107,严厉,yánlì,1,严厉,yanli,形,6,6,{},false,false,false,
5108,延期,yánqī,1,延期,yanqi,动,6,6,{},false,false,false,
5109,炎热,yánrè,1,炎热,yanre,形,6,6,{},false,false,false,
5110,延伸,yánshēn,1,延伸,yanshen,动,6,6,{},false,false,false,
5111,研讨,yántǎo,1,研讨,yantao,动,6,6,{},false,false,false,
5112,延续,yánxù,1,延续,yanxu,动,6,6,{},false,false,false,
5113,言语,yányǔ,1,言语,yanyu,名,6,6,{},false,false,false,
5114,炎症,yánzhèng,1,炎症,yanzheng,名,6,6,{},false,false,false,
5115,眼光,yǎnguāng,1,眼光,yanguang,名,6,6,{},false,false,false,
5116,眼看,yǎnkàn,1,眼看,yankan,副、动,6,6,{},false,false,false,
5117,演奏,yǎnzòu,1,演奏,yanzou,动,6,6,{},false,false,false,
5118,宴会,yànhuì,1,宴会,yanhui,名,6,6,{},false,false,false,
5119,验证,yànzhèng,1,验证,yanzheng,动,6,6,{},false,false,false,
5120,仰,yǎng,1,仰,yang,动,6,6,{},false,false,false,
5121,痒,yǎng,1,痒,yang,形,6,6,{},false,false,false,
5122,养老,yǎnglǎo,1,养老,yanglao,动,6,6,{},false,false,false,
5123,养老院,yǎnglǎoyuàn,1,养老院,yanglaoyuan,名,6,6,{},false,false,false,
5124,氧气,yǎngqì,1,氧气,yangqi,名,6,6,{},false,false,false,
5125,样,yàng,1,样,yang,量,6,6,{},false,false,false,
5126,遥远,yáoyuǎn,1,遥远,yaoyuan,形,6,6,{},false,false,false,
5127,要点,yàodiǎn,1,要点,yaodian,名,6,6,{},false,false,false,
5128,要么,yàome,1,要么,yaome,连,6,6,{},false,false,false,
5129,要素,yàosù,1,要素,yaosu,名,6,6,{},false,false,false,
5130,野,yě,1,野,ye,形,6,6,{},false,false,false,
5131,也好,yěhǎo,1,也好,yehao,助,6,6,{},false,false,false,
5132,野生,yěshēng,1,野生,yesheng,形,6,6,{},false,false,false,
5133,野外,yěwài,1,野外,yewai,名,6,6,{},false,false,false,
5134,业,yè,1,业,ye,后缀,6,6,{},false,false,false,
5135,液体,yètǐ,1,液体,yeti,名,6,6,{},false,false,false,
5136,依旧,yījiù,1,依旧,yijiu,动、副,6,6,{},false,false,false,
5137,依赖,yīlài,1,依赖,yilai,动,6,6,{},false,false,false,
5138,一流,yīliú,1,一流,yiliu,形,6,6,{},false,false,false,
5139,衣食住行,yī-shí-zhù-xíng,1,衣食住行,yishizhuxing,,6,6,{},false,false,true,
5140,医药,yīyào,1,医药,yiyao,名,6,6,{},false,false,false,
5141,一一,yīyī,1,一一,yiyi,副,6,6,{},false,false,false,
5142,姨,yí,1,姨,yi,名,6,6,{},false,false,false,
5143,一辈子,yíbèizi,1,一辈子,yibeizi,名,6,6,{},false,false,false,
5144,遗产,yíchǎn,1,遗产,yichan,名,6,6,{},false,false,false,
5145,遗传,yíchuán,1,遗传,yichuan,动,6,6,{},false,false,false,
5146,一带,yídài,1,一带,yidai,名,6,6,{},false,false,false,
5147,一道,yídào,1,一道,yidao,副,6,6,{},false,false,false,
5148,一贯,yíguàn,1,一贯,yiguan,形,6,6,{},false,false,false,
5149,疑惑,yíhuò,1,疑惑,yihuo,动、名,6,6,{},false,false,false,
5150,一律,yílǜ,1,一律,yilu,副,6,6,{},false,false,false,
5151,移民,yímín,1,移民,yimin,动、名,6,6,{},false,false,false,
5152,仪器,yíqì,1,仪器,yiqi,名,6,6,{},false,false,false,
5153,仪式,yíshì,1,仪式,yishi,名,6,6,{},false,false,false,
5154,一向,yíxiàng,1,一向,yixiang,副,6,6,{},false,false,false,
5155,一系列,yíxìliè,1,一系列,yixilie,形,6,6,{},false,false,false,
5156,一再,yízài,1,一再,yizai,副,6,6,{},false,false,false,
5157,一阵,yízhèn,1,一阵,yizhen,数量,6,6,{},false,false,false,
5158,遗址,yízhǐ,1,遗址,yizhi,名,6,6,{},false,false,false,
5159,以便,yǐbiàn,1,以便,yibian,连,6,6,{},false,false,false,
5160,以免,yǐmiǎn,1,以免,yimian,连,6,6,{},false,false,false,
5161,以往,yǐwǎng,1,以往,yiwang,名,6,6,{},false,false,false,
5162,异常,yìcháng,1,异常,yichang,形、副,6,6,{},false,false,false,
5163,益处,yìchù,1,益处,yichu,名,6,6,{},false,false,false,
5164,一帆风顺,yìfān-fēngshùn,1,一帆风顺,yifanfengshun,,6,6,{},false,false,true,
5165,一口气,yìkǒuqì,1,一口气,yikouqi,副,6,6,{},false,false,false,
5166,议论,yìlùn,1,议论,yilun,动、名,6,6,{},false,false,false,
5167,一模一样,yìmú-yíyàng,1,一模一样,yimuyiyang,,6,6,{},false,false,true,
5168,艺人,yìrén,1,艺人,yiren,名,6,6,{},false,false,false,
5169,一身,yìshēn,1,一身,yishen,名,6,6,{},false,false,false,
5170,一时,yìshí,1,一时,yishi,名、副,6,6,{},false,false,false,
5171,一同,yìtóng,1,一同,yitong,副,6,6,{},false,false,false,
5172,易于,yìyú,1,易于,yiyu,动,6,6,{},false,false,false,
5173,抑制,yìzhì,1,抑制,yizhi,动,6,6,{},false,false,false,
5174,因,yīn,1,因,yin,介、连,6,6,{},false,false,false,
5175,音节,yīnjié,1,音节,yinjie,名,6,6,{},false,false,false,
5176,银,yín,1,银,yin,名,6,6,{},false,false,false,
5177,银牌,yínpái,1,银牌,yinpai,名,6,6,{},false,false,false,
5178,引,yǐn,1,引,yin,动,6,6,{},false,false,false,
5179,隐藏,yǐncáng,1,隐藏,yincang,动,6,6,{},false,false,false,
5180,引导,yǐndǎo,1,引导,yindao,动,6,6,{},false,false,false,
5181,引发,yǐnfā,1,引发,yinfa,动,6,6,{},false,false,false,
5182,引入,yǐnrù,1,引入,yinru,动,6,6,{},false,false,false,
5183,隐私,yǐnsī,1,隐私,yinsi,名,6,6,{},false,false,false,
5184,饮用水,yǐnyòngshuǐ,1,饮用水,yinyongshui,名,6,6,{},false,false,false,
5185,印,yìn,1,印,yin,名、动,6,6,{},false,false,false,
5186,婴儿,yīng’ér,1,婴儿,yinger,名,6,6,{},false,false,false,
5187,英雄,yīngxióng,1,英雄,yingxiong,名,6,6,{},false,false,false,
5188,影子,yǐngzi,1,影子,yingzi,名,6,6,{},false,false,false,
5189,拥挤,yōngjǐ,1,拥挤,yongji,动、形,6,6,{},false,false,false,
5190,涌现,yǒngxiàn,1,涌现,yongxian,动,6,6,{},false,false,false,
5191,勇于,yǒngyú,1,勇于,yongyu,动,6,6,{},false,false,false,
5192,用餐,yòngcān,1,用餐,yongcan,动,6,6,{},false,false,false,
5193,用处,yòngchù,1,用处,yongchu,名,6,6,{},false,false,false,
5194,用功,yònggōng,1,用功,yonggong,动、形,6,6,{},false,false,false,
5195,用人,yòngrén,1,用人,yongren,动,6,6,{},false,false,false,
5196,用心,yòngxīn,1,用心,yongxin,形,6,6,{},false,false,false,
5197,优化,yōuhuà,1,优化,youhua,动,6,6,{},false,false,false,
5198,优先,yōuxiān,1,优先,youxian,动,6,6,{},false,false,false,
5199,优异,yōuyì,1,优异,youyi,形,6,6,{},false,false,false,
5200,由来,yóulái,1,由来,youlai,名,6,6,{},false,false,false,
5201,游人,yóurén,1,游人,youren,名,6,6,{},false,false,false,
5202,犹如,yóurú,1,犹如,youru,动,6,6,{},false,false,false,
5203,有机,yǒujī,1,有机,youji,形,6,6,{},false,false,false,
5204,有劲,yǒujìn,1,有劲,youjin,动、形,6,6,{},false,false,false,
5205,有序,yǒuxù,1,有序,youxu,形,6,6,{},false,false,false,
5206,于,yú,1,于,yu,介,6,6,{},false,false,false,
5207,余额,yú’é,1,余额,yue,名,6,6,{},false,false,false,
5208,与其,yǔqí,1,与其,yuqi,连,6,6,{},false,false,false,
5209,羽绒服,yǔróngfú,1,羽绒服,yurongfu,名,6,6,{},false,false,false,
5210,预定,yùdìng,1,预定,yuding,动,6,6,{},false,false,false,
5211,预料,yùliào,1,预料,yuliao,动、名,6,6,{},false,false,false,
5212,预期,yùqī,1,预期,yuqi,动,6,6,{},false,false,false,
5213,浴室,yùshì,1,浴室,yushi,名,6,6,{},false,false,false,
5214,欲望,yùwàng,1,欲望,yuwang,名,6,6,{},false,false,false,
5215,原本,yuánběn,1,原本,yuanben,副,6,6,{},false,false,false,
5216,原材料,yuáncáiliào,1,原材料,yuancailiao,名,6,6,{},false,false,false,
5217,原理,yuánlǐ,1,原理,yuanli,名,6,6,{},false,false,false,
5218,原料,yuánliào,1,原料,yuanliao,名,6,6,{},false,false,false,
5219,园林,yuánlín,1,园林,yuanlin,名,6,6,{},false,false,false,
5220,圆满,yuánmǎn,1,圆满,yuanman,形,6,6,{},false,false,false,
5221,原始,yuánshǐ,1,原始,yuanshi,形,6,6,{},false,false,false,
5222,元素,yuánsù,1,元素,yuansu,名,6,6,{},false,false,false,
5223,原先,yuánxiān,1,原先,yuanxian,名,6,6,{},false,false,false,
5224,元宵,yuánxiāo,1,元宵,yuanxiao,名,6,6,{},false,false,false,
5225,源于,yuányú,1,源于,yuanyu,动,6,6,{},false,false,false,
5226,远程,yuǎnchéng,1,远程,yuancheng,形,6,6,{},false,false,false,
5227,远方,yuǎnfāng,1,远方,yuanfang,名,6,6,{},false,false,false,
5228,约束,yuēshù,1,约束,yueshu,动,6,6,{},false,false,false,
5229,月光,yuèguāng,1,月光,yueguang,名,6,6,{},false,false,false,
5230,乐器,yuèqì,1,乐器,yueqi,名,6,6,{},false,false,false,
5231,月球,yuèqiú,1,月球,yueqiu,名,6,6,{},false,false,false,
5232,乐曲,yuèqǔ,1,乐曲,yuequ,名,6,6,{},false,false,false,
5233,晕,yūn,1,晕,yun,形、动,6,6,{},false,false,false,
5234,晕车,yùnchē,1,晕车,yunche,动,6,6,{},false,false,false,
5235,运送,yùnsòng,1,运送,yunsong,动,6,6,{},false,false,false,
5236,运行,yùnxíng,1,运行,yunxing,动,6,6,{},false,false,false,
5237,运营,yùnyíng,1,运营,yunying,动,6,6,{},false,false,false,
5238,杂,zá,1,杂,za,形,6,6,{},false,false,false,
5239,灾,zāi,1,灾,zai,名,6,6,{},false,false,false,
5240,灾害,zāihài,1,灾害,zaihai,名,6,6,{},false,false,false,
5241,灾难,zāinàn,1,灾难,zainan,名,6,6,{},false,false,false,
5242,灾区,zāiqū,1,灾区,zaiqu,名,6,6,{},false,false,false,
5243,再三,zàisān,1,再三,zaisan,副,6,6,{},false,false,false,
5244,再生,zàishēng,1,再生,zaisheng,动,6,6,{},false,false,false,
5245,在意,zàiyì,1,在意,zaiyi,动,6,6,{},false,false,false,
5246,赞赏,zànshǎng,1,赞赏,zanshang,动,6,6,{},false,false,false,
5247,赞同,zàntóng,1,赞同,zantong,动,6,6,{},false,false,false,
5248,遭到,zāodào,1,遭到,zaodao,动,6,6,{},false,false,false,
5249,遭受,zāoshòu,1,遭受,zaoshou,动,6,6,{},false,false,false,
5250,遭遇,zāoyù,1,遭遇,zaoyu,动、名,6,6,{},false,false,false,
5251,噪声,zàoshēng,1,噪声,zaosheng,名,6,6,{},false,false,false,
5252,造型,zàoxíng,1,造型,zaoxing,动、名,6,6,{},false,false,false,
5253,则,zé,1,则1,ze,连、（助）,6,6,{7},true,false,false,
5254,扎,zhā,1,扎,zha,动,6,6,{},false,false,false,
5255,炸,zhà,1,炸,zha,动,6,6,{},true,true,false,
5256,粘,zhān,1,粘,zhan,动,6,6,{},false,false,false,
5257,粘贴,zhāntiē,1,粘贴,zhantie,动,6,6,{},false,false,false,
5258,崭新,zhǎnxīn,1,崭新,zhanxin,形,6,6,{},false,false,false,
5259,占比,zhànbǐ,1,占比,zhanbi,名,6,6,{},false,false,false,
5260,战斗,zhàndòu,1,战斗,zhandou,名、动,6,6,{},false,false,false,
5261,占据,zhànjù,1,占据,zhanju,动,6,6,{},false,false,false,
5262,战胜,zhànshèng,1,战胜,zhansheng,动,6,6,{},false,false,false,
5263,占有,zhànyǒu,1,占有,zhanyou,动,6,6,{},false,false,false,
5264,战争,zhànzhēng,1,战争,zhanzheng,名,6,6,{},false,false,false,
5265,章,zhāng,1,章,zhang,量,6,6,{},false,false,false,
5266,长辈,zhǎngbèi,1,长辈,zhangbei,名,6,6,{},false,false,false,
5267,障碍,zhàng’ài,1,障碍,zhangai,名、动,6,6,{},false,false,false,
5268,账单,zhàngdān,1,账单,zhangdan,名,6,6,{},false,false,false,
5269,招,zhāo,1,招,zhao,动,6,6,{},false,false,false,
5270,招待,zhāodài,1,招待,zhaodai,动,6,6,{},false,false,false,
5271,招生,zhāoshēng,1,招生,zhaosheng,动,6,6,{},false,false,false,
5272,招手,zhāoshǒu,1,招手,zhaoshou,动,6,6,{},false,false,false,
5273,招收,zhāoshōu,1,招收,zhaoshou,动,6,6,{},false,false,false,
5274,照明,zhàomíng,1,照明,zhaoming,动,6,6,{},false,false,false,
5275,折,zhé,1,折,zhe,动,6,6,{},true,true,false,
5276,针,zhēn,1,针,zhen,名,6,6,{},false,false,false,
5277,真相,zhēnxiàng,1,真相,zhenxiang,名,6,6,{},false,false,false,
5278,珍珠,zhēnzhū,1,珍珠,zhenzhu,名,6,6,{},false,false,false,
5279,枕头,zhěntou,1,枕头,zhentou,名,6,6,{},false,false,false,
5280,镇,zhèn,1,镇,zhen,动、名,6,6,{},false,false,false,
5281,阵雨,zhènyǔ,1,阵雨,zhenyu,名,6,6,{},false,false,false,
5282,睁,zhēng,1,睁,zheng,动,6,6,{},false,false,false,
5283,争吵,zhēngchǎo,1,争吵,zhengchao,动,6,6,{},false,false,false,
5284,争夺,zhēngduó,1,争夺,zhengduo,动,6,6,{},false,false,false,
5285,争论,zhēnglùn,1,争论,zhenglun,动,6,6,{},false,false,false,
5286,征求,zhēngqiú,1,征求,zhengqiu,动,6,6,{},false,false,false,
5287,争议,zhēngyì,1,争议,zhengyi,动,6,6,{},false,false,false,
5288,政策,zhèngcè,1,政策,zhengce,名,6,6,{},false,false,false,
5289,正规,zhèngguī,1,正规,zhenggui,形,6,6,{},false,false,false,
5290,正面,zhèngmiàn,1,正面,zhengmian,名、形,6,6,{},false,false,false,
5291,证实,zhèngshí,1,证实,zhengshi,动,6,6,{},false,false,false,
5292,正义,zhèngyì,1,正义,zhengyi,名、形,6,6,{},false,false,false,
5293,症状,zhèngzhuàng,1,症状,zhengzhuang,名,6,6,{},false,false,false,
5294,支,zhī,2,支2,zhi,动,6,6,{},true,false,false,
5295,枝,zhī,1,枝,zhi,名、量,6,6,{},false,false,false,
5296,支撑,zhīchēng,1,支撑,zhicheng,动,6,6,{},false,false,false,
5297,支出,zhīchū,1,支出,zhichu,动、名,6,6,{},false,false,false,
5298,脂肪,zhīfáng,1,脂肪,zhifang,名,6,6,{},false,false,false,
5299,之所以,zhīsuǒyǐ,1,之所以,zhisuoyi,连,6,6,{},false,false,false,
5300,值班,zhíbān,1,值班,zhiban,动,6,6,{},false,false,false,
5301,职位,zhíwèi,1,职位,zhiwei,名,6,6,{},false,false,false,
5302,职务,zhíwù,1,职务,zhiwu,名,6,6,{},false,false,false,
5303,职员,zhíyuán,1,职员,zhiyuan,名,6,6,{},false,false,false,
5304,职责,zhízé,1,职责,zhize,名,6,6,{},false,false,false,
5305,侄子,zhízi,1,侄子,zhizi,名,6,6,{},false,false,false,
5306,只得,zhǐdé,1,只得,zhide,副,6,6,{},false,false,false,
5307,指定,zhǐdìng,1,指定,zhiding,动,6,6,{},false,false,false,
5308,只顾,zhǐgù,1,只顾,zhigu,副,6,6,{},false,false,false,
5309,指挥,zhǐhuī,1,指挥,zhihui,动、名,6,6,{},false,false,false,
5310,指示,zhǐshì,1,指示,zhishi,动、名,6,6,{},false,false,false,
5311,指责,zhǐzé,1,指责,zhize,动,6,6,{},false,false,false,
5312,制,zhì,1,制,zhi,动,6,6,{},false,false,false,
5313,至关重要,zhìguān-zhòngyào,1,至关重要,zhiguanzhongyao,,6,6,{},false,false,true,
5314,智力,zhìlì,1,智力,zhili,名,6,6,{},false,false,false,
5315,治理,zhìlǐ,1,治理,zhili,动,6,6,{},false,false,false,
5316,制品,zhìpǐn,1,制品,zhipin,名,6,6,{},false,false,false,
5317,秩序,zhìxù,1,秩序,zhixu,名,6,6,{},false,false,false,
5318,质疑,zhìyí,1,质疑,zhiyi,动,6,6,{},false,false,false,
5319,至于,zhìyú,1,至于,zhiyu,动、介,6,6,{},false,false,false,
5320,中等,zhōngděng,1,中等,zhongdeng,形,6,6,{},false,false,false,
5321,终点,zhōngdiǎn,1,终点,zhongdian,名,6,6,{},false,false,false,
5322,中断,zhōngduàn,1,中断,zhongduan,动,6,6,{},false,false,false,
5323,终身,zhōngshēn,1,终身,zhongshen,名,6,6,{},false,false,false,
5324,钟头,zhōngtóu,1,钟头,zhongtou,名,6,6,{},false,false,false,
5325,中旬,zhōngxún,1,中旬,zhongxun,名,6,6,{},false,false,false,
5326,中央,zhōngyāng,1,中央,zhongyang,名,6,6,{},false,false,false,
5327,肿,zhǒng,1,肿,zhong,动,6,6,{},false,false,false,
5328,中,zhòng,1,中,zhong,动,6,6,{},true,true,false,
5329,种地,zhòngdì,1,种地,zhongdi,动,6,6,{},false,false,false,
5330,中毒,zhòngdú,1,中毒,zhongdu,动,6,6,{},false,false,false,
5331,中奖,zhòngjiǎng,1,中奖,zhongjiang,动,6,6,{},false,false,false,
5332,众人,zhòngrén,1,众人,zhongren,名,6,6,{},false,false,false,
5333,中暑,zhòngshǔ,1,中暑,zhongshu,名、动,6,6,{},false,false,false,
5334,众所周知,zhòngsuǒzhōuzhī,1,众所周知,zhongsuozhouzhi,,6,6,{},false,false,true,
5335,重心,zhòngxīn,1,重心,zhongxin,名,6,6,{},false,false,false,
5336,州,zhōu,1,州,zhou,名,6,6,{},false,false,false,
5337,粥,zhōu,1,粥,zhou,名,6,6,{},false,false,false,
5338,周边,zhōubiān,1,周边,zhoubian,名,6,6,{},false,false,false,
5339,周到,zhōudào,1,周到,zhoudao,形,6,6,{},false,false,false,
5340,周期,zhōuqī,1,周期,zhouqi,名,6,6,{},false,false,false,
5341,株,zhū,1,株,zhu,量,6,6,{},false,false,false,
5342,珠宝,zhūbǎo,1,珠宝,zhubao,名,6,6,{},false,false,false,
5343,诸多,zhūduō,1,诸多,zhuduo,形,6,6,{},false,false,false,
5344,主办,zhǔbàn,1,主办,zhuban,动,6,6,{},false,false,false,
5345,主播,zhǔbō,1,主播,zhubo,动、名,6,6,{},false,false,false,
5346,主导,zhǔdǎo,1,主导,zhudao,动、名,6,6,{},false,false,false,
5347,主管,zhǔguǎn,1,主管,zhuguan,动、名,6,6,{},false,false,false,
5348,主角,zhǔjué,1,主角,zhujue,名,6,6,{},false,false,false,
5349,主流,zhǔliú,1,主流,zhuliu,名,6,6,{},false,false,false,
5350,主演,zhǔyǎn,1,主演,zhuyan,动、名,6,6,{},false,false,false,
5351,主张,zhǔzhāng,1,主张,zhuzhang,动、名,6,6,{},false,false,false,
5352,祝福,zhùfú,1,祝福,zhufu,动,6,6,{},false,false,false,
5353,助理,zhùlǐ,1,助理,zhuli,形、名,6,6,{},false,false,false,
5354,助手,zhùshǒu,1,助手,zhushou,名,6,6,{},false,false,false,
5355,祝愿,zhùyuàn,1,祝愿,zhuyuan,动,6,6,{},false,false,false,
5356,住宅,zhùzhái,1,住宅,zhuzhai,名,6,6,{},false,false,false,
5357,著作,zhùzuò,1,著作,zhuzuo,名,6,6,{},false,false,false,
5358,砖,zhuān,1,砖,zhuan,名,6,6,{},false,false,false,
5359,专科,zhuānkē,1,专科,zhuanke,名,6,6,{},false,false,false,
5360,专利,zhuānlì,1,专利,zhuanli,名,6,6,{},false,false,false,
5361,专题,zhuāntí,1,专题,zhuanti,名,6,6,{},false,false,false,
5362,专用,zhuānyòng,1,专用,zhuanyong,动,6,6,{},false,false,false,
5363,专注,zhuānzhù,1,专注,zhuanzhu,形,6,6,{},false,false,false,
5364,转换,zhuǎnhuàn,1,转换,zhuanhuan,动,6,6,{},false,false,false,
5365,转交,zhuǎnjiāo,1,转交,zhuanjiao,动,6,6,{},false,false,false,
5366,转让,zhuǎnràng,1,转让,zhuanrang,动,6,6,{},false,false,false,
5367,转身,zhuǎnshēn,1,转身,zhuanshen,动,6,6,{},false,false,false,
5368,转移,zhuǎnyí,1,转移,zhuanyi,动,6,6,{},false,false,false,
5369,转,zhuàn,1,转,zhuan,动,6,6,{},true,true,false,
5370,转动,zhuàndòng,1,转动,zhuandong,动,6,6,{},false,false,false,
5371,装备,zhuāngbèi,1,装备,zhuangbei,动、名,6,6,{},false,false,false,
5372,庄稼,zhuāngjia,1,庄稼,zhuangjia,名,6,6,{},false,false,false,
5373,追究,zhuījiū,1,追究,zhuijiu,动,6,6,{},false,false,false,
5374,捉,zhuō,1,捉,zhuo,动,6,6,{},false,false,false,
5375,资本,zīběn,1,资本,ziben,名,6,6,{},false,false,false,
5376,资产,zīchǎn,1,资产,zichan,名,6,6,{},false,false,false,
5377,自豪,zìháo,1,自豪,zihao,形,6,6,{},false,false,false,
5378,自来水,zìláishuǐ,1,自来水,zilaishui,名,6,6,{},false,false,false,
5379,自律,zìlǜ,1,自律,zilu,动,6,6,{},false,false,false,
5380,字幕,zìmù,1,字幕,zimu,名,6,6,{},false,false,false,
5381,自杀,zìshā,1,自杀,zisha,动,6,6,{},false,false,false,
5382,自我,zìwǒ,1,自我,ziwo,代,6,6,{},false,false,false,
5383,自言自语,zìyán-zìyǔ,1,自言自语,ziyanziyu,,6,6,{},false,false,true,
5384,自愿,zìyuàn,1,自愿,ziyuan,动,6,6,{},false,false,false,
5385,自助,zìzhù,1,自助,zizhu,动,6,6,{},false,false,false,
5386,棕色,zōngsè,1,棕色,zongse,名,6,6,{},false,false,false,
5387,总裁,zǒngcái,1,总裁,zongcai,名,6,6,{},false,false,false,
5388,总计,zǒngjì,1,总计,zongji,动,6,6,{},false,false,false,
5389,总理,zǒnglǐ,1,总理,zongli,名,6,6,{},false,false,false,
5390,总算,zǒngsuàn,1,总算,zongsuan,副,6,6,{},false,false,false,
5391,粽子,zòngzi,1,粽子,zongzi,名,6,6,{},false,false,false,
5392,走廊,zǒuláng,1,走廊,zoulang,名,6,6,{},false,false,false,
5393,足,zú,1,足,zu,形、副,6,6,{},false,false,false,
5394,足以,zúyǐ,1,足以,zuyi,动,6,6,{},false,false,false,
5395,阻碍,zǔ’ài,1,阻碍,zuai,动、名,6,6,{},false,false,false,
5396,阻挡,zǔdǎng,1,阻挡,zudang,动,6,6,{},false,false,false,
5397,祖国,zǔguó,1,祖国,zuguo,名,6,6,{},false,false,false,
5398,祖先,zǔxiān,1,祖先,zuxian,名,6,6,{},false,false,false,
5399,钻,zuān,1,钻,zuan,动,6,6,{},false,false,false,
5400,罪,zuì,1,罪,zui,名,6,6,{},false,false,false,
5401,挨,āi,1,挨,ai,动、介,7,7-9,{},true,true,false,
5402,挨家挨户,āijiā-āihù,1,挨家挨户,aijiaaihu,,7,7-9,{},false,false,true,
5403,哀求,āiqiú,1,哀求,aiqiu,动,7,7-9,{},false,false,false,
5404,挨,ái,1,挨,ai,动,7,7-9,{},true,true,false,
5405,癌,ái,1,癌,ai,名,7,7-9,{},false,false,false,
5406,癌症,áizhèng,1,癌症,aizheng,名,7,7-9,{},false,false,false,
5407,爱不释手,àibúshìshǒu,1,爱不释手,aibushishou,,7,7-9,{},false,false,true,
5408,爱戴,àidài,1,爱戴,aidai,动,7,7-9,{},false,false,false,
5409,暧昧,àimèi,1,暧昧,aimei,形,7,7-9,{},false,false,false,
5410,爱慕,àimù,1,爱慕,aimu,动,7,7-9,{},false,false,false,
5411,碍事,àishì,1,碍事,aishi,动、形,7,7-9,{},false,false,false,
5412,爱惜,àixī,1,爱惜,aixi,动,7,7-9,{},false,false,false,
5413,艾滋病,àizībìng,1,艾滋病,aizibing,名,7,7-9,{},false,false,false,
5414,安定,āndìng,1,安定,anding,形、动,7,7-9,{},false,false,false,
5415,安抚,ānfǔ,1,安抚,anfu,动,7,7-9,{},false,false,false,
5416,安眠药,ānmiányào,1,安眠药,anmianyao,名,7,7-9,{},false,false,false,
5417,安宁,ānníng,1,安宁,anning,形,7,7-9,{},false,false,false,
5418,安稳,ānwěn,1,安稳,anwen,形,7,7-9,{},false,false,false,
5419,安详,ānxiáng,1,安详,anxiang,形,7,7-9,{},false,false,false,
5420,安心,ānxīn,1,安心,anxin,形,7,7-9,{},false,false,false,
5421,安逸,ānyì,1,安逸,anyi,形,7,7-9,{},false,false,false,
5422,安置,ānzhì,1,安置,anzhi,动,7,7-9,{},false,false,false,
5423,暗地里,àndìlǐ,1,暗地里,andili,名,7,7-9,{},false,false,false,
5424,案件,ànjiàn,1,案件,anjian,名,7,7-9,{},false,false,false,
5425,按理,ànlǐ,1,按理,anli,副,7,7-9,{},false,false,false,
5426,按钮,ànniǔ,1,按钮,anniu,名,7,7-9,{},false,false,false,
5427,按说,ànshuō,1,按说,anshuo,副,7,7-9,{},false,false,false,
5428,暗中,ànzhōng,1,暗中,anzhong,名,7,7-9,{},false,false,false,
5429,凹,āo,1,凹,ao,形,7,7-9,{},false,false,false,
5430,熬,áo,1,熬,ao,动,7,7-9,{},false,false,false,
5431,傲,ào,1,傲,ao,形,7,7-9,{},false,false,false,
5432,傲慢,àomàn,1,傲慢,aoman,形,7,7-9,{},false,false,false,
5433,奥秘,àomì,1,奥秘,aomi,名,7,7-9,{},false,false,false,
5434,扒,bā,1,扒,ba,动,7,7-9,{},false,false,false,
5435,疤,bā,1,疤,ba,名,7,7-9,{},false,false,false,
5436,巴不得,bābudé,1,巴不得,babude,动,7,7-9,{},false,false,false,
5437,八成,bāchéng,1,八成,bacheng,数量、副,7,7-9,{},false,false,false,
5438,八卦,bāguà,1,八卦,bagua,名、形,7,7-9,{},false,false,false,
5439,巴结,bājie,1,巴结,bajie,动,7,7-9,{},false,false,false,
5440,芭蕾,bālěi,1,芭蕾,balei,名,7,7-9,{},false,false,false,
5441,巴掌,bāzhang,1,巴掌,bazhang,名,7,7-9,{},false,false,false,
5442,拔,bá,1,拔,ba,动,7,7-9,{},false,false,false,
5443,把柄,bǎbǐng,1,把柄,babing,名,7,7-9,{},false,false,false,
5444,把关,bǎguān,1,把关,baguan,动,7,7-9,{},false,false,false,
5445,把手,bǎshou,1,把手,bashou,名,7,7-9,{},false,false,false,
5446,靶子,bǎzi,1,靶子,bazi,名,7,7-9,{},false,false,false,
5447,坝,bà,1,坝,ba,名,7,7-9,{},false,false,false,
5448,霸道,bàdào,1,霸道,badao,形,7,7-9,{},false,false,false,
5449,罢工,bàgōng,1,罢工,bagong,动,7,7-9,{},false,false,false,
5450,罢了,bàle,1,罢了,bale,助,7,7-9,{},false,false,false,
5451,罢免,bàmiǎn,1,罢免,bamian,动,7,7-9,{},false,false,false,
5452,罢休,bàxiū,1,罢休,baxiu,动,7,7-9,{},false,false,false,
5453,霸占,bàzhàn,1,霸占,bazhan,动,7,7-9,{},false,false,false,
5454,掰,bāi,1,掰,bai,动,7,7-9,{},false,false,false,
5455,百般,bǎibān,1,百般,baiban,副、数量,7,7-9,{},false,false,false,
5456,摆动,bǎidòng,1,摆动,baidong,动,7,7-9,{},false,false,false,
5457,百分比,bǎifēnbǐ,1,百分比,baifenbi,名,7,7-9,{},false,false,false,
5458,百合,bǎihé,1,百合,baihe,名,7,7-9,{},false,false,false,
5459,百科全书,bǎikē quánshū,1,百科全书,baikequanshu,,7,7-9,{},false,false,true,
5460,摆平,bǎipíng,1,摆平,baiping,动,7,7-9,{},false,false,false,
5461,摆设,bǎishe,1,摆设,baishe,名,7,7-9,{},false,false,false,
5462,柏树,bǎishù,1,柏树,baishu,名,7,7-9,{},false,false,false,
5463,败坏,bàihuài,1,败坏,baihuai,动、形,7,7-9,{},false,false,false,
5464,拜会,bàihuì,1,拜会,baihui,动,7,7-9,{},false,false,false,
5465,拜见,bàijiàn,1,拜见,baijian,动,7,7-9,{},false,false,false,
5466,拜托,bàituō,1,拜托,baituo,动,7,7-9,{},false,false,false,
5467,扳,bān,1,扳,ban,动,7,7-9,{},false,false,false,
5468,颁布,bānbù,1,颁布,banbu,动,7,7-9,{},false,false,false,
5469,斑点,bāndiǎn,1,斑点,bandian,名,7,7-9,{},false,false,false,
5470,颁发,bānfā,1,颁发,banfa,动,7,7-9,{},false,false,false,
5471,颁奖,bānjiǎng,1,颁奖,banjiang,动,7,7-9,{},false,false,false,
5472,斑马线,bānmǎxiàn,1,斑马线,banmaxian,名,7,7-9,{},false,false,false,
5473,搬迁,bānqiān,1,搬迁,banqian,动,7,7-9,{},false,false,false,
5474,板块,bǎnkuài,1,板块,bankuai,名,7,7-9,{},false,false,false,
5475,版权,bǎnquán,1,版权,banquan,名,7,7-9,{},false,false,false,
5476,扮,bàn,1,扮,ban,动,7,7-9,{},false,false,false,
5477,伴,bàn,1,伴,ban,名、动,7,7-9,{},false,false,false,
5478,拌,bàn,1,拌,ban,动,7,7-9,{},false,false,false,
5479,绊,bàn,1,绊,ban,动,7,7-9,{},false,false,false,
5480,半边天,bànbiāntiān,1,半边天,banbiantian,名,7,7-9,{},false,false,false,
5481,半岛,bàndǎo,1,半岛,bandao,名,7,7-9,{},false,false,false,
5482,半导体,bàndǎotǐ,1,半导体,bandaoti,名,7,7-9,{},false,false,false,
5483,绊脚石,bànjiǎoshí,1,绊脚石,banjiaoshi,名,7,7-9,{},false,false,false,
5484,半径,bànjìng,1,半径,banjing,名,7,7-9,{},false,false,false,
5485,伴侣,bànlǚ,1,伴侣,banlu,名,7,7-9,{},false,false,false,
5486,办事处,bànshìchù,1,办事处,banshichu,名,7,7-9,{},false,false,false,
5487,半数,bànshù,1,半数,banshu,名,7,7-9,{},false,false,false,
5488,半途而废,bàntú’érfèi,1,半途而废,bantuerfei,,7,7-9,{},false,false,true,
5489,半信半疑,bànxìn-bànyí,1,半信半疑,banxinbanyi,,7,7-9,{},false,false,true,
5490,办学,bànxué,1,办学,banxue,动,7,7-9,{},false,false,false,
5491,伴奏,bànzòu,1,伴奏,banzou,动,7,7-9,{},false,false,false,
5492,帮手,bāngshou,1,帮手,bangshou,名,7,7-9,{},false,false,false,
5493,绑,bǎng,1,绑,bang,动,7,7-9,{},false,false,false,
5494,绑架,bǎngjià,1,绑架,bangjia,动,7,7-9,{},false,false,false,
5495,磅,bàng,1,磅,bang,量、名,7,7-9,{},false,false,false,
5496,煲,bāo,1,煲,bao,名、动,7,7-9,{},false,false,false,
5497,剥,bāo,1,剥,bao,动,7,7-9,{},false,false,false,
5498,包庇,bāobì,1,包庇,baobi,动,7,7-9,{},false,false,false,
5499,褒贬,bāobiǎn,1,褒贬,baobian,动,7,7-9,{},false,false,false,
5500,包袱,bāofu,1,包袱,baofu,名,7,7-9,{},false,false,false,
5501,包罗万象,bāoluó-wànxiàng,1,包罗万象,baoluowanxiang,,7,7-9,{},false,false,true,
5502,包容,bāoróng,1,包容,baorong,动,7,7-9,{},false,false,false,
5503,包围,bāowéi,1,包围,baowei,动,7,7-9,{},false,false,false,
5504,包扎,bāozā,1,包扎,baoza,动,7,7-9,{},false,false,false,
5505,饱和,bǎohé,1,饱和,baohe,动,7,7-9,{},false,false,false,
5506,饱经沧桑,bǎojīng-cāngsāng,1,饱经沧桑,baojingcangsang,,7,7-9,{},false,false,true,
5507,宝库,bǎokù,1,宝库,baoku,名,7,7-9,{},false,false,false,
5508,堡垒,bǎolěi,1,堡垒,baolei,名,7,7-9,{},false,false,false,
5509,饱满,bǎomǎn,1,饱满,baoman,形,7,7-9,{},false,false,false,
5510,保密,bǎomì,1,保密,baomi,动,7,7-9,{},false,false,false,
5511,保姆,bǎomǔ,1,保姆,baomu,名,7,7-9,{},false,false,false,
5512,宝石,bǎoshí,1,宝石,baoshi,名,7,7-9,{},false,false,false,
5513,保守,bǎoshǒu,1,保守,baoshou,动、形,7,7-9,{},false,false,false,
5514,保卫,bǎowèi,1,保卫,baowei,动,7,7-9,{},false,false,false,
5515,保鲜,bǎoxiān,1,保鲜,baoxian,动,7,7-9,{},false,false,false,
5516,保养,bǎoyǎng,1,保养,baoyang,动,7,7-9,{},false,false,false,
5517,保佑,bǎoyòu,1,保佑,baoyou,动,7,7-9,{},false,false,false,
5518,宝藏,bǎozàng,1,宝藏,baozang,名,7,7-9,{},false,false,false,
5519,保重,bǎozhòng,1,保重,baozhong,动,7,7-9,{},false,false,false,
5520,报,bào,1,报,bao,动,7,7-9,{},false,false,false,
5521,豹,bào,1,豹,bao,名,7,7-9,{},false,false,false,
5522,报案,bào’àn,1,报案,baoan,动,7,7-9,{},false,false,false,
5523,报酬,bàochou,1,报酬,baochou,名,7,7-9,{},false,false,false,
5524,报仇,bàochóu,1,报仇,baochou,动,7,7-9,{},false,false,false,
5525,报答,bàodá,1,报答,baoda,动,7,7-9,{},false,false,false,
5526,报废,bàofèi,1,报废,baofei,动,7,7-9,{},false,false,false,
5527,暴风骤雨,bàofēng-zhòuyǔ,1,暴风骤雨,baofengzhouyu,,7,7-9,{},false,false,true,
5528,报复,bàofù,1,报复,baofu,动,7,7-9,{},false,false,false,
5529,抱负,bàofù,1,抱负,baofu,名,7,7-9,{},false,false,false,
5530,曝光,bàoguāng,1,曝光,baoguang,动,7,7-9,{},false,false,false,
5531,暴利,bàolì,1,暴利,baoli,名,7,7-9,{},false,false,false,
5532,爆满,bàomǎn,1,爆满,baoman,动,7,7-9,{},false,false,false,
5533,报销,bàoxiāo,1,报销,baoxiao,动,7,7-9,{},false,false,false,
5534,暴躁,bàozào,1,暴躁,baozao,形,7,7-9,{},false,false,false,
5535,爆竹,bàozhú,1,爆竹,baozhu,名,7,7-9,{},false,false,false,
5536,碑,bēi,1,碑,bei,名,7,7-9,{},false,false,false,
5537,悲哀,bēi’āi,1,悲哀,beiai,形,7,7-9,{},false,false,false,
5538,卑鄙,bēibǐ,1,卑鄙,beibi,形,7,7-9,{},false,false,false,
5539,悲惨,bēicǎn,1,悲惨,beican,形,7,7-9,{},false,false,false,
5540,背负,bēifù,1,背负,beifu,动,7,7-9,{},false,false,false,
5541,悲欢离合,bēihuān-líhé,1,悲欢离合,beihuanlihe,,7,7-9,{},false,false,true,
5542,悲痛,bēitòng,1,悲痛,beitong,形,7,7-9,{},false,false,false,
5543,卑微,bēiwēi,1,卑微,beiwei,形,7,7-9,{},false,false,false,
5544,备,bèi,1,备,bei,动、副,7,7-9,{},false,false,false,
5545,备份,bèifèn,1,备份,beifen,名、动,7,7-9,{},false,false,false,
5546,被告,bèigào,1,被告,beigao,名,7,7-9,{},false,false,false,
5547,贝壳,bèiké,1,贝壳,beike,名,7,7-9,{},false,false,false,
5548,备课,bèikè,1,备课,beike,动,7,7-9,{},false,false,false,
5549,背面,bèimiàn,1,背面,beimian,名,7,7-9,{},false,false,false,
5550,背叛,bèipàn,1,背叛,beipan,动,7,7-9,{},false,false,false,
5551,背诵,bèisòng,1,背诵,beisong,动,7,7-9,{},false,false,false,
5552,备忘录,bèiwànglù,1,备忘录,beiwanglu,名,7,7-9,{},false,false,false,
5553,背影,bèiyǐng,1,背影,beiying,名,7,7-9,{},false,false,false,
5554,备战,bèizhàn,1,备战,beizhan,动,7,7-9,{},false,false,false,
5555,奔波,bēnbō,1,奔波,benbo,动,7,7-9,{},false,false,false,
5556,奔驰,bēnchí,1,奔驰,benchi,动,7,7-9,{},false,false,false,
5557,奔赴,bēnfù,1,奔赴,benfu,动,7,7-9,{},false,false,false,
5558,本分,běnfèn,1,本分,benfen,名、形,7,7-9,{},false,false,false,
5559,本钱,běnqián,1,本钱,benqian,名,7,7-9,{},false,false,false,
5560,本色,běnsè,1,本色,bense,名,7,7-9,{},false,false,false,
5561,本事,běnshi,1,本事,benshi,名,7,7-9,{},false,false,false,
5562,本性,běnxìng,1,本性,benxing,名,7,7-9,{},false,false,false,
5563,本意,běnyì,1,本意,benyi,名,7,7-9,{},false,false,false,
5564,本着,běnzhe,1,本着,benzhe,介,7,7-9,{},false,false,false,
5565,奔,bèn,1,奔,ben,动,7,7-9,{},false,false,false,
5566,笨蛋,bèndàn,1,笨蛋,bendan,名,7,7-9,{},false,false,false,
5567,笨重,bènzhòng,1,笨重,benzhong,形,7,7-9,{},false,false,false,
5568,笨拙,bènzhuō,1,笨拙,benzhuo,形,7,7-9,{},false,false,false,
5569,绷,bēng,1,绷,beng,动,7,7-9,{},false,false,false,
5570,绷带,bēngdài,1,绷带,bengdai,名,7,7-9,{},false,false,false,
5571,崩溃,bēngkuì,1,崩溃,bengkui,动,7,7-9,{},false,false,false,
5572,蹦,bèng,1,蹦,beng,动,7,7-9,{},false,false,false,
5573,迸发,bèngfā,1,迸发,bengfa,动,7,7-9,{},false,false,false,
5574,逼近,bījìn,1,逼近,bijin,动,7,7-9,{},false,false,false,
5575,逼迫,bīpò,1,逼迫,bipo,动,7,7-9,{},false,false,false,
5576,逼真,bīzhēn,1,逼真,bizhen,形,7,7-9,{},false,false,false,
5577,鼻涕,bítì,1,鼻涕,biti,名,7,7-9,{},false,false,false,
5578,比比皆是,bǐbǐ-jiēshì,1,比比皆是,bibijieshi,,7,7-9,{},false,false,true,
5579,笔墨,bǐmò,1,笔墨,bimo,名,7,7-9,{},false,false,false,
5580,比试,bǐshi,1,比试,bishi,动,7,7-9,{},false,false,false,
5581,鄙视,bǐshì,1,鄙视,bishi,动,7,7-9,{},false,false,false,
5582,弊病,bìbìng,1,弊病,bibing,名,7,7-9,{},false,false,false,
5583,必不可少,bìbùkěshǎo,1,必不可少,bibukeshao,,7,7-9,{},false,false,true,
5584,必定,bìdìng,1,必定,biding,副,7,7-9,{},false,false,false,
5585,弊端,bìduān,1,弊端,biduan,名,7,7-9,{},false,false,false,
5586,壁画,bìhuà,1,壁画,bihua,名,7,7-9,{},false,false,false,
5587,必将,bìjiāng,1,必将,bijiang,副,7,7-9,{},false,false,false,
5588,壁垒,bìlěi,1,壁垒,bilei,名,7,7-9,{},false,false,false,
5589,碧绿,bìlǜ,1,碧绿,bilu,形,7,7-9,{},false,false,false,
5590,避难,bìnàn,1,避难,binan,动,7,7-9,{},false,false,false,
5591,避让,bìràng,1,避让,birang,动,7,7-9,{},false,false,false,
5592,毕生,bìshēng,1,毕生,bisheng,名,7,7-9,{},false,false,false,
5593,避暑,bìshǔ,1,避暑,bishu,动,7,7-9,{},false,false,false,
5594,鞭策,biāncè,1,鞭策,biance,动,7,7-9,{},false,false,false,
5595,编程,biānchéng,1,编程,biancheng,动,7,7-9,{},false,false,false,
5596,编号,biānhào,1,编号,bianhao,动、名,7,7-9,{},false,false,false,
5597,边疆,biānjiāng,1,边疆,bianjiang,名,7,7-9,{},false,false,false,
5598,边界,biānjiè,1,边界,bianjie,名,7,7-9,{},false,false,false,
5599,边境,biānjìng,1,边境,bianjing,名,7,7-9,{},false,false,false,
5600,编剧,biānjù,1,编剧,bianju,动、名,7,7-9,{},false,false,false,
5601,编排,biānpái,1,编排,bianpai,动,7,7-9,{},false,false,false,
5602,鞭炮,biānpào,1,鞭炮,bianpao,名,7,7-9,{},false,false,false,
5603,边缘,biānyuán,1,边缘,bianyuan,名、形,7,7-9,{},false,false,false,
5604,边远,biānyuǎn,1,边远,bianyuan,形,7,7-9,{},false,false,false,
5605,编造,biānzào,1,编造,bianzao,动,7,7-9,{},false,false,false,
5606,编制,biānzhì,1,编制,bianzhi,动,7,7-9,{},false,false,false,
5607,编织,biānzhī,1,编织,bianzhi,动,7,7-9,{},false,false,false,
5608,扁,biǎn,1,扁,bian,形,7,7-9,{},false,false,false,
5609,贬低,biǎndī,1,贬低,biandi,动,7,7-9,{},false,false,false,
5610,贬值,biǎnzhí,1,贬值,bianzhi,动,7,7-9,{},false,false,false,
5611,辩,biàn,1,辩,bian,动,7,7-9,{},false,false,false,
5612,辨别,biànbié,1,辨别,bianbie,动,7,7-9,{},false,false,false,
5613,遍布,biànbù,1,遍布,bianbu,动,7,7-9,{},false,false,false,
5614,便饭,biànfàn,1,便饭,bianfan,名,7,7-9,{},false,false,false,
5615,变革,biàngé,1,变革,biange,动,7,7-9,{},false,false,false,
5616,变更,biàngēng,1,变更,biangeng,动,7,7-9,{},false,false,false,
5617,变故,biàngù,1,变故,biangu,名,7,7-9,{},false,false,false,
5618,辩护,biànhù,1,辩护,bianhu,动,7,7-9,{},false,false,false,
5619,变换,biànhuàn,1,变换,bianhuan,动,7,7-9,{},false,false,false,
5620,变幻莫测,biànhuàn-mòcè,1,变幻莫测,bianhuanmoce,,7,7-9,{},false,false,true,
5621,辩解,biànjiě,1,辩解,bianjie,动,7,7-9,{},false,false,false,
5622,辩论,biànlùn,1,辩论,bianlun,动,7,7-9,{},false,false,false,
5623,变迁,biànqiān,1,变迁,bianqian,动,7,7-9,{},false,false,false,
5624,辨认,biànrèn,1,辨认,bianren,动,7,7-9,{},false,false,false,
5625,变通,biàntōng,1,变通,biantong,动,7,7-9,{},false,false,false,
5626,便携式,biànxiéshì,1,便携式,bianxieshi,形,7,7-9,{},false,false,false,
5627,变形,biànxíng,1,变形,bianxing,动,7,7-9,{},false,false,false,
5628,变异,biànyì,1,变异,bianyi,动,7,7-9,{},false,false,false,
5629,辩证,biànzhèng,1,辩证,bianzheng,动、形,7,7-9,{},false,false,false,
5630,辫子,biànzi,1,辫子,bianzi,名,7,7-9,{},false,false,false,
5631,标,biāo,1,标,biao,动,7,7-9,{},false,false,false,
5632,标榜,biāobǎng,1,标榜,biaobang,动,7,7-9,{},false,false,false,
5633,标本,biāoběn,1,标本,biaoben,名,7,7-9,{},false,false,false,
5634,标点,biāodiǎn,1,标点,biaodian,名,7,7-9,{},false,false,false,
5635,标记,biāojì,1,标记,biaoji,动、名,7,7-9,{},false,false,false,
5636,标签,biāoqiān,1,标签,biaoqian,名,7,7-9,{},false,false,false,
5637,飙升,biāoshēng,1,飙升,biaosheng,动,7,7-9,{},false,false,false,
5638,标识,biāoshí,1,标识,biaoshi,动、名,7,7-9,{},false,false,false,
5639,标示,biāoshì,1,标示,biaoshi,动,7,7-9,{},false,false,false,
5640,标语,biāoyǔ,1,标语,biaoyu,名,7,7-9,{},false,false,false,
5641,标致,biāozhì,1,标致,biaozhi,形,7,7-9,{},false,false,false,
5642,表白,biǎobái,1,表白,biaobai,动,7,7-9,{},false,false,false,
5643,表决,biǎojué,1,表决,biaojue,动,7,7-9,{},false,false,false,
5644,表述,biǎoshù,1,表述,biaoshu,动,7,7-9,{},false,false,false,
5645,表率,biǎoshuài,1,表率,biaoshuai,名,7,7-9,{},false,false,false,
5646,表态,biǎotài,1,表态,biaotai,动,7,7-9,{},false,false,false,
5647,表彰,biǎozhāng,1,表彰,biaozhang,动,7,7-9,{},false,false,false,
5648,憋,biē,1,憋,bie,动、形,7,7-9,{},false,false,false,
5649,别具匠心,biéjù-jiàngxīn,1,别具匠心,biejujiangxin,,7,7-9,{},false,false,true,
5650,别看,biékàn,1,别看,biekan,连,7,7-9,{},false,false,false,
5651,别墅,biéshù,1,别墅,bieshu,名,7,7-9,{},false,false,false,
5652,别说,biéshuō,1,别说,bieshuo,连,7,7-9,{},false,false,false,
5653,别致,biézhì,1,别致,biezhi,形,7,7-9,{},false,false,false,
5654,别扭,bièniu,1,别扭,bieniu,形,7,7-9,{},false,false,false,
5655,彬彬有礼,bīnbīn-yǒulǐ,1,彬彬有礼,binbinyouli,,7,7-9,{},false,false,true,
5656,缤纷,bīnfēn,1,缤纷,binfen,形,7,7-9,{},false,false,false,
5657,濒临,bīnlín,1,濒临,binlin,动,7,7-9,{},false,false,false,
5658,濒危,bīnwēi,1,濒危,binwei,动,7,7-9,{},false,false,false,
5659,冰雹,bīngbáo,1,冰雹,bingbao,名,7,7-9,{},false,false,false,
5660,冰棍儿,bīnggùnr,1,冰棍儿,binggunr,名,7,7-9,{},false,false,false,
5661,冰山一角,bīngshān-yìjiǎo,1,冰山一角,bingshanyijiao,,7,7-9,{},false,false,true,
5662,冰天雪地,bīngtiān-xuědì,1,冰天雪地,bingtianxuedi,,7,7-9,{},false,false,true,
5663,丙,bǐng,1,丙,bing,名,7,7-9,{},false,false,false,
5664,秉承,bǐngchéng,1,秉承,bingcheng,动,7,7-9,{},false,false,false,
5665,秉持,bǐngchí,1,秉持,bingchi,动,7,7-9,{},false,false,false,
5666,并发症,bìngfāzhèng,1,并发症,bingfazheng,名,7,7-9,{},false,false,false,
5667,并非,bìngfēi,1,并非,bingfei,动,7,7-9,{},false,false,false,
5668,并购,bìnggòu,1,并购,binggou,动,7,7-9,{},false,false,false,
5669,并肩,bìngjiān,1,并肩,bingjian,动、副,7,7-9,{},false,false,false,
5670,病历,bìnglì,1,病历,bingli,名,7,7-9,{},false,false,false,
5671,并列,bìngliè,1,并列,binglie,动,7,7-9,{},false,false,false,
5672,并行,bìngxíng,1,并行,bingxing,动,7,7-9,{},false,false,false,
5673,病症,bìngzhèng,1,病症,bingzheng,名,7,7-9,{},false,false,false,
5674,拨,bō,1,拨,bo,动、量,7,7-9,{},false,false,false,
5675,波动,bōdòng,1,波动,bodong,动,7,7-9,{},false,false,false,
5676,剥夺,bōduó,1,剥夺,boduo,动,7,7-9,{},false,false,false,
5677,波及,bōjí,1,波及,boji,动,7,7-9,{},false,false,false,
5678,拨款,bōkuǎn,1,拨款,bokuan,动、名,7,7-9,{},false,false,false,
5679,波澜,bōlán,1,波澜,bolan,名,7,7-9,{},false,false,false,
5680,波浪,bōlàng,1,波浪,bolang,名,7,7-9,{},false,false,false,
5681,波涛,bōtāo,1,波涛,botao,名,7,7-9,{},false,false,false,
5682,剥削,bōxuē,1,剥削,boxue,动,7,7-9,{},false,false,false,
5683,波折,bōzhé,1,波折,bozhe,名,7,7-9,{},false,false,false,
5684,伯伯,bóbo,1,伯伯,bobo,名,7,7-9,{},false,false,false,
5685,博大精深,bódà-jīngshēn,1,博大精深,bodajingshen,,7,7-9,{},false,false,true,
5686,搏斗,bódòu,1,搏斗,bodou,动,7,7-9,{},false,false,false,
5687,伯父,bófù,1,伯父,bofu,名,7,7-9,{},false,false,false,
5688,驳回,bóhuí,1,驳回,bohui,动,7,7-9,{},false,false,false,
5689,伯母,bómǔ,1,伯母,bomu,名,7,7-9,{},false,false,false,
5690,博学,bóxué,1,博学,boxue,形,7,7-9,{},false,false,false,
5691,博弈,bóyì,1,博弈,boyi,动,7,7-9,{},false,false,false,
5692,不算,bú suàn,1,不算,busuan,,7,7-9,{},false,false,true,
5693,不当,búdàng,1,不当,budang,形,7,7-9,{},false,false,false,
5694,不定,búdìng,1,不定,buding,形、副,7,7-9,{},false,false,false,
5695,不动产,búdòngchǎn,1,不动产,budongchan,名,7,7-9,{},false,false,false,
5696,不见得,bújiàndé,1,不见得,bujiande,副,7,7-9,{},false,false,false,
5697,不愧,búkuì,1,不愧,bukui,副,7,7-9,{},false,false,false,
5698,不力,búlì,1,不力,buli,形,7,7-9,{},false,false,false,
5699,不妙,búmiào,1,不妙,bumiao,形,7,7-9,{},false,false,false,
5700,不慎,búshèn,1,不慎,bushen,形,7,7-9,{},false,false,false,
5701,不下,búxià,1,不下,buxia,动,7,7-9,{},false,false,false,
5702,不像话,búxiànghuà,1,不像话,buxianghua,形,7,7-9,{},false,false,false,
5703,不肖,búxiào,1,不肖,buxiao,形,7,7-9,{},false,false,false,
5704,不屑,búxiè,1,不屑,buxie,动,7,7-9,{},false,false,false,
5705,不懈,búxiè,1,不懈,buxie,形,7,7-9,{},false,false,false,
5706,不厌其烦,búyàn-qífán,1,不厌其烦,buyanqifan,,7,7-9,{},false,false,true,
5707,不亚于,búyàyú,1,不亚于,buyayu,动,7,7-9,{},false,false,false,
5708,不翼而飞,búyì’érfēi,1,不翼而飞,buyierfei,,7,7-9,{},false,false,true,
5709,不亦乐乎,búyìlèhū,1,不亦乐乎,buyilehu,,7,7-9,{},false,false,true,
5710,不正之风,búzhèngzhīfēng,1,不正之风,buzhengzhifeng,,7,7-9,{},false,false,true,
5711,捕获,bǔhuò,1,捕获,buhuo,动,7,7-9,{},false,false,false,
5712,补给,bǔjǐ,1,补给,buji,动、名,7,7-9,{},false,false,false,
5713,补救,bǔjiù,1,补救,bujiu,动,7,7-9,{},false,false,false,
5714,哺乳,bǔrǔ,1,哺乳,buru,动,7,7-9,{},false,false,false,
5715,捕食,bǔshí,1,捕食,bushi,动,7,7-9,{},false,false,false,
5716,哺育,bǔyù,1,哺育,buyu,动,7,7-9,{},false,false,false,
5717,补助,bǔzhù,1,补助,buzhu,动、名,7,7-9,{},false,false,false,
5718,捕捉,bǔzhuō,1,捕捉,buzhuo,动,7,7-9,{},false,false,false,
5719,不经意,bù jīngyì,1,不经意,bujingyi,,7,7-9,{},false,false,true,
5720,不予,bù yǔ,1,不予,buyu,,7,7-9,{},false,false,true,
5721,不准,bù zhǔn,1,不准,buzhun,,7,7-9,{},false,false,true,
5722,不耻下问,bùchǐ-xiàwèn,1,不耻下问,buchixiawen,,7,7-9,{},false,false,true,
5723,不辞而别,bùcí’érbié,1,不辞而别,bucierbie,,7,7-9,{},false,false,true,
5724,不得而知,bùdé’érzhī,1,不得而知,budeerzhi,,7,7-9,{},false,false,true,
5725,不得已,bùdéyǐ,1,不得已,budeyi,形,7,7-9,{},false,false,false,
5726,不乏,bùfá,1,不乏,bufa,动,7,7-9,{},false,false,false,
5727,步伐,bùfá,1,步伐,bufa,名,7,7-9,{},false,false,false,
5728,不法,bùfǎ,1,不法,bufa,形,7,7-9,{},false,false,false,
5729,不妨,bùfáng,1,不妨,bufang,副,7,7-9,{},false,false,false,
5730,不服,bùfú,1,不服,bufu,动,7,7-9,{},false,false,false,
5731,不敢当,bùgǎndāng,1,不敢当,bugandang,动,7,7-9,{},false,false,false,
5732,不及,bùjí,1,不及,buji,动,7,7-9,{},false,false,false,
5733,部件,bùjiàn,1,部件,bujian,名,7,7-9,{},false,false,false,
5734,不假思索,bùjiǎ-sīsuǒ,1,不假思索,bujiasisuo,,7,7-9,{},false,false,true,
5735,不解,bùjiě,1,不解,bujie,动,7,7-9,{},false,false,false,
5736,不景气,bùjǐngqì,1,不景气,bujingqi,形,7,7-9,{},false,false,false,
5737,布局,bùjú,1,布局,buju,动、名,7,7-9,{},false,false,false,
5738,不堪,bùkān,1,不堪,bukan,动、形,7,7-9,{},false,false,false,
5739,不可或缺,bùkě-huòquē,1,不可或缺,bukehuoque,,7,7-9,{},false,false,true,
5740,不可思议,bùkě-sīyì,1,不可思议,bukesiyi,,7,7-9,{},false,false,true,
5741,不了了之,bùliǎo-liǎozhī,1,不了了之,buliaoliaozhi,,7,7-9,{},false,false,true,
5742,不免,bùmiǎn,1,不免,bumian,副,7,7-9,{},false,false,false,
5743,不平,bùpíng,1,不平,buping,形,7,7-9,{},false,false,false,
5744,不容,bùróng,1,不容,burong,动,7,7-9,{},false,false,false,
5745,步入,bùrù,1,步入,buru,动,7,7-9,{},false,false,false,
5746,部首,bùshǒu,1,部首,bushou,名,7,7-9,{},false,false,false,
5747,部署,bùshǔ,1,部署,bushu,动,7,7-9,{},false,false,false,
5748,不惜,bùxī,1,不惜,buxi,动,7,7-9,{},false,false,false,
5749,不相上下,bùxiāng-shàngxià,1,不相上下,buxiangshangxia,,7,7-9,{},false,false,true,
5750,不言而喻,bùyán’éryù,1,不言而喻,buyaneryu,,7,7-9,{},false,false,true,
5751,不以为然,bùyǐwéirán,1,不以为然,buyiweiran,,7,7-9,{},false,false,true,
5752,不由得,bùyóude,1,不由得,buyoude,动、副,7,7-9,{},false,false,false,
5753,不由自主,bùyóuzìzhǔ,1,不由自主,buyouzizhu,,7,7-9,{},false,false,true,
5754,不约而同,bùyuē’értóng,1,不约而同,buyueertong,,7,7-9,{},false,false,true,
5755,不折不扣,bùzhé-búkòu,1,不折不扣,buzhebukou,,7,7-9,{},false,false,true,
5756,不知不觉,bùzhī-bùjué,1,不知不觉,buzhibujue,,7,7-9,{},false,false,true,
5757,不知所措,bùzhī-suǒcuò,1,不知所措,buzhisuocuo,,7,7-9,{},false,false,true,
5758,猜想,cāixiǎng,1,猜想,caixiang,动,7,7-9,{},false,false,false,
5759,裁,cái,1,裁,cai,动,7,7-9,{},false,false,false,
5760,裁定,cáidìng,1,裁定,caiding,动,7,7-9,{},false,false,false,
5761,裁缝,cáifeng,1,裁缝,caifeng,名,7,7-9,{},false,false,false,
5762,才干,cáigàn,1,才干,caigan,名,7,7-9,{},false,false,false,
5763,财经,cáijīng,1,财经,caijing,名,7,7-9,{},false,false,false,
5764,裁决,cáijué,1,裁决,caijue,动,7,7-9,{},false,false,false,
5765,财力,cáilì,1,财力,caili,名,7,7-9,{},false,false,false,
5766,裁员,cáiyuán,1,裁员,caiyuan,动,7,7-9,{},false,false,false,
5767,财政,cáizhèng,1,财政,caizheng,名,7,7-9,{},false,false,false,
5768,采,cǎi,1,采,cai,动,7,7-9,{},false,false,false,
5769,采矿,cǎikuàng,1,采矿,caikuang,动,7,7-9,{},false,false,false,
5770,采摘,cǎizhāi,1,采摘,caizhai,动,7,7-9,{},false,false,false,
5771,菜肴,càiyáo,1,菜肴,caiyao,名,7,7-9,{},false,false,false,
5772,参见,cānjiàn,1,参见,canjian,动,7,7-9,{},false,false,false,
5773,参谋,cānmóu,1,参谋,canmou,名、动,7,7-9,{},false,false,false,
5774,参照,cānzhào,1,参照,canzhao,动,7,7-9,{},false,false,false,
5775,残,cán,1,残,can,动,7,7-9,{},false,false,false,
5776,残酷,cánkù,1,残酷,canku,形,7,7-9,{},false,false,false,
5777,惭愧,cánkuì,1,惭愧,cankui,形,7,7-9,{},false,false,false,
5778,残留,cánliú,1,残留,canliu,动,7,7-9,{},false,false,false,
5779,残缺,cánquē,1,残缺,canque,动,7,7-9,{},false,false,false,
5780,残忍,cánrěn,1,残忍,canren,形,7,7-9,{},false,false,false,
5781,惨,cǎn,1,惨,can,形,7,7-9,{},false,false,false,
5782,惨白,cǎnbái,1,惨白,canbai,形,7,7-9,{},false,false,false,
5783,惨痛,cǎntòng,1,惨痛,cantong,形,7,7-9,{},false,false,false,
5784,惨重,cǎnzhòng,1,惨重,canzhong,形,7,7-9,{},false,false,false,
5785,灿烂,cànlàn,1,灿烂,canlan,形,7,7-9,{},false,false,false,
5786,舱,cāng,1,舱,cang,名,7,7-9,{},false,false,false,
5787,苍白,cāngbái,1,苍白,cangbai,形,7,7-9,{},false,false,false,
5788,仓促,cāngcù,1,仓促,cangcu,形,7,7-9,{},false,false,false,
5789,沧桑,cāngsāng,1,沧桑,cangsang,名,7,7-9,{},false,false,false,
5790,苍蝇,cāngying,1,苍蝇,cangying,名,7,7-9,{},false,false,false,
5791,藏匿,cángnì,1,藏匿,cangni,动,7,7-9,{},false,false,false,
5792,藏品,cángpǐn,1,藏品,cangpin,名,7,7-9,{},false,false,false,
5793,藏身,cángshēn,1,藏身,cangshen,动,7,7-9,{},false,false,false,
5794,操控,cāokòng,1,操控,caokong,动,7,7-9,{},false,false,false,
5795,操劳,cāoláo,1,操劳,caolao,动,7,7-9,{},false,false,false,
5796,操练,cāoliàn,1,操练,caolian,动,7,7-9,{},false,false,false,
5797,操心,cāoxīn,1,操心,caoxin,动,7,7-9,{},false,false,false,
5798,操纵,cāozòng,1,操纵,caozong,动,7,7-9,{},false,false,false,
5799,嘈杂,cáozá,1,嘈杂,caoza,形,7,7-9,{},false,false,false,
5800,草案,cǎo’àn,1,草案,caoan,名,7,7-9,{},false,false,false,
5801,草丛,cǎocóng,1,草丛,caocong,名,7,7-9,{},false,false,false,
5802,草坪,cǎopíng,1,草坪,caoping,名,7,7-9,{},false,false,false,
5803,草率,cǎoshuài,1,草率,caoshuai,形,7,7-9,{},false,false,false,
5804,草药,cǎoyào,1,草药,caoyao,名,7,7-9,{},false,false,false,
5805,测定,cèdìng,1,测定,ceding,动,7,7-9,{},false,false,false,
5806,侧面,cèmiàn,1,侧面,cemian,名,7,7-9,{},false,false,false,
5807,测算,cèsuàn,1,测算,cesuan,动,7,7-9,{},false,false,false,
5808,测验,cèyàn,1,测验,ceyan,动、名,7,7-9,{},false,false,false,
5809,侧重,cèzhòng,1,侧重,cezhong,动,7,7-9,{},false,false,false,
5810,层出不穷,céngchū-bùqióng,1,层出不穷,cengchubuqiong,,7,7-9,{},false,false,true,
5811,蹭,cèng,1,蹭,ceng,动,7,7-9,{},false,false,false,
5812,差错,chācuò,1,差错,chacuo,名,7,7-9,{},false,false,false,
5813,差额,chā’é,1,差额,chae,名、形,7,7-9,{},false,false,false,
5814,插曲,chāqǔ,1,插曲,chaqu,名,7,7-9,{},false,false,false,
5815,插手,chāshǒu,1,插手,chashou,动,7,7-9,{},false,false,false,
5816,插图,chātú,1,插图,chatu,名,7,7-9,{},false,false,false,
5817,插嘴,chāzuǐ,1,插嘴,chazui,动,7,7-9,{},false,false,false,
5818,查处,cháchǔ,1,查处,chachu,动,7,7-9,{},false,false,false,
5819,查获,cháhuò,1,查获,chahuo,动,7,7-9,{},false,false,false,
5820,察觉,chájué,1,察觉,chajue,动,7,7-9,{},false,false,false,
5821,察看,chákàn,1,察看,chakan,动,7,7-9,{},false,false,false,
5822,查明,chámíng,1,查明,chaming,动,7,7-9,{},false,false,false,
5823,岔,chà,1,岔,cha,名、动,7,7-9,{},false,false,false,
5824,刹那,chànà,1,刹那,chana,名,7,7-9,{},false,false,false,
5825,诧异,chàyì,1,诧异,chayi,形,7,7-9,{},false,false,false,
5826,拆迁,chāiqiān,1,拆迁,chaiqian,动,7,7-9,{},false,false,false,
5827,柴油,cháiyóu,1,柴油,chaiyou,名,7,7-9,{},false,false,false,
5828,掺,chān,1,掺,chan,动,7,7-9,{},false,false,false,
5829,搀,chān,1,搀,chan,动,7,7-9,{},false,false,false,
5830,馋,chán,1,馋,chan,形、动,7,7-9,{},false,false,false,
5831,缠,chán,1,缠,chan,动,7,7-9,{},false,false,false,
5832,缠绕,chánrào,1,缠绕,chanrao,动,7,7-9,{},false,false,false,
5833,铲,chǎn,1,铲,chan,名、动,7,7-9,{},false,false,false,
5834,产权,chǎnquán,1,产权,chanquan,名,7,7-9,{},false,false,false,
5835,阐释,chǎnshì,1,阐释,chanshi,动,7,7-9,{},false,false,false,
5836,阐述,chǎnshù,1,阐述,chanshu,动,7,7-9,{},false,false,false,
5837,产物,chǎnwù,1,产物,chanwu,名,7,7-9,{},false,false,false,
5838,产业链,chǎnyèliàn,1,产业链,chanyelian,名,7,7-9,{},false,false,false,
5839,产值,chǎnzhí,1,产值,chanzhi,名,7,7-9,{},false,false,false,
5840,颤抖,chàndǒu,1,颤抖,chandou,动,7,7-9,{},false,false,false,
5841,猖狂,chāngkuáng,1,猖狂,changkuang,形,7,7-9,{},false,false,false,
5842,昌盛,chāngshèng,1,昌盛,changsheng,形,7,7-9,{},false,false,false,
5843,偿还,chánghuán,1,偿还,changhuan,动,7,7-9,{},false,false,false,
5844,常理,chánglǐ,1,常理,changli,名,7,7-9,{},false,false,false,
5845,长期以来,chángqī yǐlái,1,长期以来,changqiyilai,,7,7-9,{},false,false,true,
5846,常人,chángrén,1,常人,changren,名,7,7-9,{},false,false,false,
5847,常态,chángtài,1,常态,changtai,名,7,7-9,{},false,false,false,
5848,长效,chángxiào,1,长效,changxiao,名、形,7,7-9,{},false,false,false,
5849,长征,chángzhēng,1,长征,changzheng,动、名,7,7-9,{},false,false,false,
5850,长足,chángzú,1,长足,changzu,形,7,7-9,{},false,false,false,
5851,敞开,chǎngkāi,1,敞开,changkai,动、副,7,7-9,{},false,false,false,
5852,倡导,chàngdǎo,1,倡导,changdao,动,7,7-9,{},false,false,false,
5853,唱片,chàngpiàn,1,唱片,changpian,名,7,7-9,{},false,false,false,
5854,畅谈,chàngtán,1,畅谈,changtan,动,7,7-9,{},false,false,false,
5855,倡议,chàngyì,1,倡议,changyi,动、名,7,7-9,{},false,false,false,
5856,超标,chāobiāo,1,超标,chaobiao,动,7,7-9,{},false,false,false,
5857,钞票,chāopiào,1,钞票,chaopiao,名,7,7-9,{},false,false,false,
5858,超前,chāoqián,1,超前,chaoqian,形、动,7,7-9,{},false,false,false,
5859,抄袭,chāoxí,1,抄袭,chaoxi,动,7,7-9,{},false,false,false,
5860,潮,cháo,1,潮,chao,名、形,7,7-9,{},false,false,false,
5861,嘲弄,cháonòng,1,嘲弄,chaonong,动,7,7-9,{},false,false,false,
5862,潮水,cháoshuǐ,1,潮水,chaoshui,名,7,7-9,{},false,false,false,
5863,巢穴,cháoxué,1,巢穴,chaoxue,名,7,7-9,{},false,false,false,
5864,炒作,chǎozuò,1,炒作,chaozuo,动,7,7-9,{},false,false,false,
5865,车间,chējiān,1,车间,chejian,名,7,7-9,{},false,false,false,
5866,扯,chě,1,扯,che,动,7,7-9,{},false,false,false,
5867,撤,chè,1,撤,che,动,7,7-9,{},false,false,false,
5868,撤离,chèlí,1,撤离,cheli,动,7,7-9,{},false,false,false,
5869,撤退,chètuì,1,撤退,chetui,动,7,7-9,{},false,false,false,
5870,彻夜,chèyè,1,彻夜,cheye,副,7,7-9,{},false,false,false,
5871,沉淀,chéndiàn,1,沉淀,chendian,动、名,7,7-9,{},false,false,false,
5872,沉甸甸,chéndiàndiàn,1,沉甸甸,chendiandian,形,7,7-9,{},false,false,false,
5873,沉浸,chénjìn,1,沉浸,chenjin,动,7,7-9,{},false,false,false,
5874,陈旧,chénjiù,1,陈旧,chenjiu,形,7,7-9,{},false,false,false,
5875,陈列,chénliè,1,陈列,chenlie,动,7,7-9,{},false,false,false,
5876,沉闷,chénmèn,1,沉闷,chenmen,形,7,7-9,{},false,false,false,
5877,沉迷,chénmí,1,沉迷,chenmi,动,7,7-9,{},false,false,false,
5878,陈述,chénshù,1,陈述,chenshu,动,7,7-9,{},false,false,false,
5879,沉睡,chénshuì,1,沉睡,chenshui,动,7,7-9,{},false,false,false,
5880,沉思,chénsī,1,沉思,chensi,动,7,7-9,{},false,false,false,
5881,沉稳,chénwěn,1,沉稳,chenwen,形,7,7-9,{},false,false,false,
5882,沉着,chénzhuó,1,沉着,chenzhuo,形,7,7-9,{},false,false,false,
5883,趁机,chènjī,1,趁机,chenji,副,7,7-9,{},false,false,false,
5884,衬托,chèntuō,1,衬托,chentuo,动,7,7-9,{},false,false,false,
5885,称心如意,chènxīn-rúyì,1,称心如意,chenxinruyi,,7,7-9,{},false,false,true,
5886,趁早,chènzǎo,1,趁早,chenzao,副,7,7-9,{},false,false,false,
5887,呈,chéng,1,呈,cheng,动,7,7-9,{},false,false,false,
5888,承包,chéngbāo,1,承包,chengbao,动,7,7-9,{},false,false,false,
5889,成才,chéngcái,1,成才,chengcai,动,7,7-9,{},false,false,false,
5890,成家,chéngjiā,1,成家,chengjia,动,7,7-9,{},false,false,false,
5891,成家立业,chéngjiā-lìyè,1,成家立业,chengjialiye,,7,7-9,{},false,false,true,
5892,承接,chéngjiē,1,承接,chengjie,动,7,7-9,{},false,false,false,
5893,诚恳,chéngkěn,1,诚恳,chengken,形,7,7-9,{},false,false,false,
5894,成年,chéngnián,2,成年2,chengnian,副,7,7-9,{},true,false,false,
5895,成品,chéngpǐn,1,成品,chengpin,名,7,7-9,{},false,false,false,
5896,城墙,chéngqiáng,1,城墙,chengqiang,名,7,7-9,{},false,false,false,
5897,澄清,chéngqīng,1,澄清,chengqing,形、动,7,7-9,{},false,false,false,
5898,成全,chéngquán,1,成全,chengquan,动,7,7-9,{},false,false,false,
5899,成群结队,chéngqún-jiéduì,1,成群结队,chengqunjiedui,,7,7-9,{},false,false,true,
5900,成天,chéngtiān,1,成天,chengtian,副,7,7-9,{},false,false,false,
5901,成心,chéngxīn,1,成心,chengxin,副,7,7-9,{},false,false,false,
5902,成型,chéngxíng,1,成型,chengxing,动,7,7-9,{},false,false,false,
5903,诚意,chéngyì,1,诚意,chengyi,名,7,7-9,{},false,false,false,
5904,承载,chéngzài,1,承载,chengzai,动,7,7-9,{},false,false,false,
5905,诚挚,chéngzhì,1,诚挚,chengzhi,形,7,7-9,{},false,false,false,
5906,逞强,chěngqiáng,1,逞强,chengqiang,动,7,7-9,{},false,false,false,
5907,秤,chèng,1,秤,cheng,名,7,7-9,{},false,false,false,
5908,痴呆,chīdāi,1,痴呆,chidai,形,7,7-9,{},false,false,false,
5909,吃喝玩乐,chī-hē-wán-lè,1,吃喝玩乐,chihewanle,,7,7-9,{},false,false,true,
5910,吃苦,chīkǔ,1,吃苦,chiku,动,7,7-9,{},false,false,false,
5911,吃亏,chīkuī,1,吃亏,chikui,动,7,7-9,{},false,false,false,
5912,吃力,chīlì,1,吃力,chili,形,7,7-9,{},false,false,false,
5913,痴迷,chīmí,1,痴迷,chimi,动,7,7-9,{},false,false,false,
5914,痴心,chīxīn,1,痴心,chixin,名、形,7,7-9,{},false,false,false,
5915,持,chí,1,持,chi,动,7,7-9,{},false,false,false,
5916,迟迟,chíchí,1,迟迟,chichi,副,7,7-9,{},false,false,false,
5917,迟钝,chídùn,1,迟钝,chidun,形,7,7-9,{},false,false,false,
5918,迟缓,chíhuǎn,1,迟缓,chihuan,形,7,7-9,{},false,false,false,
5919,驰名,chímíng,1,驰名,chiming,动,7,7-9,{},false,false,false,
5920,持平,chípíng,1,持平,chiping,动,7,7-9,{},false,false,false,
5921,池塘,chítáng,1,池塘,chitang,名,7,7-9,{},false,false,false,
5922,迟疑,chíyí,1,迟疑,chiyi,形,7,7-9,{},false,false,false,
5923,迟早,chízǎo,1,迟早,chizao,副,7,7-9,{},false,false,false,
5924,持之以恒,chízhī-yǐhéng,1,持之以恒,chizhiyiheng,,7,7-9,{},false,false,true,
5925,尺度,chǐdù,1,尺度,chidu,名,7,7-9,{},false,false,false,
5926,耻辱,chǐrǔ,1,耻辱,chiru,名,7,7-9,{},false,false,false,
5927,耻笑,chǐxiào,1,耻笑,chixiao,动,7,7-9,{},false,false,false,
5928,赤道,chìdào,1,赤道,chidao,名,7,7-9,{},false,false,false,
5929,赤字,chìzì,1,赤字,chizi,名,7,7-9,{},false,false,false,
5930,充,chōng,1,充,chong,动,7,7-9,{},false,false,false,
5931,充斥,chōngchì,1,充斥,chongchi,动,7,7-9,{},false,false,false,
5932,冲刺,chōngcì,1,冲刺,chongci,动,7,7-9,{},false,false,false,
5933,充当,chōngdāng,1,充当,chongdang,动,7,7-9,{},false,false,false,
5934,憧憬,chōngjǐng,1,憧憬,chongjing,动,7,7-9,{},false,false,false,
5935,冲浪,chōnglàng,1,冲浪,chonglang,动,7,7-9,{},false,false,false,
5936,充沛,chōngpèi,1,充沛,chongpei,形,7,7-9,{},false,false,false,
5937,冲洗,chōngxǐ,1,冲洗,chongxi,动,7,7-9,{},false,false,false,
5938,充裕,chōngyù,1,充裕,chongyu,形,7,7-9,{},false,false,false,
5939,冲撞,chōngzhuàng,1,冲撞,chongzhuang,动,7,7-9,{},false,false,false,
5940,重重,chóngchóng,1,重重,chongchong,形,7,7-9,{},false,false,false,
5941,重叠,chóngdié,1,重叠,chongdie,动、名,7,7-9,{},false,false,false,
5942,重返,chóngfǎn,1,重返,chongfan,动,7,7-9,{},false,false,false,
5943,崇高,chónggāo,1,崇高,chonggao,形,7,7-9,{},false,false,false,
5944,重合,chónghé,1,重合,chonghe,动,7,7-9,{},false,false,false,
5945,崇敬,chóngjìng,1,崇敬,chongjing,动,7,7-9,{},false,false,false,
5946,崇尚,chóngshàng,1,崇尚,chongshang,动,7,7-9,{},false,false,false,
5947,重申,chóngshēn,1,重申,chongshen,动,7,7-9,{},false,false,false,
5948,重现,chóngxiàn,1,重现,chongxian,动,7,7-9,{},false,false,false,
5949,重组,chóngzǔ,1,重组,chongzu,动,7,7-9,{},false,false,false,
5950,宠,chǒng,1,宠,chong,动,7,7-9,{},false,false,false,
5951,宠爱,chǒng’ài,1,宠爱,chongai,动,7,7-9,{},false,false,false,
5952,抽查,chōuchá,1,抽查,choucha,动,7,7-9,{},false,false,false,
5953,抽签,chōuqiān,1,抽签,chouqian,动,7,7-9,{},false,false,false,
5954,抽屉,chōuti,1,抽屉,chouti,名,7,7-9,{},false,false,false,
5955,抽样,chōuyàng,1,抽样,chouyang,动,7,7-9,{},false,false,false,
5956,仇,chóu,1,仇,chou,名,7,7-9,{},false,false,false,
5957,稠,chóu,1,稠,chou,形,7,7-9,{},false,false,false,
5958,筹,chóu,1,筹,chou,动,7,7-9,{},false,false,false,
5959,筹办,chóubàn,1,筹办,chouban,动,7,7-9,{},false,false,false,
5960,筹措,chóucuò,1,筹措,choucuo,动,7,7-9,{},false,false,false,
5961,仇恨,chóuhèn,1,仇恨,chouhen,动、名,7,7-9,{},false,false,false,
5962,筹划,chóuhuà,1,筹划,chouhua,动,7,7-9,{},false,false,false,
5963,筹集,chóují,1,筹集,chouji,动,7,7-9,{},false,false,false,
5964,筹码,chóumǎ,1,筹码,chouma,名,7,7-9,{},false,false,false,
5965,愁眉苦脸,chóuméi-kǔliǎn,1,愁眉苦脸,choumeikulian,,7,7-9,{},false,false,true,
5966,稠密,chóumì,1,稠密,choumi,形,7,7-9,{},false,false,false,
5967,仇人,chóurén,1,仇人,chouren,名,7,7-9,{},false,false,false,
5968,瞅,chǒu,1,瞅,chou,动,7,7-9,{},false,false,false,
5969,丑恶,chǒu’è,1,丑恶,choue,形,7,7-9,{},false,false,false,
5970,丑陋,chǒulòu,1,丑陋,choulou,形,7,7-9,{},false,false,false,
5971,丑闻,chǒuwén,1,丑闻,chouwen,名,7,7-9,{},false,false,false,
5972,出厂,chūchǎng,1,出厂,chuchang,动,7,7-9,{},false,false,false,
5973,出丑,chūchǒu,1,出丑,chuchou,动,7,7-9,{},false,false,false,
5974,出动,chūdòng,1,出动,chudong,动,7,7-9,{},false,false,false,
5975,出发点,chūfādiǎn,1,出发点,chufadian,名,7,7-9,{},false,false,false,
5976,出访,chūfǎng,1,出访,chufang,动,7,7-9,{},false,false,false,
5977,出局,chūjú,1,出局,chuju,动,7,7-9,{},false,false,false,
5978,出具,chūjù,1,出具,chuju,动,7,7-9,{},false,false,false,
5979,出口成章,chūkǒu-chéngzhāng,1,出口成章,chukouchengzhang,,7,7-9,{},false,false,true,
5980,出路,chūlù,1,出路,chulu,名,7,7-9,{},false,false,false,
5981,出卖,chūmài,1,出卖,chumai,动,7,7-9,{},false,false,false,
5982,出面,chūmiàn,1,出面,chumian,动,7,7-9,{},false,false,false,
5983,出任,chūrèn,1,出任,churen,动,7,7-9,{},false,false,false,
5984,出人意料,chūrényìliào,1,出人意料,churenyiliao,,7,7-9,{},false,false,true,
5985,出神,chūshén,1,出神,chushen,动,7,7-9,{},false,false,false,
5986,出身,chūshēn,1,出身,chushen,动、名,7,7-9,{},false,false,false,
5987,出手,chūshǒu,1,出手,chushou,动、名,7,7-9,{},false,false,false,
5988,出台,chūtái,1,出台,chutai,动,7,7-9,{},false,false,false,
5989,出头,chūtóu,1,出头,chutou,动,7,7-9,{},false,false,false,
5990,出土,chūtǔ,1,出土,chutu,动,7,7-9,{},false,false,false,
5991,出息,chūxi,1,出息,chuxi,名,7,7-9,{},false,false,false,
5992,出征,chūzhēng,1,出征,chuzheng,动,7,7-9,{},false,false,false,
5993,出众,chūzhòng,1,出众,chuzhong,形,7,7-9,{},false,false,false,
5994,初衷,chūzhōng,1,初衷,chuzhong,名,7,7-9,{},false,false,false,
5995,出资,chūzī,1,出资,chuzi,动,7,7-9,{},false,false,false,
5996,出走,chūzǒu,1,出走,chuzou,动,7,7-9,{},false,false,false,
5997,锄,chú,1,锄,chu,名、动,7,7-9,{},false,false,false,
5998,橱窗,chúchuāng,1,橱窗,chuchuang,名,7,7-9,{},false,false,false,
5999,除去,chúqù,1,除去,chuqu,动、介,7,7-9,{},false,false,false,
6000,除外,chúwài,1,除外,chuwai,动,7,7-9,{},false,false,false,
6001,储备,chǔbèi,1,储备,chubei,动、名,7,7-9,{},false,false,false,
6002,处方,chǔfāng,1,处方,chufang,动、名,7,7-9,{},false,false,false,
6003,处分,chǔfèn,1,处分,chufen,动、名,7,7-9,{},false,false,false,
6004,处境,chǔjìng,1,处境,chujing,名,7,7-9,{},false,false,false,
6005,储量,chǔliàng,1,储量,chuliang,名,7,7-9,{},false,false,false,
6006,处事,chǔshì,1,处事,chushi,动,7,7-9,{},false,false,false,
6007,处置,chǔzhì,1,处置,chuzhi,动,7,7-9,{},false,false,false,
6008,触动,chùdòng,1,触动,chudong,动,7,7-9,{},false,false,false,
6009,触犯,chùfàn,1,触犯,chufan,动,7,7-9,{},false,false,false,
6010,触觉,chùjué,1,触觉,chujue,名,7,7-9,{},false,false,false,
6011,矗立,chùlì,1,矗立,chuli,动,7,7-9,{},false,false,false,
6012,触摸,chùmō,1,触摸,chumo,动,7,7-9,{},false,false,false,
6013,触目惊心,chùmù-jīngxīn,1,触目惊心,chumujingxin,,7,7-9,{},false,false,true,
6014,揣,chuāi,1,揣,chuai,动,7,7-9,{},false,false,false,
6015,揣测,chuǎicè,1,揣测,chuaice,动,7,7-9,{},false,false,false,
6016,揣摩,chuǎimó,1,揣摩,chuaimo,动,7,7-9,{},false,false,false,
6017,踹,chuài,1,踹,chuai,动,7,7-9,{},false,false,false,
6018,川流不息,chuānliú-bùxī,1,川流不息,chuanliubuxi,,7,7-9,{},false,false,true,
6019,穿梭,chuānsuō,1,穿梭,chuansuo,动,7,7-9,{},false,false,false,
6020,穿越,chuānyuè,1,穿越,chuanyue,动,7,7-9,{},false,false,false,
6021,穿着,chuānzhuó,1,穿着,chuanzhuo,名,7,7-9,{},false,false,false,
6022,船舶,chuánbó,1,船舶,chuanbo,名,7,7-9,{},false,false,false,
6023,传单,chuándān,1,传单,chuandan,名,7,7-9,{},false,false,false,
6024,传媒,chuánméi,1,传媒,chuanmei,名,7,7-9,{},false,false,false,
6025,传奇,chuánqí,1,传奇,chuanqi,名,7,7-9,{},false,false,false,
6026,传人,chuánrén,1,传人,chuanren,动、名,7,7-9,{},false,false,false,
6027,传闻,chuánwén,1,传闻,chuanwen,动、名,7,7-9,{},false,false,false,
6028,传言,chuányán,1,传言,chuanyan,名、动,7,7-9,{},false,false,false,
6029,喘,chuǎn,1,喘,chuan,动,7,7-9,{},false,false,false,
6030,喘息,chuǎnxī,1,喘息,chuanxi,动,7,7-9,{},false,false,false,
6031,串门,chuànmén,1,串门,chuanmen,动,7,7-9,{},false,false,false,
6032,窗帘,chuānglián,1,窗帘,chuanglian,名,7,7-9,{},false,false,false,
6033,创伤,chuāngshāng,1,创伤,chuangshang,名,7,7-9,{},false,false,false,
6034,床位,chuángwèi,1,床位,chuangwei,名,7,7-9,{},false,false,false,
6035,创,chuàng,1,创,chuang,动,7,7-9,{},false,false,false,
6036,创始人,chuàngshǐrén,1,创始人,chuangshiren,名,7,7-9,{},false,false,false,
6037,吹牛,chuīniú,1,吹牛,chuiniu,动,7,7-9,{},false,false,false,
6038,吹捧,chuīpěng,1,吹捧,chuipeng,动,7,7-9,{},false,false,false,
6039,炊烟,chuīyān,1,炊烟,chuiyan,名,7,7-9,{},false,false,false,
6040,垂,chuí,1,垂,chui,动,7,7-9,{},false,false,false,
6041,捶,chuí,1,捶,chui,动,7,7-9,{},false,false,false,
6042,锤,chuí,1,锤,chui,名、动,7,7-9,{},false,false,false,
6043,垂头丧气,chuítóu-sàngqì,1,垂头丧气,chuitousangqi,,7,7-9,{},false,false,true,
6044,纯粹,chúncuì,1,纯粹,chuncui,形、副,7,7-9,{},false,false,false,
6045,醇厚,chúnhòu,1,醇厚,chunhou,形,7,7-9,{},false,false,false,
6046,纯洁,chúnjié,1,纯洁,chunjie,形、动,7,7-9,{},false,false,false,
6047,纯朴,chúnpǔ,1,纯朴,chunpu,形,7,7-9,{},false,false,false,
6048,淳朴,chúnpǔ,1,淳朴,chunpu,形,7,7-9,{},false,false,false,
6049,蠢,chǔn,1,蠢,chun,形,7,7-9,{},false,false,false,
6050,戳,chuō,1,戳,chuo,动、名,7,7-9,{},false,false,false,
6051,绰号,chuòhào,1,绰号,chuohao,名,7,7-9,{},false,false,false,
6052,辞,cí,1,辞,ci,动,7,7-9,{},false,false,false,
6053,辞呈,cíchéng,1,辞呈,cicheng,名,7,7-9,{},false,false,false,
6054,磁带,cídài,1,磁带,cidai,名,7,7-9,{},false,false,false,
6055,辞典,cídiǎn,1,辞典,cidian,名,7,7-9,{},false,false,false,
6056,慈善,císhàn,1,慈善,cishan,形,7,7-9,{},false,false,false,
6057,磁铁,cítiě,1,磁铁,citie,名,7,7-9,{},false,false,false,
6058,辞退,cítuì,1,辞退,citui,动,7,7-9,{},false,false,false,
6059,慈祥,cíxiáng,1,慈祥,cixiang,形,7,7-9,{},false,false,false,
6060,雌性,cíxìng,1,雌性,cixing,名,7,7-9,{},false,false,false,
6061,此起彼伏,cǐqǐ-bǐfú,1,此起彼伏,ciqibifu,,7,7-9,{},false,false,true,
6062,此致,cǐzhì,1,此致,cizhi,动,7,7-9,{},false,false,false,
6063,赐,cì,1,赐,ci,动,7,7-9,{},false,false,false,
6064,刺耳,cì’ěr,1,刺耳,cier,形,7,7-9,{},false,false,false,
6065,刺骨,cìgǔ,1,刺骨,cigu,动,7,7-9,{},false,false,false,
6066,伺候,cìhou,1,伺候,cihou,动,7,7-9,{},false,false,false,
6067,赐教,cìjiào,1,赐教,cijiao,动,7,7-9,{},false,false,false,
6068,次品,cìpǐn,1,次品,cipin,名,7,7-9,{},false,false,false,
6069,次日,cìrì,1,次日,ciri,名,7,7-9,{},false,false,false,
6070,刺绣,cìxiù,1,刺绣,cixiu,动、名,7,7-9,{},false,false,false,
6071,次序,cìxù,1,次序,cixu,名,7,7-9,{},false,false,false,
6072,刺眼,cìyǎn,1,刺眼,ciyan,形,7,7-9,{},false,false,false,
6073,次要,cìyào,1,次要,ciyao,形,7,7-9,{},false,false,false,
6074,葱,cōng,1,葱,cong,名,7,7-9,{},false,false,false,
6075,丛,cóng,1,丛,cong,量,7,7-9,{},false,false,false,
6076,丛林,cónglín,1,丛林,conglin,名,7,7-9,{},false,false,false,
6077,从容,cóngróng,1,从容,congrong,形,7,7-9,{},false,false,false,
6078,从容不迫,cóngróng-búpò,1,从容不迫,congrongbupo,,7,7-9,{},false,false,true,
6079,从头,cóngtóu,1,从头,congtou,副,7,7-9,{},false,false,false,
6080,凑,còu,1,凑,cou,动,7,7-9,{},false,false,false,
6081,凑合,còuhe,1,凑合,couhe,动,7,7-9,{},false,false,false,
6082,凑巧,còuqiǎo,1,凑巧,couqiao,形,7,7-9,{},false,false,false,
6083,粗暴,cūbào,1,粗暴,cubao,形,7,7-9,{},false,false,false,
6084,粗糙,cūcāo,1,粗糙,cucao,形,7,7-9,{},false,false,false,
6085,粗鲁,cūlǔ,1,粗鲁,culu,形,7,7-9,{},false,false,false,
6086,粗略,cūlüè,1,粗略,culue,形,7,7-9,{},false,false,false,
6087,粗心大意,cūxīn-dàyì,1,粗心大意,cuxindayi,,7,7-9,{},false,false,true,
6088,促成,cùchéng,1,促成,cucheng,动,7,7-9,{},false,false,false,
6089,簇拥,cùyōng,1,簇拥,cuyong,动,7,7-9,{},false,false,false,
6090,窜,cuàn,1,窜,cuan,动,7,7-9,{},false,false,false,
6091,摧残,cuīcán,1,摧残,cuican,动,7,7-9,{},false,false,false,
6092,催促,cuīcù,1,催促,cuicu,动,7,7-9,{},false,false,false,
6093,摧毁,cuīhuǐ,1,摧毁,cuihui,动,7,7-9,{},false,false,false,
6094,催眠,cuīmián,1,催眠,cuimian,动,7,7-9,{},false,false,false,
6095,璀璨,cuǐcàn,1,璀璨,cuican,形,7,7-9,{},false,false,false,
6096,翠绿,cuìlǜ,1,翠绿,cuilu,形,7,7-9,{},false,false,false,
6097,存活,cúnhuó,1,存活,cunhuo,动,7,7-9,{},false,false,false,
6098,存货,cúnhuò,1,存货,cunhuo,动、名,7,7-9,{},false,false,false,
6099,存心,cúnxīn,1,存心,cunxin,动、副,7,7-9,{},false,false,false,
6100,存折,cúnzhé,1,存折,cunzhe,名,7,7-9,{},false,false,false,
6101,搓,cuō,1,搓,cuo,动,7,7-9,{},false,false,false,
6102,磋商,cuōshāng,1,磋商,cuoshang,动,7,7-9,{},false,false,false,
6103,挫败,cuòbài,1,挫败,cuobai,动,7,7-9,{},false,false,false,
6104,错别字,cuòbiézì,1,错别字,cuobiezi,名,7,7-9,{},false,false,false,
6105,错觉,cuòjué,1,错觉,cuojue,名,7,7-9,{},false,false,false,
6106,措手不及,cuòshǒu-bùjí,1,措手不及,cuoshoubuji,,7,7-9,{},false,false,true,
6107,错位,cuòwèi,1,错位,cuowei,动,7,7-9,{},false,false,false,
6108,错综复杂,cuòzōng-fùzá,1,错综复杂,cuozongfuza,,7,7-9,{},false,false,true,
6109,搭乘,dāchéng,1,搭乘,dacheng,动,7,7-9,{},false,false,false,
6110,搭档,dādàng,1,搭档,dadang,动、名,7,7-9,{},false,false,false,
6111,搭建,dājiàn,1,搭建,dajian,动,7,7-9,{},false,false,false,
6112,答辩,dábiàn,1,答辩,dabian,动,7,7-9,{},false,false,false,
6113,达标,dábiāo,1,达标,dabiao,动,7,7-9,{},false,false,false,
6114,打,dǎ,2,打2,da,介,7,7-9,{},true,false,false,
6115,打喷嚏,dǎ pēntì,1,打喷嚏,dapenti,,7,7-9,{},false,false,true,
6116,打下手,dǎ xiàshǒu,1,打下手,daxiashou,,7,7-9,{},false,false,true,
6117,打岔,dǎchà,1,打岔,dacha,动,7,7-9,{},false,false,false,
6118,打倒,dǎdǎo,1,打倒,dadao,动,7,7-9,{},false,false,false,
6119,打赌,dǎdǔ,1,打赌,dadu,动,7,7-9,{},false,false,false,
6120,打盹儿,dǎdǔnr,1,打盹儿,dadunr,动,7,7-9,{},false,false,false,
6121,打发,dǎfa,1,打发,dafa,动,7,7-9,{},false,false,false,
6122,打搅,dǎjiǎo,1,打搅,dajiao,动,7,7-9,{},false,false,false,
6123,打捞,dǎlāo,1,打捞,dalao,动,7,7-9,{},false,false,false,
6124,打量,dǎliang,1,打量,daliang,动,7,7-9,{},false,false,false,
6125,打猎,dǎliè,1,打猎,dalie,动,7,7-9,{},false,false,false,
6126,打磨,dǎmó,1,打磨,damo,动,7,7-9,{},false,false,false,
6127,打消,dǎxiāo,1,打消,daxiao,动,7,7-9,{},false,false,false,
6128,大不了,dàbuliǎo,1,大不了,dabuliao,形、副,7,7-9,{},false,false,false,
6129,大大咧咧,dàdaliēliē,1,大大咧咧,dadalielie,形,7,7-9,{},false,false,false,
6130,大纲,dàgāng,1,大纲,dagang,名,7,7-9,{},false,false,false,
6131,大公无私,dàgōng-wúsī,1,大公无私,dagongwusi,,7,7-9,{},false,false,true,
6132,大街小巷,dàjiē-xiǎoxiàng,1,大街小巷,dajiexiaoxiang,,7,7-9,{},false,false,true,
6133,大惊小怪,dàjīng-xiǎoguài,1,大惊小怪,dajingxiaoguai,,7,7-9,{},false,false,true,
6134,大局,dàjú,1,大局,daju,名,7,7-9,{},false,false,false,
6135,大陆,dàlù,1,大陆,dalu,名,7,7-9,{},false,false,false,
6136,大名鼎鼎,dàmíng-dǐngdǐng,1,大名鼎鼎,damingdingding,,7,7-9,{},false,false,true,
6137,大片,dàpiàn,1,大片,dapian,名,7,7-9,{},false,false,false,
6138,大气,dàqì,1,大气,daqi,名、形,7,7-9,{},false,false,false,
6139,大数据,dàshùjù,1,大数据,dashuju,名,7,7-9,{},false,false,false,
6140,大肆,dàsì,1,大肆,dasi,副,7,7-9,{},false,false,false,
6141,大体,dàtǐ,1,大体,dati,名、副,7,7-9,{},false,false,false,
6142,大同小异,dàtóng-xiǎoyì,1,大同小异,datongxiaoyi,,7,7-9,{},false,false,true,
6143,大为,dàwéi,1,大为,dawei,副,7,7-9,{},false,false,false,
6144,大雁,dàyàn,1,大雁,dayan,名,7,7-9,{},false,false,false,
6145,大意,dàyi,1,大意,dayi,形,7,7-9,{},true,true,false,
6146,大意,dàyì,1,大意,dayi,名,7,7-9,{},true,true,false,
6147,大有可为,dàyǒu-kěwéi,1,大有可为,dayoukewei,,7,7-9,{},false,false,true,
6148,大宗,dàzōng,1,大宗,dazong,形、名,7,7-9,{},false,false,false,
6149,逮,dǎi,1,逮,dai,动,7,7-9,{},false,false,false,
6150,歹徒,dǎitú,1,歹徒,daitu,名,7,7-9,{},false,false,false,
6151,逮捕,dàibǔ,1,逮捕,daibu,动,7,7-9,{},false,false,false,
6152,带队,dàiduì,1,带队,daidui,动,7,7-9,{},false,false,false,
6153,怠工,dàigōng,1,怠工,daigong,动,7,7-9,{},false,false,false,
6154,代号,dàihào,1,代号,daihao,名,7,7-9,{},false,false,false,
6155,代理人,dàilǐrén,1,代理人,dailiren,名,7,7-9,{},false,false,false,
6156,带路,dàilù,1,带路,dailu,动,7,7-9,{},false,false,false,
6157,怠慢,dàimàn,1,怠慢,daiman,动,7,7-9,{},false,false,false,
6158,带头,dàitóu,1,带头,daitou,动,7,7-9,{},false,false,false,
6159,代言,dàiyán,1,代言,daiyan,动,7,7-9,{},false,false,false,
6160,担,dān,1,担,dan,动,7,7-9,{},true,true,false,
6161,担保,dānbǎo,1,担保,danbao,动,7,7-9,{},false,false,false,
6162,单边,dānbiān,1,单边,danbian,形,7,7-9,{},false,false,false,
6163,单薄,dānbó,1,单薄,danbo,形,7,7-9,{},false,false,false,
6164,担当,dāndāng,1,担当,dandang,动,7,7-9,{},false,false,false,
6165,单方面,dānfāngmiàn,1,单方面,danfangmian,名,7,7-9,{},false,false,false,
6166,担负,dānfù,1,担负,danfu,动,7,7-9,{},false,false,false,
6167,耽搁,dānge,1,耽搁,dange,动,7,7-9,{},false,false,false,
6168,单价,dānjià,1,单价,danjia,名,7,7-9,{},false,false,false,
6169,单身,dānshēn,1,单身,danshen,动、名、副,7,7-9,{},false,false,false,
6170,胆量,dǎnliàng,1,胆量,danliang,名,7,7-9,{},false,false,false,
6171,胆怯,dǎnqiè,1,胆怯,danqie,形,7,7-9,{},false,false,false,
6172,胆小鬼,dǎnxiǎoguǐ,1,胆小鬼,danxiaogui,名,7,7-9,{},false,false,false,
6173,担,dàn,1,担,dan,名、量,7,7-9,{},true,true,false,
6174,诞辰,dànchén,1,诞辰,danchen,名,7,7-9,{},false,false,false,
6175,淡化,dànhuà,1,淡化,danhua,动,7,7-9,{},false,false,false,
6176,淡季,dànjì,1,淡季,danji,名,7,7-9,{},false,false,false,
6177,淡水,dànshuǐ,1,淡水,danshui,名,7,7-9,{},false,false,false,
6178,但愿,dànyuàn,1,但愿,danyuan,动,7,7-9,{},false,false,false,
6179,担子,dànzi,1,担子,danzi,名,7,7-9,{},false,false,false,
6180,当即,dāngjí,1,当即,dangji,副,7,7-9,{},false,false,false,
6181,当机立断,dāngjī-lìduàn,1,当机立断,dangjiliduan,,7,7-9,{},false,false,true,
6182,当日,dāngrì,1,当日,dangri,名,7,7-9,{},false,false,false,
6183,当事人,dāngshìrén,1,当事人,dangshiren,名,7,7-9,{},false,false,false,
6184,当务之急,dāngwùzhījí,1,当务之急,dangwuzhiji,,7,7-9,{},false,false,true,
6185,当心,dāngxīn,1,当心,dangxin,动,7,7-9,{},false,false,false,
6186,当之无愧,dāngzhīwúkuì,1,当之无愧,dangzhiwukui,,7,7-9,{},false,false,true,
6187,当众,dāngzhòng,1,当众,dangzhong,副,7,7-9,{},false,false,false,
6188,党,dǎng,1,党,dang,名,7,7-9,{},false,false,false,
6189,档次,dàngcì,1,档次,dangci,名,7,7-9,{},false,false,false,
6190,当晚,dàngwǎn,1,当晚,dangwan,名,7,7-9,{},false,false,false,
6191,荡漾,dàngyàng,1,荡漾,dangyang,动,7,7-9,{},false,false,false,
6192,当真,dàngzhēn,1,当真,dangzhen,动、副,7,7-9,{},false,false,false,
6193,导弹,dǎodàn,1,导弹,daodan,名,7,7-9,{},false,false,false,
6194,导航,dǎoháng,1,导航,daohang,动,7,7-9,{},false,false,false,
6195,导火索,dǎohuǒsuǒ,1,导火索,daohuosuo,名,7,7-9,{},false,false,false,
6196,捣乱,dǎoluàn,1,捣乱,daoluan,动,7,7-9,{},false,false,false,
6197,倒霉,dǎoméi,1,倒霉,daomei,形,7,7-9,{},false,false,false,
6198,倒塌,dǎotā,1,倒塌,daota,动,7,7-9,{},false,false,false,
6199,导向,dǎoxiàng,1,导向,daoxiang,动、名,7,7-9,{},false,false,false,
6200,岛屿,dǎoyǔ,1,岛屿,daoyu,名,7,7-9,{},false,false,false,
6201,盗,dào,1,盗,dao,动,7,7-9,{},false,false,false,
6202,盗版,dàobǎn,1,盗版,daoban,动、名,7,7-9,{},false,false,false,
6203,道别,dàobié,1,道别,daobie,动,7,7-9,{},false,false,false,
6204,稻草,dàocǎo,1,稻草,daocao,名,7,7-9,{},false,false,false,
6205,倒计时,dàojìshí,1,倒计时,daojishi,动,7,7-9,{},false,false,false,
6206,道具,dàojù,1,道具,daoju,名,7,7-9,{},false,false,false,
6207,悼念,dàoniàn,1,悼念,daonian,动,7,7-9,{},false,false,false,
6208,盗窃,dàoqiè,1,盗窃,daoqie,动,7,7-9,{},false,false,false,
6209,倒数,dàoshǔ,1,倒数,daoshu,动,7,7-9,{},false,false,false,
6210,到头来,dàotóulái,1,到头来,daotoulai,副,7,7-9,{},false,false,false,
6211,倒退,dàotuì,1,倒退,daotui,动,7,7-9,{},false,false,false,
6212,到位,dàowèi,1,到位,daowei,动、形,7,7-9,{},false,false,false,
6213,得不偿失,débùchángshī,1,得不偿失,debuchangshi,,7,7-9,{},false,false,true,
6214,德才兼备,décái-jiānbèi,1,德才兼备,decaijianbei,,7,7-9,{},false,false,true,
6215,得当,dédàng,1,得当,dedang,形,7,7-9,{},false,false,false,
6216,得力,délì,1,得力,deli,形,7,7-9,{},false,false,false,
6217,得失,déshī,1,得失,deshi,名,7,7-9,{},false,false,false,
6218,得手,déshǒu,1,得手,deshou,形,7,7-9,{},false,false,false,
6219,得体,détǐ,1,得体,deti,形,7,7-9,{},false,false,false,
6220,得天独厚,détiāndúhòu,1,得天独厚,detianduhou,,7,7-9,{},false,false,true,
6221,得心应手,déxīn-yìngshǒu,1,得心应手,dexinyingshou,,7,7-9,{},false,false,true,
6222,得益,déyì,1,得益,deyi,动,7,7-9,{},false,false,false,
6223,得意扬扬,déyì-yángyáng,1,得意扬扬,deyiyangyang,,7,7-9,{},false,false,true,
6224,得罪,dézuì,1,得罪,dezui,动,7,7-9,{},false,false,false,
6225,蹬,dēng,1,蹬,deng,动,7,7-9,{},false,false,false,
6226,登场,dēngchǎng,1,登场,dengchang,动,7,7-9,{},false,false,false,
6227,登顶,dēngdǐng,1,登顶,dengding,动,7,7-9,{},false,false,false,
6228,登陆,dēnglù,1,登陆,denglu,动,7,7-9,{},false,false,false,
6229,灯泡,dēngpào,1,灯泡,dengpao,名,7,7-9,{},false,false,false,
6230,瞪,dèng,1,瞪,deng,动,7,7-9,{},false,false,false,
6231,凳子,dèngzi,1,凳子,dengzi,名,7,7-9,{},false,false,false,
6232,堤,dī,1,堤,di,名,7,7-9,{},false,false,false,
6233,堤坝,dībà,1,堤坝,diba,名,7,7-9,{},false,false,false,
6234,低调,dīdiào,1,低调,didiao,名、形,7,7-9,{},false,false,false,
6235,提防,dīfang,1,提防,difang,动,7,7-9,{},false,false,false,
6236,低谷,dīgǔ,1,低谷,digu,名,7,7-9,{},false,false,false,
6237,低估,dīgū,1,低估,digu,动,7,7-9,{},false,false,false,
6238,低落,dīluò,1,低落,diluo,形,7,7-9,{},false,false,false,
6239,低迷,dīmí,1,低迷,dimi,形,7,7-9,{},false,false,false,
6240,低下,dīxià,1,低下,dixia,形,7,7-9,{},false,false,false,
6241,嘀咕,dígu,1,嘀咕,digu,动,7,7-9,{},false,false,false,
6242,敌视,díshì,1,敌视,dishi,动,7,7-9,{},false,false,false,
6243,笛子,dízi,1,笛子,dizi,名,7,7-9,{},false,false,false,
6244,抵,dǐ,1,抵,di,动,7,7-9,{},false,false,false,
6245,底层,dǐcéng,1,底层,diceng,名,7,7-9,{},false,false,false,
6246,抵触,dǐchù,1,抵触,dichu,动,7,7-9,{},false,false,false,
6247,抵挡,dǐdǎng,1,抵挡,didang,动,7,7-9,{},false,false,false,
6248,底线,dǐxiàn,1,底线,dixian,名,7,7-9,{},false,false,false,
6249,抵消,dǐxiāo,1,抵消,dixiao,动,7,7-9,{},false,false,false,
6250,抵押,dǐyā,1,抵押,diya,动,7,7-9,{},false,false,false,
6251,抵御,dǐyù,1,抵御,diyu,动,7,7-9,{},false,false,false,
6252,底蕴,dǐyùn,1,底蕴,diyun,名,7,7-9,{},false,false,false,
6253,抵制,dǐzhì,1,抵制,dizhi,动,7,7-9,{},false,false,false,
6254,底子,dǐzi,1,底子,dizi,名,7,7-9,{},false,false,false,
6255,地板,dìbǎn,1,地板,diban,名,7,7-9,{},false,false,false,
6256,地步,dìbù,1,地步,dibu,名,7,7-9,{},false,false,false,
6257,地带,dìdài,1,地带,didai,名,7,7-9,{},false,false,false,
6258,地道,dìdào,1,地道,didao,名,7,7-9,{},true,true,false,
6259,地段,dìduàn,1,地段,diduan,名,7,7-9,{},false,false,false,
6260,帝国,dìguó,1,帝国,diguo,名,7,7-9,{},false,false,false,
6261,递交,dìjiāo,1,递交,dijiao,动,7,7-9,{},false,false,false,
6262,地势,dìshì,1,地势,dishi,名,7,7-9,{},false,false,false,
6263,地毯,dìtǎn,1,地毯,ditan,名,7,7-9,{},false,false,false,
6264,地下水,dìxiàshuǐ,1,地下水,dixiashui,名,7,7-9,{},false,false,false,
6265,第一手,dìyīshǒu,1,第一手,diyishou,形,7,7-9,{},false,false,false,
6266,地狱,dìyù,1,地狱,diyu,名,7,7-9,{},false,false,false,
6267,递增,dìzēng,1,递增,dizeng,动,7,7-9,{},false,false,false,
6268,弟子,dìzǐ,1,弟子,dizi,名,7,7-9,{},false,false,false,
6269,颠簸,diānbǒ,1,颠簸,dianbo,动,7,7-9,{},false,false,false,
6270,颠倒,diāndǎo,1,颠倒,diandao,动,7,7-9,{},false,false,false,
6271,颠倒黑白,diāndǎo-hēibái,1,颠倒黑白,diandaoheibai,,7,7-9,{},false,false,true,
6272,巅峰,diānfēng,1,巅峰,dianfeng,名,7,7-9,{},false,false,false,
6273,颠覆,diānfù,1,颠覆,dianfu,动,7,7-9,{},false,false,false,
6274,典范,diǎnfàn,1,典范,dianfan,名,7,7-9,{},false,false,false,
6275,点火,diǎnhuǒ,1,点火,dianhuo,动,7,7-9,{},false,false,false,
6276,点评,diǎnpíng,1,点评,dianping,动、名,7,7-9,{},false,false,false,
6277,点缀,diǎnzhuì,1,点缀,dianzhui,动,7,7-9,{},false,false,false,
6278,点子,diǎnzi,1,点子,dianzi,名,7,7-9,{},false,false,false,
6279,垫,diàn,1,垫,dian,动、名,7,7-9,{},false,false,false,
6280,垫底,diàndǐ,1,垫底,diandi,动,7,7-9,{},false,false,false,
6281,奠定,diàndìng,1,奠定,dianding,动,7,7-9,{},false,false,false,
6282,淀粉,diànfěn,1,淀粉,dianfen,名,7,7-9,{},false,false,false,
6283,惦记,diànjì,1,惦记,dianji,动,7,7-9,{},false,false,false,
6284,电台,diàntái,1,电台,diantai,名,7,7-9,{},false,false,false,
6285,殿堂,diàntáng,1,殿堂,diantang,名,7,7-9,{},false,false,false,
6286,电网,diànwǎng,1,电网,dianwang,名,7,7-9,{},false,false,false,
6287,电线,diànxiàn,1,电线,dianxian,名,7,7-9,{},false,false,false,
6288,电信,diànxìn,1,电信,dianxin,名,7,7-9,{},false,false,false,
6289,电讯,diànxùn,1,电讯,dianxun,名,7,7-9,{},false,false,false,
6290,垫子,diànzi,1,垫子,dianzi,名,7,7-9,{},false,false,false,
6291,叼,diāo,1,叼,diao,动,7,7-9,{},false,false,false,
6292,雕,diāo,1,雕,diao,动,7,7-9,{},false,false,false,
6293,雕刻,diāokè,1,雕刻,diaoke,动、名,7,7-9,{},false,false,false,
6294,刁难,diāonàn,1,刁难,diaonan,动,7,7-9,{},false,false,false,
6295,雕塑,diāosù,1,雕塑,diaosu,动、名,7,7-9,{},false,false,false,
6296,雕像,diāoxiàng,1,雕像,diaoxiang,名,7,7-9,{},false,false,false,
6297,凋谢,diāoxiè,1,凋谢,diaoxie,动,7,7-9,{},false,false,false,
6298,调,diào,2,调2,diao,名,7,7-9,{},true,true,false,
6299,调度,diàodù,1,调度,diaodu,动、名,7,7-9,{},false,false,false,
6300,掉队,diàoduì,1,掉队,diaodui,动,7,7-9,{},false,false,false,
6301,掉头,diàotóu,1,掉头,diaotou,动,7,7-9,{},false,false,false,
6302,吊销,diàoxiāo,1,吊销,diaoxiao,动,7,7-9,{},false,false,false,
6303,爹,diē,1,爹,die,名,7,7-9,{},false,false,false,
6304,跌幅,diēfú,1,跌幅,diefu,名,7,7-9,{},false,false,false,
6305,叠,dié,1,叠,die,动,7,7-9,{},false,false,false,
6306,碟,dié,1,碟,die,名,7,7-9,{},false,false,false,
6307,迭起,diéqǐ,1,迭起,dieqi,动,7,7-9,{},false,false,false,
6308,丁,dīng,1,丁,ding,名,7,7-9,{},false,false,false,
6309,盯,dīng,1,盯,ding,动,7,7-9,{},false,false,false,
6310,叮嘱,dīngzhǔ,1,叮嘱,dingzhu,动,7,7-9,{},false,false,false,
6311,钉子,dīngzi,1,钉子,dingzi,名,7,7-9,{},false,false,false,
6312,顶多,dǐngduō,1,顶多,dingduo,副,7,7-9,{},false,false,false,
6313,顶级,dǐngjí,1,顶级,dingji,形,7,7-9,{},false,false,false,
6314,顶尖,dǐngjiān,1,顶尖,dingjian,名、形,7,7-9,{},false,false,false,
6315,钉,dìng,1,钉,ding,动,7,7-9,{},false,false,false,
6316,订购,dìnggòu,1,订购,dinggou,动,7,7-9,{},false,false,false,
6317,定金,dìngjīn,1,定金,dingjin,名,7,7-9,{},false,false,false,
6318,定居,dìngjū,1,定居,dingju,动,7,7-9,{},false,false,false,
6319,订立,dìnglì,1,订立,dingli,动,7,7-9,{},false,false,false,
6320,定律,dìnglǜ,1,定律,dinglu,名,7,7-9,{},false,false,false,
6321,定论,dìnglùn,1,定论,dinglun,名,7,7-9,{},false,false,false,
6322,定向,dìngxiàng,1,定向,dingxiang,动,7,7-9,{},false,false,false,
6323,定心丸,dìngxīnwán,1,定心丸,dingxinwan,名,7,7-9,{},false,false,false,
6324,订阅,dìngyuè,1,订阅,dingyue,动,7,7-9,{},false,false,false,
6325,定做,dìngzuò,1,定做,dingzuo,动,7,7-9,{},false,false,false,
6326,丢脸,diūliǎn,1,丢脸,diulian,动,7,7-9,{},false,false,false,
6327,丢弃,diūqì,1,丢弃,diuqi,动,7,7-9,{},false,false,false,
6328,丢人,diūrén,1,丢人,diuren,动,7,7-9,{},false,false,false,
6329,丢三落四,diūsān-làsì,1,丢三落四,diusanlasi,,7,7-9,{},false,false,true,
6330,东奔西走,dōngbēn-xīzǒu,1,东奔西走,dongbenxizou,,7,7-9,{},false,false,true,
6331,东道主,dōngdàozhǔ,1,东道主,dongdaozhu,名,7,7-9,{},false,false,false,
6332,东张西望,dōngzhāng-xīwàng,1,东张西望,dongzhangxiwang,,7,7-9,{},false,false,true,
6333,董事,dǒngshì,1,董事,dongshi,名,7,7-9,{},false,false,false,
6334,懂事,dǒngshì,1,懂事,dongshi,形,7,7-9,{},false,false,false,
6335,董事会,dǒngshìhuì,1,董事会,dongshihui,名,7,7-9,{},false,false,false,
6336,董事长,dǒngshìzhǎng,1,董事长,dongshizhang,名,7,7-9,{},false,false,false,
6337,动不动,dòngbudòng,1,动不动,dongbudong,副,7,7-9,{},false,false,false,
6338,动荡,dòngdàng,1,动荡,dongdang,动、形,7,7-9,{},false,false,false,
6339,动感,dònggǎn,1,动感,donggan,名,7,7-9,{},false,false,false,
6340,动工,dònggōng,1,动工,donggong,动,7,7-9,{},false,false,false,
6341,冻结,dòngjié,1,冻结,dongjie,动,7,7-9,{},false,false,false,
6342,动静,dòngjing,1,动静,dongjing,名,7,7-9,{},false,false,false,
6343,栋梁,dòngliáng,1,栋梁,dongliang,名,7,7-9,{},false,false,false,
6344,动脉,dòngmài,1,动脉,dongmai,名,7,7-9,{},false,false,false,
6345,动身,dòngshēn,1,动身,dongshen,动,7,7-9,{},false,false,false,
6346,动弹,dòngtan,1,动弹,dongtan,动,7,7-9,{},false,false,false,
6347,动向,dòngxiàng,1,动向,dongxiang,名,7,7-9,{},false,false,false,
6348,洞穴,dòngxué,1,洞穴,dongxue,名,7,7-9,{},false,false,false,
6349,动摇,dòngyáo,1,动摇,dongyao,形、动,7,7-9,{},false,false,false,
6350,动用,dòngyòng,1,动用,dongyong,动,7,7-9,{},false,false,false,
6351,动员,dòngyuán,1,动员,dongyuan,动,7,7-9,{},false,false,false,
6352,兜,dōu,1,兜,dou,名、动,7,7-9,{},false,false,false,
6353,兜售,dōushòu,1,兜售,doushou,动,7,7-9,{},false,false,false,
6354,抖,dǒu,1,抖,dou,动,7,7-9,{},false,false,false,
6355,陡,dǒu,1,陡,dou,形,7,7-9,{},false,false,false,
6356,陡峭,dǒuqiào,1,陡峭,douqiao,形,7,7-9,{},false,false,false,
6357,斗,dòu,1,斗,dou,动,7,7-9,{},false,false,false,
6358,逗留,dòuliú,1,逗留,douliu,动,7,7-9,{},false,false,false,
6359,斗志,dòuzhì,1,斗志,douzhi,名,7,7-9,{},false,false,false,
6360,豆子,dòuzi,1,豆子,douzi,名,7,7-9,{},false,false,false,
6361,督促,dūcù,1,督促,ducu,动,7,7-9,{},false,false,false,
6362,都会,dūhuì,1,都会,duhui,名,7,7-9,{},false,false,false,
6363,独,dú,1,独,du,副,7,7-9,{},false,false,false,
6364,独家,dújiā,1,独家,dujia,名,7,7-9,{},false,false,false,
6365,毒品,dúpǐn,1,毒品,dupin,名,7,7-9,{},false,false,false,
6366,独身,dúshēn,1,独身,dushen,动,7,7-9,{},false,false,false,
6367,读物,dúwù,1,读物,duwu,名,7,7-9,{},false,false,false,
6368,独一无二,dúyī-wú’èr,1,独一无二,duyiwuer,,7,7-9,{},false,false,true,
6369,赌,dǔ,1,赌,du,动,7,7-9,{},false,false,false,
6370,赌博,dǔbó,1,赌博,dubo,动,7,7-9,{},false,false,false,
6371,堵塞,dǔsè,1,堵塞,duse,动,7,7-9,{},false,false,false,
6372,杜绝,dùjué,1,杜绝,dujue,动,7,7-9,{},false,false,false,
6373,端正,duānzhèng,1,端正,duanzheng,形、动,7,7-9,{},false,false,false,
6374,短暂,duǎnzàn,1,短暂,duanzan,形,7,7-9,{},false,false,false,
6375,断定,duàndìng,1,断定,duanding,动,7,7-9,{},false,false,false,
6376,断断续续,duànduànxùxù,1,断断续续,duanduanxuxu,形,7,7-9,{},false,false,false,
6377,断绝,duànjué,1,断绝,duanjue,动,7,7-9,{},false,false,false,
6378,断裂,duànliè,1,断裂,duanlie,动,7,7-9,{},false,false,false,
6379,段落,duànluò,1,段落,duanluo,名,7,7-9,{},false,false,false,
6380,断然,duànrán,1,断然,duanran,形、副,7,7-9,{},false,false,false,
6381,断章取义,duànzhāng-qǔyì,1,断章取义,duanzhangquyi,,7,7-9,{},false,false,true,
6382,堆积,duījī,1,堆积,duiji,动,7,7-9,{},false,false,false,
6383,堆砌,duīqì,1,堆砌,duiqi,动,7,7-9,{},false,false,false,
6384,兑,duì,1,兑,dui,动,7,7-9,{},false,false,false,
6385,对岸,duì’àn,1,对岸,duian,名,7,7-9,{},false,false,false,
6386,对白,duìbái,1,对白,duibai,名,7,7-9,{},false,false,false,
6387,对策,duìcè,1,对策,duice,名,7,7-9,{},false,false,false,
6388,对得起,duìdeqǐ,1,对得起,duideqi,动,7,7-9,{},false,false,false,
6389,对付,duìfu,1,对付,duifu,动,7,7-9,{},false,false,false,
6390,兑换,duìhuàn,1,兑换,duihuan,动,7,7-9,{},false,false,false,
6391,对联,duìlián,1,对联,duilian,名,7,7-9,{},false,false,false,
6392,对流,duìliú,1,对流,duiliu,动,7,7-9,{},false,false,false,
6393,对牛弹琴,duìniú-tánqín,1,对牛弹琴,duiniutanqin,,7,7-9,{},false,false,true,
6394,兑现,duìxiàn,1,兑现,duixian,动,7,7-9,{},false,false,false,
6395,队形,duìxíng,1,队形,duixing,名,7,7-9,{},false,false,false,
6396,对弈,duìyì,1,对弈,duiyi,动,7,7-9,{},false,false,false,
6397,对照,duìzhào,1,对照,duizhao,动,7,7-9,{},false,false,false,
6398,对症下药,duìzhèng-xiàyào,1,对症下药,duizhengxiayao,,7,7-9,{},false,false,true,
6399,对峙,duìzhì,1,对峙,duizhi,动,7,7-9,{},false,false,false,
6400,敦促,dūncù,1,敦促,duncu,动,7,7-9,{},false,false,false,
6401,敦厚,dūnhòu,1,敦厚,dunhou,形,7,7-9,{},false,false,false,
6402,炖,dùn,1,炖,dun,动,7,7-9,{},false,false,false,
6403,多年来,duō nián lái,1,多年来,duonianlai,,7,7-9,{},false,false,true,
6404,多半,duōbàn,1,多半,duoban,数、副,7,7-9,{},false,false,false,
6405,多边,duōbiān,1,多边,duobian,形,7,7-9,{},false,false,false,
6406,哆嗦,duōsuo,1,哆嗦,duosuo,动,7,7-9,{},false,false,false,
6407,多心,duōxīn,1,多心,duoxin,动,7,7-9,{},false,false,false,
6408,夺冠,duóguàn,1,夺冠,duoguan,动,7,7-9,{},false,false,false,
6409,夺魁,duókuí,1,夺魁,duokui,动,7,7-9,{},false,false,false,
6410,堕落,duòluò,1,堕落,duoluo,动,7,7-9,{},false,false,false,
6411,鹅,é,1,鹅,e,名,7,7-9,{},false,false,false,
6412,额度,édù,1,额度,edu,名,7,7-9,{},false,false,false,
6413,额外,éwài,1,额外,ewai,形,7,7-9,{},false,false,false,
6414,讹诈,ézhà,1,讹诈,ezha,动,7,7-9,{},false,false,false,
6415,恶,è,1,恶,e,形,7,7-9,{},false,false,false,
6416,噩耗,èhào,1,噩耗,ehao,名,7,7-9,{},false,false,false,
6417,恶化,èhuà,1,恶化,ehua,动,7,7-9,{},false,false,false,
6418,恶性,èxìng,1,恶性,exing,形,7,7-9,{},false,false,false,
6419,恶意,èyì,1,恶意,eyi,名,7,7-9,{},false,false,false,
6420,鳄鱼,èyú,1,鳄鱼,eyu,名,7,7-9,{},false,false,false,
6421,厄运,èyùn,1,厄运,eyun,名,7,7-9,{},false,false,false,
6422,遏制,èzhì,1,遏制,ezhi,动,7,7-9,{},false,false,false,
6423,恶作剧,èzuòjù,1,恶作剧,ezuoju,动、名,7,7-9,{},false,false,false,
6424,恩爱,ēn’ài,1,恩爱,enai,形,7,7-9,{},false,false,false,
6425,恩情,ēnqíng,1,恩情,enqing,名,7,7-9,{},false,false,false,
6426,恩人,ēnrén,1,恩人,enren,名,7,7-9,{},false,false,false,
6427,恩怨,ēnyuàn,1,恩怨,enyuan,名,7,7-9,{},false,false,false,
6428,而已,éryǐ,1,而已,eryi,助,7,7-9,{},false,false,false,
6429,耳光,ěrguāng,1,耳光,erguang,名,7,7-9,{},false,false,false,
6430,耳目一新,ěrmù-yìxīn,1,耳目一新,ermuyixin,,7,7-9,{},false,false,true,
6431,耳熟能详,ěrshú-néngxiáng,1,耳熟能详,ershunengxiang,,7,7-9,{},false,false,true,
6432,发财,fācái,1,发财,facai,动,7,7-9,{},false,false,false,
6433,发呆,fādāi,1,发呆,fadai,动,7,7-9,{},false,false,false,
6434,发抖,fādǒu,1,发抖,fadou,动,7,7-9,{},false,false,false,
6435,发火,fāhuǒ,1,发火,fahuo,动,7,7-9,{},false,false,false,
6436,发酵,fājiào,1,发酵,fajiao,动,7,7-9,{},false,false,false,
6437,发觉,fājué,1,发觉,fajue,动,7,7-9,{},false,false,false,
6438,发掘,fājué,1,发掘,fajue,动,7,7-9,{},false,false,false,
6439,发愣,fālèng,1,发愣,faleng,动,7,7-9,{},false,false,false,
6440,发怒,fānù,1,发怒,fanu,动,7,7-9,{},false,false,false,
6441,发热,fārè,1,发热,fare,动,7,7-9,{},false,false,false,
6442,发射,fāshè,1,发射,fashe,动,7,7-9,{},false,false,false,
6443,发誓,fāshì,1,发誓,fashi,动,7,7-9,{},false,false,false,
6444,发泄,fāxiè,1,发泄,faxie,动,7,7-9,{},false,false,false,
6445,发芽,fāyá,1,发芽,faya,动,7,7-9,{},false,false,false,
6446,发扬,fāyáng,1,发扬,fayang,动,7,7-9,{},false,false,false,
6447,发扬光大,fāyáng-guāngdà,1,发扬光大,fayangguangda,,7,7-9,{},false,false,true,
6448,发言人,fāyánrén,1,发言人,fayanren,名,7,7-9,{},false,false,false,
6449,发源,fāyuán,1,发源,fayuan,动,7,7-9,{},false,false,false,
6450,发源地,fāyuándì,1,发源地,fayuandi,名,7,7-9,{},false,false,false,
6451,发作,fāzuò,1,发作,fazuo,动,7,7-9,{},false,false,false,
6452,乏力,fálì,1,乏力,fali,形、动,7,7-9,{},false,false,false,
6453,阀门,fámén,1,阀门,famen,名,7,7-9,{},false,false,false,
6454,法人,fǎrén,1,法人,faren,名,7,7-9,{},false,false,false,
6455,法庭,fǎtíng,1,法庭,fating,名,7,7-9,{},false,false,false,
6456,法则,fǎzé,1,法则,faze,名,7,7-9,{},false,false,false,
6457,法制,fǎzhì,1,法制,fazhi,名,7,7-9,{},false,false,false,
6458,法治,fǎzhì,1,法治,fazhi,名、动,7,7-9,{},false,false,false,
6459,发型,fàxíng,1,发型,faxing,名,7,7-9,{},false,false,false,
6460,帆,fān,1,帆,fan,名,7,7-9,{},false,false,false,
6461,帆船,fānchuán,1,帆船,fanchuan,名,7,7-9,{},false,false,false,
6462,翻番,fānfān,1,翻番,fanfan,动,7,7-9,{},false,false,false,
6463,翻来覆去,fānlái-fùqù,1,翻来覆去,fanlaifuqu,,7,7-9,{},false,false,true,
6464,翻身,fānshēn,1,翻身,fanshen,动,7,7-9,{},false,false,false,
6465,翻天覆地,fāntiān-fùdì,1,翻天覆地,fantianfudi,,7,7-9,{},false,false,true,
6466,翻新,fānxīn,1,翻新,fanxin,动,7,7-9,{},false,false,false,
6467,繁多,fánduō,1,繁多,fanduo,形,7,7-9,{},false,false,false,
6468,繁华,fánhuá,1,繁华,fanhua,形,7,7-9,{},false,false,false,
6469,烦闷,fánmèn,1,烦闷,fanmen,形,7,7-9,{},false,false,false,
6470,繁体字,fántǐzì,1,繁体字,fantizi,名,7,7-9,{},false,false,false,
6471,繁衍,fányǎn,1,繁衍,fanyan,动,7,7-9,{},false,false,false,
6472,繁杂,fánzá,1,繁杂,fanza,形,7,7-9,{},false,false,false,
6473,烦躁,fánzào,1,烦躁,fanzao,形,7,7-9,{},false,false,false,
6474,繁重,fánzhòng,1,繁重,fanzhong,形,7,7-9,{},false,false,false,
6475,反驳,fǎnbó,1,反驳,fanbo,动,7,7-9,{},false,false,false,
6476,反差,fǎnchā,1,反差,fancha,名,7,7-9,{},false,false,false,
6477,反常,fǎncháng,1,反常,fanchang,形,7,7-9,{},false,false,false,
6478,反倒,fǎndào,1,反倒,fandao,副,7,7-9,{},false,false,false,
6479,反感,fǎngǎn,1,反感,fangan,名、形,7,7-9,{},false,false,false,
6480,返还,fǎnhuán,1,返还,fanhuan,动,7,7-9,{},false,false,false,
6481,反击,fǎnjī,1,反击,fanji,动,7,7-9,{},false,false,false,
6482,反抗,fǎnkàng,1,反抗,fankang,动,7,7-9,{},false,false,false,
6483,反面,fǎnmiàn,1,反面,fanmian,名、形,7,7-9,{},false,false,false,
6484,反射,fǎnshè,1,反射,fanshe,动,7,7-9,{},false,false,false,
6485,反弹,fǎntán,1,反弹,fantan,动,7,7-9,{},false,false,false,
6486,反问,fǎnwèn,1,反问,fanwen,动,7,7-9,{},false,false,false,
6487,反响,fǎnxiǎng,1,反响,fanxiang,名,7,7-9,{},false,false,false,
6488,反省,fǎnxǐng,1,反省,fanxing,动,7,7-9,{},false,false,false,
6489,反之,fǎnzhī,1,反之,fanzhi,连,7,7-9,{},false,false,false,
6490,犯愁,fànchóu,1,犯愁,fanchou,动,7,7-9,{},false,false,false,
6491,范畴,fànchóu,1,范畴,fanchou,名,7,7-9,{},false,false,false,
6492,犯规,fànguī,1,犯规,fangui,动,7,7-9,{},false,false,false,
6493,泛滥,fànlàn,1,泛滥,fanlan,动,7,7-9,{},false,false,false,
6494,贩卖,fànmài,1,贩卖,fanmai,动,7,7-9,{},false,false,false,
6495,饭碗,fànwǎn,1,饭碗,fanwan,名,7,7-9,{},false,false,false,
6496,犯罪,fànzuì,1,犯罪,fanzui,动,7,7-9,{},false,false,false,
6497,方向盘,fāngxiàngpán,1,方向盘,fangxiangpan,名,7,7-9,{},false,false,false,
6498,方圆,fāngyuán,1,方圆,fangyuan,名,7,7-9,{},false,false,false,
6499,方针,fāngzhēn,1,方针,fangzhen,名,7,7-9,{},false,false,false,
6500,防盗,fángdào,1,防盗,fangdao,动,7,7-9,{},false,false,false,
6501,房地产,fángdìchǎn,1,房地产,fangdichan,名,7,7-9,{},false,false,false,
6502,防范,fángfàn,1,防范,fangfan,动,7,7-9,{},false,false,false,
6503,防护,fánghù,1,防护,fanghu,动,7,7-9,{},false,false,false,
6504,防火墙,fánghuǒqiáng,1,防火墙,fanghuoqiang,名,7,7-9,{},false,false,false,
6505,防守,fángshǒu,1,防守,fangshou,动,7,7-9,{},false,false,false,
6506,防卫,fángwèi,1,防卫,fangwei,动,7,7-9,{},false,false,false,
6507,防汛,fángxùn,1,防汛,fangxun,动,7,7-9,{},false,false,false,
6508,防疫,fángyì,1,防疫,fangyi,动,7,7-9,{},false,false,false,
6509,防御,fángyù,1,防御,fangyu,动,7,7-9,{},false,false,false,
6510,仿,fǎng,1,仿,fang,动,7,7-9,{},false,false,false,
6511,仿真,fǎngzhēn,1,仿真,fangzhen,动、形,7,7-9,{},false,false,false,
6512,仿制,fǎngzhì,1,仿制,fangzhi,动,7,7-9,{},false,false,false,
6513,纺织,fǎngzhī,1,纺织,fangzhi,动,7,7-9,{},false,false,false,
6514,放过,fàngguò,1,放过,fangguo,动,7,7-9,{},false,false,false,
6515,放宽,fàngkuān,1,放宽,fangkuan,动,7,7-9,{},false,false,false,
6516,放射,fàngshè,1,放射,fangshe,动,7,7-9,{},false,false,false,
6517,放水,fàngshuǐ,1,放水,fangshui,动,7,7-9,{},false,false,false,
6518,放肆,fàngsì,1,放肆,fangsi,形,7,7-9,{},false,false,false,
6519,放映,fàngyìng,1,放映,fangying,动,7,7-9,{},false,false,false,
6520,放置,fàngzhì,1,放置,fangzhi,动,7,7-9,{},false,false,false,
6521,放纵,fàngzòng,1,放纵,fangzong,动、形,7,7-9,{},false,false,false,
6522,非,fēi,1,非,fei,动、副、前缀,7,7-9,{},false,false,false,
6523,飞船,fēichuán,1,飞船,feichuan,名,7,7-9,{},false,false,false,
6524,非但,fēidàn,1,非但,feidan,连,7,7-9,{},false,false,false,
6525,非得,fēiděi,1,非得,feidei,副,7,7-9,{},false,false,false,
6526,飞碟,fēidié,1,飞碟,feidie,名,7,7-9,{},false,false,false,
6527,非法,fēifǎ,1,非法,feifa,形,7,7-9,{},false,false,false,
6528,非凡,fēifán,1,非凡,feifan,形,7,7-9,{},false,false,false,
6529,飞禽走兽,fēiqín-zǒushòu,1,飞禽走兽,feiqinzoushou,,7,7-9,{},false,false,true,
6530,绯闻,fēiwén,1,绯闻,feiwen,名,7,7-9,{},false,false,false,
6531,飞翔,fēixiáng,1,飞翔,feixiang,动,7,7-9,{},false,false,false,
6532,飞跃,fēiyuè,1,飞跃,feiyue,动,7,7-9,{},false,false,false,
6533,肥料,féiliào,1,肥料,feiliao,名,7,7-9,{},false,false,false,
6534,肥皂,féizào,1,肥皂,feizao,名,7,7-9,{},false,false,false,
6535,诽谤,fěibàng,1,诽谤,feibang,动,7,7-9,{},false,false,false,
6536,废,fèi,1,废,fei,动、形,7,7-9,{},false,false,false,
6537,废除,fèichú,1,废除,feichu,动,7,7-9,{},false,false,false,
6538,沸沸扬扬,fèifèiyángyáng,1,沸沸扬扬,feifeiyangyang,,7,7-9,{},false,false,true,
6539,废话,fèihuà,1,废话,feihua,名、动,7,7-9,{},false,false,false,
6540,费劲,fèijìn,1,费劲,feijin,动,7,7-9,{},false,false,false,
6541,费力,fèilì,1,费力,feili,动,7,7-9,{},false,false,false,
6542,废品,fèipǐn,1,废品,feipin,名,7,7-9,{},false,false,false,
6543,废弃,fèiqì,1,废弃,feiqi,动,7,7-9,{},false,false,false,
6544,废寝忘食,fèiqǐn-wàngshí,1,废寝忘食,feiqinwangshi,,7,7-9,{},false,false,true,
6545,沸腾,fèiténg,1,沸腾,feiteng,动,7,7-9,{},false,false,false,
6546,废物,fèiwù,1,废物,feiwu,名,7,7-9,{},false,false,false,
6547,废墟,fèixū,1,废墟,feixu,名,7,7-9,{},false,false,false,
6548,分辨,fēnbiàn,1,分辨,fenbian,动,7,7-9,{},false,false,false,
6549,分成,fēnchéng,1,分成,fencheng,动,7,7-9,{},false,false,false,
6550,分寸,fēncun,1,分寸,fencun,名,7,7-9,{},false,false,false,
6551,分担,fēndān,1,分担,fendan,动,7,7-9,{},false,false,false,
6552,分发,fēnfā,1,分发,fenfa,动,7,7-9,{},false,false,false,
6553,芬芳,fēnfāng,1,芬芳,fenfang,形、名,7,7-9,{},false,false,false,
6554,吩咐,fēnfù,1,吩咐,fenfu,动,7,7-9,{},false,false,false,
6555,分割,fēngē,1,分割,fenge,动,7,7-9,{},false,false,false,
6556,分红,fēnhóng,1,分红,fenhong,动,7,7-9,{},false,false,false,
6557,分化,fēnhuà,1,分化,fenhua,动,7,7-9,{},false,false,false,
6558,分解,fēnjiě,1,分解,fenjie,动,7,7-9,{},false,false,false,
6559,分裂,fēnliè,1,分裂,fenlie,动,7,7-9,{},false,false,false,
6560,分泌,fēnmì,1,分泌,fenmi,动,7,7-9,{},false,false,false,
6561,分明,fēnmíng,1,分明,fenming,形、副,7,7-9,{},false,false,false,
6562,分歧,fēnqí,1,分歧,fenqi,形、名,7,7-9,{},false,false,false,
6563,分支,fēnzhī,1,分支,fenzhi,名,7,7-9,{},false,false,false,
6564,坟,fén,1,坟,fen,名,7,7-9,{},false,false,false,
6565,坟墓,fénmù,1,坟墓,fenmu,名,7,7-9,{},false,false,false,
6566,焚烧,fénshāo,1,焚烧,fenshao,动,7,7-9,{},false,false,false,
6567,粉末,fěnmò,1,粉末,fenmo,名,7,7-9,{},false,false,false,
6568,粉丝,fěnsī,1,粉丝1,fensi,名,7,7-9,{},true,false,false,
6569,粉丝,fěnsī,2,粉丝2,fensi,名,7,7-9,{},true,false,false,
6570,粉碎,fěnsuì,1,粉碎,fensui,形、动,7,7-9,{},false,false,false,
6571,粪,fèn,1,粪,fen,名,7,7-9,{},false,false,false,
6572,粪便,fènbiàn,1,粪便,fenbian,名,7,7-9,{},false,false,false,
6573,份额,fèn’é,1,份额,fene,名,7,7-9,{},false,false,false,
6574,奋力,fènlì,1,奋力,fenli,副,7,7-9,{},false,false,false,
6575,分量,fènliàng,1,分量,fenliang,名,7,7-9,{},false,false,false,
6576,分外,fènwài,1,分外,fenwai,副、形,7,7-9,{},false,false,false,
6577,奋勇,fènyǒng,1,奋勇,fenyong,动,7,7-9,{},false,false,false,
6578,疯,fēng,1,疯,feng,动、形,7,7-9,{},false,false,false,
6579,风暴,fēngbào,1,风暴,fengbao,名,7,7-9,{},false,false,false,
6580,风波,fēngbō,1,风波,fengbo,名,7,7-9,{},false,false,false,
6581,风采,fēngcǎi,1,风采,fengcai,名,7,7-9,{},false,false,false,
6582,风餐露宿,fēngcān-lùsù,1,风餐露宿,fengcanlusu,,7,7-9,{},false,false,true,
6583,风吹雨打,fēngchuī-yǔdǎ,1,风吹雨打,fengchuiyuda,,7,7-9,{},false,false,true,
6584,封顶,fēngdǐng,1,封顶,fengding,动,7,7-9,{},false,false,false,
6585,风度,fēngdù,1,风度,fengdu,名,7,7-9,{},false,false,false,
6586,风范,fēngfàn,1,风范,fengfan,名,7,7-9,{},false,false,false,
6587,风和日丽,fēnghé-rìlì,1,风和日丽,fengherili,,7,7-9,{},false,false,true,
6588,丰厚,fēnghòu,1,丰厚,fenghou,形,7,7-9,{},false,false,false,
6589,峰会,fēnghuì,1,峰会,fenghui,名,7,7-9,{},false,false,false,
6590,峰回路转,fēnghuí-lùzhuǎn,1,峰回路转,fenghuiluzhuan,,7,7-9,{},false,false,true,
6591,封建,fēngjiàn,1,封建,fengjian,名、形,7,7-9,{},false,false,false,
6592,风景线,fēngjǐngxiàn,1,风景线,fengjingxian,名,7,7-9,{},false,false,false,
6593,风浪,fēnglàng,1,风浪,fenglang,名,7,7-9,{},false,false,false,
6594,锋利,fēnglì,1,锋利,fengli,形,7,7-9,{},false,false,false,
6595,风流,fēngliú,1,风流,fengliu,形,7,7-9,{},false,false,false,
6596,丰满,fēngmǎn,1,丰满,fengman,形,7,7-9,{},false,false,false,
6597,风貌,fēngmào,1,风貌,fengmao,名,7,7-9,{},false,false,false,
6598,蜂蜜,fēngmì,1,蜂蜜,fengmi,名,7,7-9,{},false,false,false,
6599,封面,fēngmiàn,1,封面,fengmian,名,7,7-9,{},false,false,false,
6600,风气,fēngqì,1,风气,fengqi,名,7,7-9,{},false,false,false,
6601,风情,fēngqíng,1,风情,fengqing,名,7,7-9,{},false,false,false,
6602,风趣,fēngqù,1,风趣,fengqu,形,7,7-9,{},false,false,false,
6603,风沙,fēngshā,1,风沙,fengsha,名,7,7-9,{},false,false,false,
6604,风尚,fēngshàng,1,风尚,fengshang,名,7,7-9,{},false,false,false,
6605,丰盛,fēngshèng,1,丰盛,fengsheng,形,7,7-9,{},false,false,false,
6606,风水,fēngshuǐ,1,风水,fengshui,名,7,7-9,{},false,false,false,
6607,丰硕,fēngshuò,1,丰硕,fengshuo,形,7,7-9,{},false,false,false,
6608,封锁,fēngsuǒ,1,封锁,fengsuo,动,7,7-9,{},false,false,false,
6609,风土人情,fēngtǔ-rénqíng,1,风土人情,fengturenqing,,7,7-9,{},false,false,true,
6610,风味,fēngwèi,1,风味,fengwei,名,7,7-9,{},false,false,false,
6611,风云,fēngyún,1,风云,fengyun,名,7,7-9,{},false,false,false,
6612,风雨无阻,fēngyǔ-wúzǔ,1,风雨无阻,fengyuwuzu,,7,7-9,{},false,false,true,
6613,风筝,fēngzheng,1,风筝,fengzheng,名,7,7-9,{},false,false,false,
6614,疯子,fēngzi,1,疯子,fengzi,名,7,7-9,{},false,false,false,
6615,逢,féng,1,逢,feng,动,7,7-9,{},false,false,false,
6616,缝,féng,1,缝,feng,动,7,7-9,{},true,true,false,
6617,缝合,fénghé,1,缝合,fenghe,动,7,7-9,{},false,false,false,
6618,讽刺,fěngcì,1,讽刺,fengci,动,7,7-9,{},false,false,false,
6619,缝,fèng,1,缝,feng,名,7,7-9,{},true,true,false,
6620,凤凰,fènghuáng,1,凤凰,fenghuang,名,7,7-9,{},false,false,false,
6621,凤毛麟角,fèngmáo-línjiǎo,1,凤毛麟角,fengmaolinjiao,,7,7-9,{},false,false,true,
6622,佛,fó,1,佛,fo,名,7,7-9,{},false,false,false,
6623,否决,fǒujué,1,否决,foujue,动,7,7-9,{},false,false,false,
6624,敷,fū,1,敷,fu,动,7,7-9,{},false,false,false,
6625,孵化,fūhuà,1,孵化,fuhua,动,7,7-9,{},false,false,false,
6626,肤浅,fūqiǎn,1,肤浅,fuqian,形,7,7-9,{},false,false,false,
6627,敷衍,fūyǎn,1,敷衍,fuyan,动,7,7-9,{},false,false,false,
6628,扶持,fúchí,1,扶持,fuchi,动,7,7-9,{},false,false,false,
6629,浮动,fúdòng,1,浮动,fudong,动,7,7-9,{},false,false,false,
6630,俘获,fúhuò,1,俘获,fuhuo,动,7,7-9,{},false,false,false,
6631,浮力,fúlì,1,浮力,fuli,名,7,7-9,{},false,false,false,
6632,俘虏,fúlǔ,1,俘虏,fulu,动、名,7,7-9,{},false,false,false,
6633,福气,fúqi,1,福气,fuqi,名,7,7-9,{},false,false,false,
6634,服气,fúqì,1,服气,fuqi,动,7,7-9,{},false,false,false,
6635,辐射,fúshè,1,辐射,fushe,动,7,7-9,{},false,false,false,
6636,服饰,fúshì,1,服饰,fushi,名,7,7-9,{},false,false,false,
6637,服务器,fúwùqì,1,服务器,fuwuqi,名,7,7-9,{},false,false,false,
6638,浮现,fúxiàn,1,浮现,fuxian,动,7,7-9,{},false,false,false,
6639,浮躁,fúzào,1,浮躁,fuzao,形,7,7-9,{},false,false,false,
6640,腐败,fǔbài,1,腐败,fubai,形、动,7,7-9,{},false,false,false,
6641,腐烂,fǔlàn,1,腐烂,fulan,动、形,7,7-9,{},false,false,false,
6642,抚摸,fǔmō,1,抚摸,fumo,动,7,7-9,{},false,false,false,
6643,腐蚀,fǔshí,1,腐蚀,fushi,动,7,7-9,{},false,false,false,
6644,俯视,fǔshì,1,俯视,fushi,动,7,7-9,{},false,false,false,
6645,俯首,fǔshǒu,1,俯首,fushou,动,7,7-9,{},false,false,false,
6646,腐朽,fǔxiǔ,1,腐朽,fuxiu,动、形,7,7-9,{},false,false,false,
6647,抚恤,fǔxù,1,抚恤,fuxu,动,7,7-9,{},false,false,false,
6648,抚养,fǔyǎng,1,抚养,fuyang,动,7,7-9,{},false,false,false,
6649,斧子,fǔzi,1,斧子,fuzi,名,7,7-9,{},false,false,false,
6650,负,fù,1,负,fu,动、形,7,7-9,{},false,false,false,
6651,附,fù,1,附,fu,动,7,7-9,{},false,false,false,
6652,赴,fù,1,赴,fu,动,7,7-9,{},false,false,false,
6653,腹,fù,1,腹,fu,名,7,7-9,{},false,false,false,
6654,副本,fùběn,1,副本,fuben,名,7,7-9,{},false,false,false,
6655,复查,fùchá,1,复查,fucha,动,7,7-9,{},false,false,false,
6656,附带,fùdài,1,附带,fudai,动、副、形,7,7-9,{},false,false,false,
6657,复发,fùfā,1,复发,fufa,动,7,7-9,{},false,false,false,
6658,富含,fùhán,1,富含,fuhan,动,7,7-9,{},false,false,false,
6659,富豪,fùháo,1,富豪,fuhao,名,7,7-9,{},false,false,false,
6660,复合,fùhé,1,复合,fuhe,动,7,7-9,{},false,false,false,
6661,附和,fùhè,1,附和,fuhe,动,7,7-9,{},false,false,false,
6662,复活,fùhuó,1,复活,fuhuo,动,7,7-9,{},false,false,false,
6663,附加,fùjiā,1,附加,fujia,动,7,7-9,{},false,false,false,
6664,富强,fùqiáng,1,富强,fuqiang,形,7,7-9,{},false,false,false,
6665,附属,fùshǔ,1,附属,fushu,形、动,7,7-9,{},false,false,false,
6666,复苏,fùsū,1,复苏,fusu,动,7,7-9,{},false,false,false,
6667,富翁,fùwēng,1,富翁,fuweng,名,7,7-9,{},false,false,false,
6668,腹泻,fùxiè,1,腹泻,fuxie,动,7,7-9,{},false,false,false,
6669,复兴,fùxīng,1,复兴,fuxing,动,7,7-9,{},false,false,false,
6670,复原,fùyuán,1,复原,fuyuan,动,7,7-9,{},false,false,false,
6671,负重,fùzhòng,1,负重,fuzhong,动,7,7-9,{},false,false,false,
6672,富足,fùzú,1,富足,fuzu,形,7,7-9,{},false,false,false,
6673,副作用,fùzuòyòng,1,副作用,fuzuoyong,名,7,7-9,{},false,false,false,
6674,改版,gǎibǎn,1,改版,gaiban,动,7,7-9,{},false,false,false,
6675,改动,gǎidòng,1,改动,gaidong,动,7,7-9,{},false,false,false,
6676,改观,gǎiguān,1,改观,gaiguan,动,7,7-9,{},false,false,false,
6677,改良,gǎiliáng,1,改良,gailiang,动,7,7-9,{},false,false,false,
6678,改日,gǎirì,1,改日,gairi,副,7,7-9,{},false,false,false,
6679,改邪归正,gǎixié-guīzhèng,1,改邪归正,gaixieguizheng,,7,7-9,{},false,false,true,
6680,改装,gǎizhuāng,1,改装,gaizhuang,动,7,7-9,{},false,false,false,
6681,钙,gài,1,钙,gai,名,7,7-9,{},false,false,false,
6682,概,gài,1,概,gai,副,7,7-9,{},false,false,false,
6683,概况,gàikuàng,1,概况,gaikuang,名,7,7-9,{},false,false,false,
6684,概论,gàilùn,1,概论,gailun,名,7,7-9,{},false,false,false,
6685,干戈,gāngē,1,干戈,gange,名,7,7-9,{},false,false,false,
6686,干枯,gānkū,1,干枯,ganku,形,7,7-9,{},false,false,false,
6687,干涉,gānshè,1,干涉,ganshe,动,7,7-9,{},false,false,false,
6688,甘心,gānxīn,1,甘心,ganxin,动,7,7-9,{},false,false,false,
6689,干预,gānyù,1,干预,ganyu,动,7,7-9,{},false,false,false,
6690,杆,gǎn,1,杆,gan,名、量,7,7-9,{},false,false,false,
6691,感触,gǎnchù,1,感触,ganchu,名,7,7-9,{},false,false,false,
6692,感恩,gǎnēn,1,感恩,ganen,动,7,7-9,{},false,false,false,
6693,赶赴,gǎnfù,1,赶赴,ganfu,动,7,7-9,{},false,false,false,
6694,感慨,gǎnkǎi,1,感慨,gankai,动,7,7-9,{},false,false,false,
6695,感叹,gǎntàn,1,感叹,gantan,动,7,7-9,{},false,false,false,
6696,感悟,gǎnwù,1,感悟,ganwu,动,7,7-9,{},false,false,false,
6697,感性,gǎnxìng,1,感性,ganxing,形,7,7-9,{},false,false,false,
6698,干部,gànbù,1,干部,ganbu,名,7,7-9,{},false,false,false,
6699,干劲,gànjìn,1,干劲,ganjin,名,7,7-9,{},false,false,false,
6700,干事,gànshi,1,干事,ganshi,名,7,7-9,{},false,false,false,
6701,缸,gāng,1,缸,gang,名,7,7-9,{},false,false,false,
6702,纲领,gānglǐng,1,纲领,gangling,名,7,7-9,{},false,false,false,
6703,钢铁,gāngtiě,1,钢铁,gangtie,名、形,7,7-9,{},false,false,false,
6704,纲要,gāngyào,1,纲要,gangyao,名,7,7-9,{},false,false,false,
6705,港,gǎng,1,港,gang,名,7,7-9,{},false,false,false,
6706,港湾,gǎngwān,1,港湾,gangwan,名,7,7-9,{},false,false,false,
6707,杠杆,gànggǎn,1,杠杆,ganggan,名,7,7-9,{},false,false,false,
6708,高额,gāo’é,1,高额,gaoe,形,7,7-9,{},false,false,false,
6709,高昂,gāo’áng,1,高昂,gaoang,动、形,7,7-9,{},false,false,false,
6710,高傲,gāo’ào,1,高傲,gaoao,形,7,7-9,{},false,false,false,
6711,高潮,gāocháo,1,高潮,gaochao,名,7,7-9,{},false,false,false,
6712,高调,gāodiào,1,高调,gaodiao,名、形,7,7-9,{},false,false,false,
6713,高贵,gāoguì,1,高贵,gaogui,形,7,7-9,{},false,false,false,
6714,高见,gāojiàn,1,高见,gaojian,名,7,7-9,{},false,false,false,
6715,高空,gāokōng,1,高空,gaokong,名,7,7-9,{},false,false,false,
6716,高龄,gāolíng,1,高龄,gaoling,名、形,7,7-9,{},false,false,false,
6717,高明,gāomíng,1,高明,gaoming,形、名,7,7-9,{},false,false,false,
6718,高血压,gāoxuèyā,1,高血压,gaoxueya,名,7,7-9,{},false,false,false,
6719,高雅,gāoyǎ,1,高雅,gaoya,形,7,7-9,{},false,false,false,
6720,高压,gāoyā,1,高压,gaoya,名、形,7,7-9,{},false,false,false,
6721,高涨,gāozhǎng,1,高涨,gaozhang,动、形,7,7-9,{},false,false,false,
6722,搞鬼,gǎoguǐ,1,搞鬼,gaogui,动,7,7-9,{},false,false,false,
6723,搞笑,gǎoxiào,1,搞笑,gaoxiao,动、形,7,7-9,{},false,false,false,
6724,告,gào,1,告,gao,动,7,7-9,{},false,false,false,
6725,告辞,gàocí,1,告辞,gaoci,动,7,7-9,{},false,false,false,
6726,告诫,gàojiè,1,告诫,gaojie,动,7,7-9,{},false,false,false,
6727,告示,gàoshi,1,告示,gaoshi,名,7,7-9,{},false,false,false,
6728,告知,gàozhī,1,告知,gaozhi,动,7,7-9,{},false,false,false,
6729,告状,gàozhuàng,1,告状,gaozhuang,动,7,7-9,{},false,false,false,
6730,搁,gē,1,搁,ge,动,7,7-9,{},false,false,false,
6731,戈壁,gēbì,1,戈壁,gebi,名,7,7-9,{},false,false,false,
6732,疙瘩,gēda,1,疙瘩,geda,名,7,7-9,{},false,false,false,
6733,歌剧,gējù,1,歌剧,geju,名,7,7-9,{},false,false,false,
6734,搁浅,gēqiǎn,1,搁浅,geqian,动,7,7-9,{},false,false,false,
6735,歌颂,gēsòng,1,歌颂,gesong,动,7,7-9,{},false,false,false,
6736,歌舞,gēwǔ,1,歌舞,gewu,名,7,7-9,{},false,false,false,
6737,歌谣,gēyáo,1,歌谣,geyao,名,7,7-9,{},false,false,false,
6738,搁置,gēzhì,1,搁置,gezhi,动,7,7-9,{},false,false,false,
6739,鸽子,gēzi,1,鸽子,gezi,名,7,7-9,{},false,false,false,
6740,格格不入,gégé-búrù,1,格格不入,gegeburu,,7,7-9,{},false,false,true,
6741,隔阂,géhé,1,隔阂,gehe,名,7,7-9,{},false,false,false,
6742,格局,géjú,1,格局,geju,名,7,7-9,{},false,false,false,
6743,隔离,gélí,1,隔离,geli,动,7,7-9,{},false,false,false,
6744,阁楼,gélóu,1,阁楼,gelou,名,7,7-9,{},false,false,false,
6745,格式,géshi,1,格式,geshi,名,7,7-9,{},false,false,false,
6746,革新,géxīn,1,革新,gexin,动,7,7-9,{},false,false,false,
6747,格子,gézi,1,格子,gezi,名,7,7-9,{},false,false,false,
6748,个案,gè’àn,1,个案,gean,名,7,7-9,{},false,false,false,
6749,各抒己见,gèshū-jǐjiàn,1,各抒己见,geshujijian,,7,7-9,{},false,false,true,
6750,个头儿,gètóur,1,个头儿,getour,名,7,7-9,{},false,false,false,
6751,根基,gēnjī,1,根基,genji,名,7,7-9,{},false,false,false,
6752,跟进,gēnjìn,1,跟进,genjin,动,7,7-9,{},false,false,false,
6753,根深蒂固,gēnshēn-dìgù,1,根深蒂固,genshendigu,,7,7-9,{},false,false,true,
6754,根源,gēnyuán,1,根源,genyuan,名、动,7,7-9,{},false,false,false,
6755,根治,gēnzhì,1,根治,genzhi,动,7,7-9,{},false,false,false,
6756,耕,gēng,1,耕,geng,动,7,7-9,{},false,false,false,
6757,耕地,gēngdì,1,耕地,gengdi,动、名,7,7-9,{},false,false,false,
6758,更改,gēnggǎi,1,更改,genggai,动,7,7-9,{},false,false,false,
6759,更衣室,gēngyīshì,1,更衣室,gengyishi,名,7,7-9,{},false,false,false,
6760,耕耘,gēngyún,1,耕耘,gengyun,动,7,7-9,{},false,false,false,
6761,更正,gēngzhèng,1,更正,gengzheng,动,7,7-9,{},false,false,false,
6762,哽咽,gěngyè,1,哽咽,gengye,动,7,7-9,{},false,false,false,
6763,耿直,gěngzhí,1,耿直,gengzhi,形,7,7-9,{},false,false,false,
6764,弓,gōng,1,弓,gong,名、动,7,7-9,{},false,false,false,
6765,功,gōng,1,功,gong,名,7,7-9,{},false,false,false,
6766,攻,gōng,1,攻,gong,动,7,7-9,{},false,false,false,
6767,供,gōng,1,供,gong,动,7,7-9,{},false,false,false,
6768,公办,gōngbàn,1,公办,gongban,形,7,7-9,{},false,false,false,
6769,供不应求,gōngbúyìngqiú,1,供不应求,gongbuyingqiu,,7,7-9,{},false,false,true,
6770,功臣,gōngchén,1,功臣,gongchen,名,7,7-9,{},false,false,false,
6771,公道,gōngdao,1,公道,gongdao,形,7,7-9,{},false,false,false,
6772,功底,gōngdǐ,1,功底,gongdi,名,7,7-9,{},false,false,false,
6773,宫殿,gōngdiàn,1,宫殿,gongdian,名,7,7-9,{},false,false,false,
6774,攻读,gōngdú,1,攻读,gongdu,动,7,7-9,{},false,false,false,
6775,公费,gōngfèi,1,公费,gongfei,名,7,7-9,{},false,false,false,
6776,公关,gōngguān,1,公关,gongguan,名,7,7-9,{},false,false,false,
6777,攻关,gōngguān,1,攻关,gongguan,动,7,7-9,{},false,false,false,
6778,工会,gōnghuì,1,工会,gonghui,名,7,7-9,{},false,false,false,
6779,工匠,gōngjiàng,1,工匠,gongjiang,名,7,7-9,{},false,false,false,
6780,恭敬,gōngjìng,1,恭敬,gongjing,形,7,7-9,{},false,false,false,
6781,攻克,gōngkè,1,攻克,gongke,动,7,7-9,{},false,false,false,
6782,工科,gōngkē,1,工科,gongke,名,7,7-9,{},false,false,false,
6783,公款,gōngkuǎn,1,公款,gongkuan,名,7,7-9,{},false,false,false,
6784,功劳,gōngláo,1,功劳,gonglao,名,7,7-9,{},false,false,false,
6785,公立,gōnglì,1,公立,gongli,形,7,7-9,{},false,false,false,
6786,功力,gōnglì,1,功力,gongli,名,7,7-9,{},false,false,false,
6787,功利,gōnglì,1,功利,gongli,名,7,7-9,{},false,false,false,
6788,功率,gōnglǜ,1,功率,gonglu,名,7,7-9,{},false,false,false,
6789,公墓,gōngmù,1,公墓,gongmu,名,7,7-9,{},false,false,false,
6790,供暖,gōngnuǎn,1,供暖,gongnuan,动,7,7-9,{},false,false,false,
6791,公仆,gōngpú,1,公仆,gongpu,名,7,7-9,{},false,false,false,
6792,公顷,gōngqǐng,1,公顷,gongqing,量,7,7-9,{},false,false,false,
6793,供求,gōngqiú,1,供求,gongqiu,名,7,7-9,{},false,false,false,
6794,公然,gōngrán,1,公然,gongran,副,7,7-9,{},false,false,false,
6795,公示,gōngshì,1,公示,gongshi,动,7,7-9,{},false,false,false,
6796,公式,gōngshì,1,公式,gongshi,名,7,7-9,{},false,false,false,
6797,公事,gōngshì,1,公事,gongshi,名,7,7-9,{},false,false,false,
6798,攻势,gōngshì,1,攻势,gongshi,名,7,7-9,{},false,false,false,
6799,宫廷,gōngtíng,1,宫廷,gongting,名,7,7-9,{},false,false,false,
6800,恭维,gōngwéi,1,恭维,gongwei,动,7,7-9,{},false,false,false,
6801,公务,gōngwù,1,公务,gongwu,名,7,7-9,{},false,false,false,
6802,供需,gōngxū,1,供需,gongxu,名,7,7-9,{},false,false,false,
6803,供养,gōngyǎng,1,供养,gongyang,动,7,7-9,{},false,false,false,
6804,供应链,gōngyìngliàn,1,供应链,gongyinglian,名,7,7-9,{},false,false,false,
6805,公用,gōngyòng,1,公用,gongyong,动,7,7-9,{},false,false,false,
6806,公约,gōngyuē,1,公约,gongyue,名,7,7-9,{},false,false,false,
6807,公证,gōngzhèng,1,公证,gongzheng,动,7,7-9,{},false,false,false,
6808,工整,gōngzhěng,1,工整,gongzheng,形,7,7-9,{},false,false,false,
6809,公职,gōngzhí,1,公职,gongzhi,名,7,7-9,{},false,false,false,
6810,拱,gǒng,1,拱,gong,动,7,7-9,{},false,false,false,
6811,供奉,gòngfèng,1,供奉,gongfeng,动、名,7,7-9,{},false,false,false,
6812,共和国,gònghéguó,1,共和国,gongheguo,名,7,7-9,{},false,false,false,
6813,共鸣,gòngmíng,1,共鸣,gongming,动,7,7-9,{},false,false,false,
6814,共识,gòngshí,1,共识,gongshi,名,7,7-9,{},false,false,false,
6815,共同体,gòngtóngtǐ,1,共同体,gongtongti,名,7,7-9,{},false,false,false,
6816,共性,gòngxìng,1,共性,gongxing,名,7,7-9,{},false,false,false,
6817,勾,gōu,1,勾,gou,动,7,7-9,{},false,false,false,
6818,钩,gōu,1,钩,gou,名、动,7,7-9,{},false,false,false,
6819,勾结,gōujié,1,勾结,goujie,动,7,7-9,{},false,false,false,
6820,勾勒,gōulè,1,勾勒,goule,动,7,7-9,{},false,false,false,
6821,构建,gòujiàn,1,构建,goujian,动,7,7-9,{},false,false,false,
6822,够呛,gòuqiàng,1,够呛,gouqiang,形,7,7-9,{},false,false,false,
6823,构思,gòusī,1,构思,gousi,动,7,7-9,{},false,false,false,
6824,构想,gòuxiǎng,1,构想,gouxiang,动、名,7,7-9,{},false,false,false,
6825,孤单,gūdān,1,孤单,gudan,形,7,7-9,{},false,false,false,
6826,孤儿,gū’ér,1,孤儿,guer,名,7,7-9,{},false,false,false,
6827,辜负,gūfù,1,辜负,gufu,动,7,7-9,{},false,false,false,
6828,孤立,gūlì,1,孤立,guli,形、动,7,7-9,{},false,false,false,
6829,孤零零,gūlínglíng,1,孤零零,gulingling,形,7,7-9,{},false,false,false,
6830,孤陋寡闻,gūlòu-guǎwén,1,孤陋寡闻,gulouguawen,,7,7-9,{},false,false,true,
6831,姑且,gūqiě,1,姑且,guqie,副,7,7-9,{},false,false,false,
6832,估算,gūsuàn,1,估算,gusuan,动,7,7-9,{},false,false,false,
6833,股,gǔ,1,股,gu,量,7,7-9,{},false,false,false,
6834,鼓动,gǔdòng,1,鼓动,gudong,动,7,7-9,{},false,false,false,
6835,古董,gǔdǒng,1,古董,gudong,名,7,7-9,{},false,false,false,
6836,股东,gǔdōng,1,股东,gudong,名,7,7-9,{},false,false,false,
6837,股份,gǔfèn,1,股份,gufen,名,7,7-9,{},false,false,false,
6838,骨干,gǔgàn,1,骨干,gugan,名,7,7-9,{},false,false,false,
6839,骨骼,gǔgé,1,骨骼,guge,名,7,7-9,{},false,false,false,
6840,古怪,gǔguài,1,古怪,guguai,形,7,7-9,{},false,false,false,
6841,古籍,gǔjí,1,古籍,guji,名,7,7-9,{},false,false,false,
6842,骨架,gǔjià,1,骨架,gujia,名,7,7-9,{},false,false,false,
6843,古今中外,gǔjīn-zhōngwài,1,古今中外,gujinzhongwai,,7,7-9,{},false,false,true,
6844,股民,gǔmín,1,股民,gumin,名,7,7-9,{},false,false,false,
6845,古朴,gǔpǔ,1,古朴,gupu,形,7,7-9,{},false,false,false,
6846,骨气,gǔqì,1,骨气,guqi,名,7,7-9,{},false,false,false,
6847,谷物,gǔwù,1,谷物,guwu,名,7,7-9,{},false,false,false,
6848,骨折,gǔzhé,1,骨折,guzhe,动,7,7-9,{},false,false,false,
6849,故,gù,1,故,gu,副、连,7,7-9,{},false,false,false,
6850,雇,gù,1,雇,gu,动,7,7-9,{},false,false,false,
6851,固化,gùhuà,1,固化,guhua,动,7,7-9,{},false,false,false,
6852,顾及,gùjí,1,顾及,guji,动,7,7-9,{},false,false,false,
6853,顾虑,gùlǜ,1,顾虑,gulu,动、名,7,7-9,{},false,false,false,
6854,顾名思义,gùmíng-sīyì,1,顾名思义,gumingsiyi,,7,7-9,{},false,false,true,
6855,顾全大局,gùquán-dàjú,1,顾全大局,guquandaju,,7,7-9,{},false,false,true,
6856,固然,gùrán,1,固然,guran,连,7,7-9,{},false,false,false,
6857,雇佣,gùyōng,1,雇佣,guyong,动,7,7-9,{},false,false,false,
6858,固有,gùyǒu,1,固有,guyou,形,7,7-9,{},false,false,false,
6859,雇员,gùyuán,1,雇员,guyuan,名,7,7-9,{},false,false,false,
6860,固执,gùzhi,1,固执,guzhi,形,7,7-9,{},false,false,false,
6861,雇主,gùzhǔ,1,雇主,guzhu,名,7,7-9,{},false,false,false,
6862,瓜分,guāfēn,1,瓜分,guafen,动,7,7-9,{},false,false,false,
6863,刮目相看,guāmù-xiāngkàn,1,刮目相看,guamuxiangkan,,7,7-9,{},false,false,true,
6864,瓜子,guāzǐ,1,瓜子,guazi,名,7,7-9,{},false,false,false,
6865,寡妇,guǎfu,1,寡妇,guafu,名,7,7-9,{},false,false,false,
6866,挂钩,guàgōu,1,挂钩,guagou,动、名,7,7-9,{},false,false,false,
6867,挂念,guàniàn,1,挂念,guanian,动,7,7-9,{},false,false,false,
6868,挂失,guàshī,1,挂失,guashi,动,7,7-9,{},false,false,false,
6869,乖,guāi,1,乖,guai,形,7,7-9,{},false,false,false,
6870,乖巧,guāiqiǎo,1,乖巧,guaiqiao,形,7,7-9,{},false,false,false,
6871,拐杖,guǎizhàng,1,拐杖,guaizhang,名,7,7-9,{},false,false,false,
6872,怪不得,guàibude,1,怪不得,guaibude,动、副,7,7-9,{},false,false,false,
6873,怪物,guàiwu,1,怪物,guaiwu,名,7,7-9,{},false,false,false,
6874,怪异,guàiyì,1,怪异,guaiyi,形、名,7,7-9,{},false,false,false,
6875,官兵,guānbīng,1,官兵,guanbing,名,7,7-9,{},false,false,false,
6876,棺材,guāncai,1,棺材,guancai,名,7,7-9,{},false,false,false,
6877,观测,guāncè,1,观测,guance,动,7,7-9,{},false,false,false,
6878,观感,guāngǎn,1,观感,guangan,名,7,7-9,{},false,false,false,
6879,关节,guānjié,1,关节,guanjie,名,7,7-9,{},false,false,false,
6880,官吏,guānlì,1,官吏,guanli,名,7,7-9,{},false,false,false,
6881,官僚,guānliáo,1,官僚,guanliao,名,7,7-9,{},false,false,false,
6882,观摩,guānmó,1,观摩,guanmo,动,7,7-9,{},false,false,false,
6883,关切,guānqiè,1,关切,guanqie,动,7,7-9,{},false,false,false,
6884,关税,guānshuì,1,关税,guanshui,名,7,7-9,{},false,false,false,
6885,官司,guānsi,1,官司,guansi,名,7,7-9,{},false,false,false,
6886,关头,guāntóu,1,关头,guantou,名,7,7-9,{},false,false,false,
6887,观望,guānwàng,1,观望,guanwang,动,7,7-9,{},false,false,false,
6888,关照,guānzhào,1,关照,guanzhao,动,7,7-9,{},false,false,false,
6889,管家,guǎnjiā,1,管家,guanjia,名,7,7-9,{},false,false,false,
6890,管教,guǎnjiào,1,管教,guanjiao,动、名,7,7-9,{},false,false,false,
6891,管辖,guǎnxiá,1,管辖,guanxia,动,7,7-9,{},false,false,false,
6892,管用,guǎnyòng,1,管用,guanyong,形,7,7-9,{},false,false,false,
6893,惯,guàn,1,惯,guan,动,7,7-9,{},false,false,false,
6894,灌,guàn,1,灌,guan,动,7,7-9,{},false,false,false,
6895,贯彻,guànchè,1,贯彻,guanche,动,7,7-9,{},false,false,false,
6896,贯穿,guànchuān,1,贯穿,guanchuan,动,7,7-9,{},false,false,false,
6897,灌溉,guàngài,1,灌溉,guangai,动,7,7-9,{},false,false,false,
6898,惯例,guànlì,1,惯例,guanli,名,7,7-9,{},false,false,false,
6899,灌输,guànshū,1,灌输,guanshu,动,7,7-9,{},false,false,false,
6900,贯通,guàntōng,1,贯通,guantong,动,7,7-9,{},false,false,false,
6901,罐头,guàntou,1,罐头,guantou,名,7,7-9,{},false,false,false,
6902,惯性,guànxìng,1,惯性,guanxing,名,7,7-9,{},false,false,false,
6903,光彩,guāngcǎi,1,光彩,guangcai,名、形,7,7-9,{},false,false,false,
6904,光顾,guānggù,1,光顾,guanggu,动,7,7-9,{},false,false,false,
6905,光滑,guānghuá,1,光滑,guanghua,形,7,7-9,{},false,false,false,
6906,光环,guānghuán,1,光环,guanghuan,名,7,7-9,{},false,false,false,
6907,光辉,guānghuī,1,光辉,guanghui,名、形,7,7-9,{},false,false,false,
6908,光缆,guānglǎn,1,光缆,guanglan,名,7,7-9,{},false,false,false,
6909,光芒,guāngmáng,1,光芒,guangmang,名,7,7-9,{},false,false,false,
6910,光明磊落,guāngmíng-lěiluò,1,光明磊落,guangmingleiluo,,7,7-9,{},false,false,true,
6911,光盘,guāngpán,1,光盘,guangpan,名,7,7-9,{},false,false,false,
6912,光荣,guāngróng,1,光荣,guangrong,形、名,7,7-9,{},false,false,false,
6913,光泽,guāngzé,1,光泽,guangze,名,7,7-9,{},false,false,false,
6914,广义,guǎngyì,1,广义,guangyi,名,7,7-9,{},false,false,false,
6915,龟,guī,1,龟,gui,名,7,7-9,{},false,false,false,
6916,瑰宝,guībǎo,1,瑰宝,guibao,名,7,7-9,{},false,false,false,
6917,规格,guīgé,1,规格,guige,名,7,7-9,{},false,false,false,
6918,归根到底,guīgēn-dàodǐ,1,归根到底,guigendaodi,,7,7-9,{},false,false,true,
6919,归结,guījié,1,归结,guijie,动,7,7-9,{},false,false,false,
6920,归来,guīlái,1,归来,guilai,动,7,7-9,{},false,false,false,
6921,归纳,guīnà,1,归纳,guina,动,7,7-9,{},false,false,false,
6922,闺女,guīnü,1,闺女,guinu,名,7,7-9,{},false,false,false,
6923,归属,guīshǔ,1,归属,guishu,动,7,7-9,{},false,false,false,
6924,归宿,guīsù,1,归宿,guisu,名,7,7-9,{},false,false,false,
6925,归于,guīyú,1,归于,guiyu,动,7,7-9,{},false,false,false,
6926,规章,guīzhāng,1,规章,guizhang,名,7,7-9,{},false,false,false,
6927,鬼,guǐ,1,鬼,gui,名、形,7,7-9,{},false,false,false,
6928,轨迹,guǐjì,1,轨迹,guiji,名,7,7-9,{},false,false,false,
6929,诡计,guǐjì,1,诡计,guiji,名,7,7-9,{},false,false,false,
6930,贵宾,guìbīn,1,贵宾,guibin,名,7,7-9,{},false,false,false,
6931,桂花,guìhuā,1,桂花,guihua,名,7,7-9,{},false,false,false,
6932,柜台,guìtái,1,柜台,guitai,名,7,7-9,{},false,false,false,
6933,贵族,guìzú,1,贵族,guizu,名,7,7-9,{},false,false,false,
6934,滚动,gǔndòng,1,滚动,gundong,动,7,7-9,{},false,false,false,
6935,国防,guófáng,1,国防,guofang,名,7,7-9,{},false,false,false,
6936,国徽,guóhuī,1,国徽,guohui,名,7,7-9,{},false,false,false,
6937,国民,guómín,1,国民,guomin,名,7,7-9,{},false,false,false,
6938,国土,guótǔ,1,国土,guotu,名,7,7-9,{},false,false,false,
6939,国务院,guówùyuàn,1,国务院,guowuyuan,名,7,7-9,{},false,false,false,
6940,国学,guóxué,1,国学,guoxue,名,7,7-9,{},false,false,false,
6941,国有,guóyǒu,1,国有,guoyou,动,7,7-9,{},false,false,false,
6942,裹,guǒ,1,裹,guo,动,7,7-9,{},false,false,false,
6943,果断,guǒduàn,1,果断,guoduan,形,7,7-9,{},false,false,false,
6944,果真,guǒzhēn,1,果真,guozhen,副、连,7,7-9,{},false,false,false,
6945,过意不去,guò yì bú qù,1,过意不去,guoyibuqu,,7,7-9,{},false,false,true,
6946,过半,guòbàn,1,过半,guoban,动,7,7-9,{},false,false,false,
6947,过不去,guòbuqù,1,过不去,guobuqu,动,7,7-9,{},false,false,false,
6948,过错,guòcuò,1,过错,guocuo,名,7,7-9,{},false,false,false,
6949,过道,guòdào,1,过道,guodao,名,7,7-9,{},false,false,false,
6950,过关,guòguān,1,过关,guoguan,动,7,7-9,{},false,false,false,
6951,过奖,guòjiǎng,1,过奖,guojiang,动,7,7-9,{},false,false,false,
6952,过境,guòjìng,1,过境,guojing,动,7,7-9,{},false,false,false,
6953,过量,guòliàng,1,过量,guoliang,动,7,7-9,{},false,false,false,
6954,过滤,guòlǜ,1,过滤,guolu,动,7,7-9,{},false,false,false,
6955,过剩,guòshèng,1,过剩,guosheng,动,7,7-9,{},false,false,false,
6956,过失,guòshī,1,过失,guoshi,名,7,7-9,{},false,false,false,
6957,过头,guòtóu,1,过头,guotou,形,7,7-9,{},false,false,false,
6958,过往,guòwǎng,1,过往,guowang,动、名,7,7-9,{},false,false,false,
6959,过问,guòwèn,1,过问,guowen,动,7,7-9,{},false,false,false,
6960,过瘾,guòyǐn,1,过瘾,guoyin,形,7,7-9,{},false,false,false,
6961,过硬,guòyìng,1,过硬,guoying,形,7,7-9,{},false,false,false,
6962,海报,hǎibào,1,海报,haibao,名,7,7-9,{},false,false,false,
6963,海滨,hǎibīn,1,海滨,haibin,名,7,7-9,{},false,false,false,
6964,海盗,hǎidào,1,海盗,haidao,名,7,7-9,{},false,false,false,
6965,海军,hǎijūn,1,海军,haijun,名,7,7-9,{},false,false,false,
6966,海量,hǎiliàng,1,海量,hailiang,名、形,7,7-9,{},false,false,false,
6967,海绵,hǎimián,1,海绵,haimian,名,7,7-9,{},false,false,false,
6968,海滩,hǎitān,1,海滩,haitan,名,7,7-9,{},false,false,false,
6969,海豚,hǎitún,1,海豚,haitun,名,7,7-9,{},false,false,false,
6970,海湾,hǎiwān,1,海湾,haiwan,名,7,7-9,{},false,false,false,
6971,海峡,hǎixiá,1,海峡,haixia,名,7,7-9,{},false,false,false,
6972,海啸,hǎixiào,1,海啸,haixiao,名,7,7-9,{},false,false,false,
6973,海运,hǎiyùn,1,海运,haiyun,动,7,7-9,{},false,false,false,
6974,海藻,hǎizǎo,1,海藻,haizao,名,7,7-9,{},false,false,false,
6975,害虫,hàichóng,1,害虫,haichong,名,7,7-9,{},false,false,false,
6976,骇人听闻,hàiréntīngwén,1,骇人听闻,hairentingwen,,7,7-9,{},false,false,true,
6977,酣畅,hānchàng,1,酣畅,hanchang,形,7,7-9,{},false,false,false,
6978,憨厚,hānhòu,1,憨厚,hanhou,形,7,7-9,{},false,false,false,
6979,酣睡,hānshuì,1,酣睡,hanshui,动,7,7-9,{},false,false,false,
6980,函,hán,1,函,han,名,7,7-9,{},false,false,false,
6981,寒带,hándài,1,寒带,handai,名,7,7-9,{},false,false,false,
6982,涵盖,hángài,1,涵盖,hangai,动,7,7-9,{},false,false,false,
6983,含糊,hánhu,1,含糊,hanhu,形,7,7-9,{},false,false,false,
6984,含蓄,hánxù,1,含蓄,hanxu,动、形,7,7-9,{},false,false,false,
6985,寒暄,hánxuān,1,寒暄,hanxuan,动,7,7-9,{},false,false,false,
6986,汉服,Hànfú,1,汉服,hanfu,名,7,7-9,{},false,false,false,
6987,汗马功劳,hànmǎ-gōngláo,1,汗马功劳,hanmagonglao,,7,7-9,{},false,false,true,
6988,捍卫,hànwèi,1,捍卫,hanwei,动,7,7-9,{},false,false,false,
6989,夯实,hāngshí,1,夯实,hangshi,动,7,7-9,{},false,false,false,
6990,航海,hánghǎi,1,航海,hanghai,动,7,7-9,{},false,false,false,
6991,行家,hángjia,1,行家,hangjia,名,7,7-9,{},false,false,false,
6992,行列,hángliè,1,行列,hanglie,名,7,7-9,{},false,false,false,
6993,行情,hángqíng,1,行情,hangqing,名,7,7-9,{},false,false,false,
6994,航天,hángtiān,1,航天,hangtian,动,7,7-9,{},false,false,false,
6995,航天员,hángtiānyuán,1,航天员,hangtianyuan,名,7,7-9,{},false,false,false,
6996,航行,hángxíng,1,航行,hangxing,动,7,7-9,{},false,false,false,
6997,航运,hángyùn,1,航运,hangyun,名,7,7-9,{},false,false,false,
6998,豪华,háohuá,1,豪华,haohua,形,7,7-9,{},false,false,false,
6999,豪迈,háomài,1,豪迈,haomai,形,7,7-9,{},false,false,false,
7000,好比,hǎobǐ,1,好比,haobi,动,7,7-9,{},false,false,false,
7001,好歹,hǎodǎi,1,好歹,haodai,名、副,7,7-9,{},false,false,false,
7002,好受,hǎoshòu,1,好受,haoshou,形,7,7-9,{},false,false,false,
7003,好说,hǎoshuō,1,好说,haoshuo,动,7,7-9,{},false,false,false,
7004,好似,hǎosì,1,好似,haosi,动,7,7-9,{},false,false,false,
7005,好心,hǎoxīn,1,好心,haoxin,名,7,7-9,{},false,false,false,
7006,好意,hǎoyì,1,好意,haoyi,名,7,7-9,{},false,false,false,
7007,好在,hǎozài,1,好在,haozai,副,7,7-9,{},false,false,false,
7008,耗,hào,1,耗,hao,动,7,7-9,{},false,false,false,
7009,号称,hàochēng,1,号称,haocheng,动,7,7-9,{},false,false,false,
7010,耗费,hàofèi,1,耗费,haofei,动,7,7-9,{},false,false,false,
7011,浩瀚,hàohàn,1,浩瀚,haohan,形,7,7-9,{},false,false,false,
7012,浩劫,hàojié,1,浩劫,haojie,名,7,7-9,{},false,false,false,
7013,好胜,hàoshèng,1,好胜,haosheng,形,7,7-9,{},false,false,false,
7014,耗时,hàoshí,1,耗时,haoshi,动,7,7-9,{},false,false,false,
7015,呵,hē,1,呵,he,动,7,7-9,{},false,false,false,
7016,呵护,hēhù,1,呵护,hehu,动,7,7-9,{},false,false,false,
7017,何,hé,1,何,he,代,7,7-9,{},false,false,false,
7018,和,hé,2,和2,he,形,7,7-9,{},true,false,false,
7019,核,hé,1,核,he,名,7,7-9,{},false,false,false,
7020,和蔼,hé’ǎi,1,和蔼,heai,形,7,7-9,{},false,false,false,
7021,何必,hébì,1,何必,hebi,副,7,7-9,{},false,false,false,
7022,核查,héchá,1,核查,hecha,动,7,7-9,{},false,false,false,
7023,合唱,héchàng,1,合唱,hechang,动,7,7-9,{},false,false,false,
7024,何等,héděng,1,何等,hedeng,代、副,7,7-9,{},false,false,false,
7025,核电站,hédiànzhàn,1,核电站,hedianzhan,名,7,7-9,{},false,false,false,
7026,核对,héduì,1,核对,hedui,动,7,7-9,{},false,false,false,
7027,和好,héhǎo,1,和好,hehao,形、动,7,7-9,{},false,false,false,
7028,合乎,héhū,1,合乎,hehu,动,7,7-9,{},false,false,false,
7029,荷花,héhuā,1,荷花,hehua,名,7,7-9,{},false,false,false,
7030,合伙,héhuǒ,1,合伙,hehuo,动,7,7-9,{},false,false,false,
7031,合计,héjì,1,合计,heji,动,7,7-9,{},false,false,false,
7032,和解,héjiě,1,和解,hejie,动,7,7-9,{},false,false,false,
7033,何苦,hékǔ,1,何苦,heku,副,7,7-9,{},false,false,false,
7034,何况,hékuàng,1,何况,hekuang,连,7,7-9,{},false,false,false,
7035,禾苗,hémiáo,1,禾苗,hemiao,名,7,7-9,{},false,false,false,
7036,和睦,hémù,1,和睦,hemu,形,7,7-9,{},false,false,false,
7037,核能,hénéng,1,核能,heneng,名,7,7-9,{},false,false,false,
7038,河畔,hépàn,1,河畔,hepan,名,7,7-9,{},false,false,false,
7039,和平共处,hépíng gòngchǔ,1,和平共处,hepinggongchu,,7,7-9,{},false,false,true,
7040,和气,héqi,1,和气,heqi,形、名,7,7-9,{},false,false,false,
7041,和尚,héshang,1,和尚,heshang,名,7,7-9,{},false,false,false,
7042,核实,héshí,1,核实,heshi,动,7,7-9,{},false,false,false,
7043,核桃,hétao,1,核桃,hetao,名,7,7-9,{},false,false,false,
7044,核武器,héwǔqì,1,核武器,hewuqi,名,7,7-9,{},false,false,false,
7045,合约,héyuē,1,合约,heyue,名,7,7-9,{},false,false,false,
7046,何止,hézhǐ,1,何止,hezhi,动,7,7-9,{},false,false,false,
7047,合资,hézī,1,合资,hezi,动,7,7-9,{},false,false,false,
7048,喝彩,hècǎi,1,喝彩,hecai,动,7,7-9,{},false,false,false,
7049,贺电,hèdiàn,1,贺电,hedian,名,7,7-9,{},false,false,false,
7050,鹤立鸡群,hèlìjīqún,1,鹤立鸡群,helijiqun,,7,7-9,{},false,false,true,
7051,赫然,hèrán,1,赫然,heran,形,7,7-9,{},false,false,false,
7052,贺信,hèxìn,1,贺信,hexin,名,7,7-9,{},false,false,false,
7053,黑客,hēikè,1,黑客,heike,名,7,7-9,{},false,false,false,
7054,黑马,hēimǎ,1,黑马,heima,名,7,7-9,{},false,false,false,
7055,黑名单,hēimíngdān,1,黑名单,heimingdan,名,7,7-9,{},false,false,false,
7056,恨不得,hènbude,1,恨不得,henbude,动,7,7-9,{},false,false,false,
7057,哼,hēng,1,哼,heng,动,7,7-9,{},false,false,false,
7058,横,héng,2,横,heng,形,7,7-9,{},true,false,false,source_duplicate: same headword+pinyin listed at multiple levels
7059,横向,héngxiàng,1,横向,hengxiang,形,7,7-9,{},false,false,false,
7060,恒星,héngxīng,1,恒星,hengxing,名,7,7-9,{},false,false,false,
7061,轰,hōng,1,轰,hong,拟声、动,7,7-9,{},false,false,false,
7062,烘,hōng,1,烘,hong,动,7,7-9,{},false,false,false,
7063,烘焙,hōngbèi,1,烘焙,hongbei,动,7,7-9,{},false,false,false,
7064,轰动,hōngdòng,1,轰动,hongdong,动,7,7-9,{},false,false,false,
7065,烘干,hōnggān,1,烘干,honggan,动,7,7-9,{},false,false,false,
7066,哄堂大笑,hōngtáng-dàxiào,1,哄堂大笑,hongtangdaxiao,,7,7-9,{},false,false,true,
7067,烘托,hōngtuō,1,烘托,hongtuo,动,7,7-9,{},false,false,false,
7068,轰炸,hōngzhà,1,轰炸,hongzha,动,7,7-9,{},false,false,false,
7069,宏观,hóngguān,1,宏观,hongguan,形,7,7-9,{},false,false,false,
7070,红火,hónghuo,1,红火,honghuo,形,7,7-9,{},false,false,false,
7071,红利,hónglì,1,红利,hongli,名,7,7-9,{},false,false,false,
7072,洪亮,hóngliàng,1,洪亮,hongliang,形,7,7-9,{},false,false,false,
7073,红扑扑,hóngpūpū,1,红扑扑,hongpupu,形,7,7-9,{},false,false,false,
7074,红润,hóngrùn,1,红润,hongrun,形,7,7-9,{},false,false,false,
7075,红薯,hóngshǔ,1,红薯,hongshu,名,7,7-9,{},false,false,false,
7076,宏伟,hóngwěi,1,宏伟,hongwei,形,7,7-9,{},false,false,false,
7077,弘扬,hóngyáng,1,弘扬,hongyang,动,7,7-9,{},false,false,false,
7078,哄,hǒng,1,哄,hong,动,7,7-9,{},false,false,false,
7079,喉咙,hóulóng,1,喉咙,houlong,名,7,7-9,{},false,false,false,
7080,吼,hǒu,1,吼,hou,动,7,7-9,{},false,false,false,
7081,后备,hòubèi,1,后备,houbei,形、名,7,7-9,{},false,false,false,
7082,后备箱,hòubèixiāng,1,后备箱,houbeixiang,名,7,7-9,{},false,false,false,
7083,厚道,hòudao,1,厚道,houdao,形,7,7-9,{},false,false,false,
7084,后盾,hòudùn,1,后盾,houdun,名,7,7-9,{},false,false,false,
7085,后顾之忧,hòugùzhīyōu,1,后顾之忧,houguzhiyou,,7,7-9,{},false,false,true,
7086,后勤,hòuqín,1,后勤,houqin,名,7,7-9,{},false,false,false,
7087,后世,hòushì,1,后世,houshi,名,7,7-9,{},false,false,false,
7088,后台,hòutái,1,后台,houtai,名,7,7-9,{},false,false,false,
7089,后续,hòuxù,1,后续,houxu,形,7,7-9,{},false,false,false,
7090,候选人,hòuxuǎnrén,1,候选人,houxuanren,名,7,7-9,{},false,false,false,
7091,后裔,hòuyì,1,后裔,houyi,名,7,7-9,{},false,false,false,
7092,后遗症,hòuyízhèng,1,后遗症,houyizheng,名,7,7-9,{},false,false,false,
7093,呼,hū,1,呼,hu,动,7,7-9,{},false,false,false,
7094,呼唤,hūhuàn,1,呼唤,huhuan,动,7,7-9,{},false,false,false,
7095,呼救,hūjiù,1,呼救,hujiu,动,7,7-9,{},false,false,false,
7096,忽冷忽热,hūlěng-hūrè,1,忽冷忽热,hulenghure,,7,7-9,{},false,false,true,
7097,呼声,hūshēng,1,呼声,husheng,名,7,7-9,{},false,false,false,
7098,呼啸,hūxiào,1,呼啸,huxiao,动,7,7-9,{},false,false,false,
7099,呼应,hūyìng,1,呼应,huying,动,7,7-9,{},false,false,false,
7100,忽悠,hūyou,1,忽悠,huyou,动,7,7-9,{},false,false,false,
7101,呼吁,hūyù,1,呼吁,huyu,动,7,7-9,{},false,false,false,
7102,糊,hú,1,糊,hu,动,7,7-9,{},false,false,false,
7103,狐狸,húli,1,狐狸,huli,名,7,7-9,{},false,false,false,
7104,胡乱,húluàn,1,胡乱,huluan,副,7,7-9,{},false,false,false,
7105,胡闹,húnào,1,胡闹,hunao,动,7,7-9,{},false,false,false,
7106,湖泊,húpō,1,湖泊,hupo,名,7,7-9,{},false,false,false,
7107,胡说,húshuō,1,胡说,hushuo,动,7,7-9,{},false,false,false,
7108,胡思乱想,húsī-luànxiǎng,1,胡思乱想,husiluanxiang,,7,7-9,{},false,false,true,
7109,糊涂,hútu,1,糊涂,hutu,形,7,7-9,{},false,false,false,
7110,护,hù,1,护,hu,动,7,7-9,{},false,false,false,
7111,互补,hùbǔ,1,互补,hubu,动,7,7-9,{},false,false,false,
7112,护理,hùlǐ,1,护理,huli,动,7,7-9,{},false,false,false,
7113,花瓣,huābàn,1,花瓣,huaban,名,7,7-9,{},false,false,false,
7114,花卉,huāhuì,1,花卉,huahui,名,7,7-9,{},false,false,false,
7115,花蕾,huālěi,1,花蕾,hualei,名,7,7-9,{},false,false,false,
7116,花纹,huāwén,1,花纹,huawen,名,7,7-9,{},false,false,false,
7117,花样,huāyàng,1,花样,huayang,名,7,7-9,{},false,false,false,
7118,划不来,huábulái,1,划不来,huabulai,形,7,7-9,{},false,false,false,
7119,划得来,huádelái,1,划得来,huadelai,形,7,7-9,{},false,false,false,
7120,滑稽,huájī,1,滑稽,huaji,形,7,7-9,{},false,false,false,
7121,华丽,huálì,1,华丽,huali,形,7,7-9,{},false,false,false,
7122,华侨,huáqiáo,1,华侨,huaqiao,名,7,7-9,{},false,false,false,
7123,哗然,huárán,1,哗然,huaran,形,7,7-9,{},false,false,false,
7124,华人,huárén,1,华人,huaren,名,7,7-9,{},false,false,false,
7125,划算,huásuàn,1,划算,huasuan,动、形,7,7-9,{},false,false,false,
7126,滑梯,huátī,1,滑梯,huati,名,7,7-9,{},false,false,false,
7127,华裔,huáyì,1,华裔,huayi,名,7,7-9,{},false,false,false,
7128,画册,huàcè,1,画册,huace,名,7,7-9,{},false,false,false,
7129,化肥,huàféi,1,化肥,huafei,名,7,7-9,{},false,false,false,
7130,化解,huàjiě,1,化解,huajie,动,7,7-9,{},false,false,false,
7131,画龙点睛,huàlóng-diǎnjīng,1,画龙点睛,hualongdianjing,,7,7-9,{},false,false,true,
7132,化身,huàshēn,1,化身,huashen,名,7,7-9,{},false,false,false,
7133,画蛇添足,huàshé-tiānzú,1,画蛇添足,huashetianzu,,7,7-9,{},false,false,true,
7134,划时代,huàshídài,1,划时代,huashidai,形,7,7-9,{},false,false,false,
7135,化险为夷,huàxiǎnwéiyí,1,化险为夷,huaxianweiyi,,7,7-9,{},false,false,true,
7136,化验,huàyàn,1,化验,huayan,动,7,7-9,{},false,false,false,
7137,话语,huàyǔ,1,话语,huayu,名,7,7-9,{},false,false,false,
7138,怀抱,huáibào,1,怀抱,huaibao,动、名,7,7-9,{},false,false,false,
7139,怀旧,huáijiù,1,怀旧,huaijiu,动,7,7-9,{},false,false,false,
7140,槐树,huáishù,1,槐树,huaishu,名,7,7-9,{},false,false,false,
7141,欢呼,huānhū,1,欢呼,huanhu,动,7,7-9,{},false,false,false,
7142,欢聚,huānjù,1,欢聚,huanju,动,7,7-9,{},false,false,false,
7143,欢快,huānkuài,1,欢快,huankuai,形,7,7-9,{},false,false,false,
7144,欢声笑语,huānshēng-xiàoyǔ,1,欢声笑语,huanshengxiaoyu,,7,7-9,{},false,false,true,
7145,环比,huánbǐ,1,环比,huanbi,动,7,7-9,{},false,false,false,
7146,环球,huánqiú,1,环球,huanqiu,动,7,7-9,{},false,false,false,
7147,环绕,huánrào,1,环绕,huanrao,动,7,7-9,{},false,false,false,
7148,缓,huǎn,1,缓,huan,动,7,7-9,{},false,false,false,
7149,缓和,huǎnhé,1,缓和,huanhe,形、动,7,7-9,{},false,false,false,
7150,焕发,huànfā,1,焕发,huanfa,动,7,7-9,{},false,false,false,
7151,幻觉,huànjué,1,幻觉,huanjue,名,7,7-9,{},false,false,false,
7152,唤起,huànqǐ,1,唤起,huanqi,动,7,7-9,{},false,false,false,
7153,换取,huànqǔ,1,换取,huanqu,动,7,7-9,{},false,false,false,
7154,焕然一新,huànrán-yìxīn,1,焕然一新,huanranyixin,,7,7-9,{},false,false,true,
7155,唤醒,huànxǐng,1,唤醒,huanxing,动,7,7-9,{},false,false,false,
7156,幻影,huànyǐng,1,幻影,huanying,名,7,7-9,{},false,false,false,
7157,荒,huāng,1,荒,huang,动,7,7-9,{},false,false,false,
7158,慌,huāng,1,慌,huang,形,7,7-9,{},false,false,false,
7159,荒诞,huāngdàn,1,荒诞,huangdan,形,7,7-9,{},false,false,false,
7160,荒凉,huāngliáng,1,荒凉,huangliang,形,7,7-9,{},false,false,false,
7161,慌乱,huāngluàn,1,慌乱,huangluan,形,7,7-9,{},false,false,false,
7162,慌忙,huāngmáng,1,慌忙,huangmang,形,7,7-9,{},false,false,false,
7163,荒谬,huāngmiù,1,荒谬,huangmiu,形,7,7-9,{},false,false,false,
7164,荒唐,huāngtáng,1,荒唐,huangtang,形,7,7-9,{},false,false,false,
7165,慌张,huāngzhāng,1,慌张,huangzhang,形,7,7-9,{},false,false,false,
7166,皇宫,huánggōng,1,皇宫,huanggong,名,7,7-9,{},false,false,false,
7167,皇后,huánghòu,1,皇后,huanghou,名,7,7-9,{},false,false,false,
7168,黄昏,huánghūn,1,黄昏,huanghun,名,7,7-9,{},false,false,false,
7169,皇上,huángshang,1,皇上,huangshang,名,7,7-9,{},false,false,false,
7170,皇室,huángshì,1,皇室,huangshi,名,7,7-9,{},false,false,false,
7171,晃,huǎng,1,晃,huang,动,7,7-9,{},true,true,false,
7172,谎话,huǎnghuà,1,谎话,huanghua,名,7,7-9,{},false,false,false,
7173,恍然大悟,huǎngrán-dàwù,1,恍然大悟,huangrandawu,,7,7-9,{},false,false,true,
7174,谎言,huǎngyán,1,谎言,huangyan,名,7,7-9,{},false,false,false,
7175,晃,huàng,1,晃,huang,动,7,7-9,{},true,true,false,
7176,晃荡,huàngdang,1,晃荡,huangdang,动,7,7-9,{},false,false,false,
7177,辉煌,huīhuáng,1,辉煌,huihuang,形,7,7-9,{},false,false,false,
7178,挥霍,huīhuò,1,挥霍,huihuo,动,7,7-9,{},false,false,false,
7179,挥舞,huīwǔ,1,挥舞,huiwu,动,7,7-9,{},false,false,false,
7180,回避,huíbì,1,回避,huibi,动,7,7-9,{},false,false,false,
7181,回归,huíguī,1,回归,huigui,动,7,7-9,{},false,false,false,
7182,回合,huíhé,1,回合,huihe,名,7,7-9,{},false,false,false,
7183,回馈,huíkuì,1,回馈,huikui,动,7,7-9,{},false,false,false,
7184,回落,huíluò,1,回落,huiluo,动,7,7-9,{},false,false,false,
7185,回升,huíshēng,1,回升,huisheng,动,7,7-9,{},false,false,false,
7186,回首,huíshǒu,1,回首,huishou,动,7,7-9,{},false,false,false,
7187,回味,huíwèi,1,回味,huiwei,名、动,7,7-9,{},false,false,false,
7188,回想,huíxiǎng,1,回想,huixiang,动,7,7-9,{},false,false,false,
7189,回忆录,huíyìlù,1,回忆录,huiyilu,名,7,7-9,{},false,false,false,
7190,回应,huíyìng,1,回应,huiying,动,7,7-9,{},false,false,false,
7191,毁,huǐ,1,毁,hui,动,7,7-9,{},false,false,false,
7192,悔恨,huǐhèn,1,悔恨,huihen,动,7,7-9,{},false,false,false,
7193,毁坏,huǐhuài,1,毁坏,huihuai,动,7,7-9,{},false,false,false,
7194,毁灭,huǐmiè,1,毁灭,huimie,动,7,7-9,{},false,false,false,
7195,会场,huìchǎng,1,会场,huichang,名,7,7-9,{},false,false,false,
7196,汇合,huìhé,1,汇合,huihe,动,7,7-9,{},false,false,false,
7197,汇集,huìjí,1,汇集,huiji,动,7,7-9,{},false,false,false,
7198,汇聚,huìjù,1,汇聚,huiju,动,7,7-9,{},false,false,false,
7199,贿赂,huìlù,1,贿赂,huilu,动、名,7,7-9,{},false,false,false,
7200,会面,huìmiàn,1,会面,huimian,动,7,7-9,{},false,false,false,
7201,绘声绘色,huìshēng-huìsè,1,绘声绘色,huishenghuise,,7,7-9,{},false,false,true,
7202,会谈,huìtán,1,会谈,huitan,动,7,7-9,{},false,false,false,
7203,会晤,huìwù,1,会晤,huiwu,动,7,7-9,{},false,false,false,
7204,会意,huìyì,1,会意,huiyi,动,7,7-9,{},false,false,false,
7205,会诊,huìzhěn,1,会诊,huizhen,动,7,7-9,{},false,false,false,
7206,绘制,huìzhì,1,绘制,huizhi,动,7,7-9,{},false,false,false,
7207,昏,hūn,1,昏,hun,动,7,7-9,{},false,false,false,
7208,荤,hūn,1,荤,hun,名,7,7-9,{},false,false,false,
7209,昏迷,hūnmí,1,昏迷,hunmi,动,7,7-9,{},false,false,false,
7210,婚纱,hūnshā,1,婚纱,hunsha,名,7,7-9,{},false,false,false,
7211,浑身,húnshēn,1,浑身,hunshen,名,7,7-9,{},false,false,false,
7212,混淆,hùnxiáo,1,混淆,hunxiao,动,7,7-9,{},false,false,false,
7213,混浊,hùnzhuó,1,混浊,hunzhuo,形,7,7-9,{},false,false,false,
7214,豁,huō,1,豁,huo,动,7,7-9,{},false,false,false,
7215,豁出去,huōchuqu,1,豁出去,huochuqu,动,7,7-9,{},false,false,false,
7216,活该,huógāi,1,活该,huogai,动,7,7-9,{},false,false,false,
7217,活期,huóqī,1,活期,huoqi,形,7,7-9,{},false,false,false,
7218,火爆,huǒbào,1,火爆,huobao,形,7,7-9,{},false,false,false,
7219,火候,huǒhou,1,火候,huohou,名,7,7-9,{},false,false,false,
7220,火花,huǒhuā,1,火花,huohua,名,7,7-9,{},false,false,false,
7221,火箭,huǒjiàn,1,火箭,huojian,名,7,7-9,{},false,false,false,
7222,火炬,huǒjù,1,火炬,huoju,名,7,7-9,{},false,false,false,
7223,火辣辣,huǒlàlà,1,火辣辣,huolala,形,7,7-9,{},false,false,false,
7224,火热,huǒrè,1,火热,huore,形,7,7-9,{},false,false,false,
7225,火山,huǒshān,1,火山,huoshan,名,7,7-9,{},false,false,false,
7226,伙食,huǒshí,1,伙食,huoshi,名,7,7-9,{},false,false,false,
7227,火速,huǒsù,1,火速,huosu,副,7,7-9,{},false,false,false,
7228,火腿,huǒtuǐ,1,火腿,huotui,名,7,7-9,{},false,false,false,
7229,火焰,huǒyàn,1,火焰,huoyan,名,7,7-9,{},false,false,false,
7230,豁达,huòdá,1,豁达,huoda,形,7,7-9,{},false,false,false,
7231,或多或少,huòduō-huòshǎo,1,或多或少,huoduohuoshao,,7,7-9,{},false,false,true,
7232,祸害,huòhai,1,祸害,huohai,名、动,7,7-9,{},false,false,false,
7233,获悉,huòxī,1,获悉,huoxi,动,7,7-9,{},false,false,false,
7234,货运,huòyùn,1,货运,huoyun,名,7,7-9,{},false,false,false,
7235,积,jī,1,积,ji,动,7,7-9,{},false,false,false,
7236,基本功,jīběngōng,1,基本功,jibengong,名,7,7-9,{},false,false,false,
7237,机舱,jīcāng,1,机舱,jicang,名,7,7-9,{},false,false,false,
7238,基层,jīcéng,1,基层,jiceng,名,7,7-9,{},false,false,false,
7239,激荡,jīdàng,1,激荡,jidang,动,7,7-9,{},false,false,false,
7240,积淀,jīdiàn,1,积淀,jidian,动、名,7,7-9,{},false,false,false,
7241,机动,jīdòng,1,机动,jidong,形,7,7-9,{},false,false,false,
7242,肌肤,jīfū,1,肌肤,jifu,名,7,7-9,{},false,false,false,
7243,机关,jīguān,1,机关,jiguan,名、形,7,7-9,{},false,false,false,
7244,激光,jīguāng,1,激光,jiguang,名,7,7-9,{},false,false,false,
7245,激化,jīhuà,1,激化,jihua,动,7,7-9,{},false,false,false,
7246,激活,jīhuó,1,激活,jihuo,动,7,7-9,{},false,false,false,
7247,基建,jījiàn,1,基建,jijian,名,7,7-9,{},false,false,false,
7248,基金会,jījīnhuì,1,基金会,jijinhui,名,7,7-9,{},false,false,false,
7249,机灵,jīling,1,机灵,jiling,形,7,7-9,{},false,false,false,
7250,机密,jīmì,1,机密,jimi,形、名,7,7-9,{},false,false,false,
7251,激起,jīqǐ,1,激起,jiqi,动,7,7-9,{},false,false,false,
7252,激素,jīsù,1,激素,jisu,名,7,7-9,{},false,false,false,
7253,讥笑,jīxiào,1,讥笑,jixiao,动,7,7-9,{},false,false,false,
7254,畸形,jīxíng,1,畸形,jixing,形,7,7-9,{},false,false,false,
7255,积蓄,jīxù,1,积蓄,jixu,动、名,7,7-9,{},false,false,false,
7256,基于,jīyú,1,基于,jiyu,介,7,7-9,{},false,false,false,
7257,积攒,jīzǎn,1,积攒,jizan,动,7,7-9,{},false,false,false,
7258,激增,jīzēng,1,激增,jizeng,动,7,7-9,{},false,false,false,
7259,机智,jīzhì,1,机智,jizhi,形,7,7-9,{},false,false,false,
7260,基准,jīzhǔn,1,基准,jizhun,名,7,7-9,{},false,false,false,
7261,即,jí,1,即,ji,副,7,7-9,{},false,false,false,
7262,级别,jíbié,1,级别,jibie,名,7,7-9,{},false,false,false,
7263,急促,jícù,1,急促,jicu,形,7,7-9,{},false,false,false,
7264,极度,jídù,1,极度,jidu,副,7,7-9,{},false,false,false,
7265,嫉妒,jídù,1,嫉妒,jidu,动,7,7-9,{},false,false,false,
7266,急功近利,jígōng-jìnlì,1,急功近利,jigongjinli,,7,7-9,{},false,false,true,
7267,籍贯,jíguàn,1,籍贯,jiguan,名,7,7-9,{},false,false,false,
7268,集会,jíhuì,1,集会,jihui,动、名,7,7-9,{},false,false,false,
7269,急剧,jíjù,1,急剧,jiju,形,7,7-9,{},false,false,false,
7270,即可,jíkě,1,即可,jike,动,7,7-9,{},false,false,false,
7271,吉利,jílì,1,吉利,jili,形,7,7-9,{},false,false,false,
7272,极力,jílì,1,极力,jili,副,7,7-9,{},false,false,false,
7273,急迫,jípò,1,急迫,jipo,形,7,7-9,{},false,false,false,
7274,汲取,jíqǔ,1,汲取,jiqu,动,7,7-9,{},false,false,false,
7275,即日,jírì,1,即日,jiri,名,7,7-9,{},false,false,false,
7276,即时,jíshí,1,即时,jishi,副,7,7-9,{},false,false,false,
7277,集市,jíshì,1,集市,jishi,名,7,7-9,{},false,false,false,
7278,棘手,jíshǒu,1,棘手,jishou,形,7,7-9,{},false,false,false,
7279,集思广益,jísī-guǎngyì,1,集思广益,jisiguangyi,,7,7-9,{},false,false,true,
7280,吉他,jítā,1,吉他,jita,名,7,7-9,{},false,false,false,
7281,极限,jíxiàn,1,极限,jixian,名,7,7-9,{},false,false,false,
7282,吉祥物,jíxiángwù,1,吉祥物,jixiangwu,名,7,7-9,{},false,false,false,
7283,急性,jíxìng,1,急性,jixing,形,7,7-9,{},false,false,false,
7284,急于,jíyú,1,急于,jiyu,动,7,7-9,{},false,false,false,
7285,急于求成,jíyú-qiúchéng,1,急于求成,jiyuqiucheng,,7,7-9,{},false,false,true,
7286,急躁,jízào,1,急躁,jizao,形,7,7-9,{},false,false,false,
7287,及早,jízǎo,1,及早,jizao,副,7,7-9,{},false,false,false,
7288,急中生智,jízhōng-shēngzhì,1,急中生智,jizhongshengzhi,,7,7-9,{},false,false,true,
7289,集装箱,jízhuāngxiāng,1,集装箱,jizhuangxiang,名,7,7-9,{},false,false,false,
7290,集资,jízī,1,集资,jizi,动,7,7-9,{},false,false,false,
7291,脊梁,jǐliáng,1,脊梁,jiliang,名,7,7-9,{},false,false,false,
7292,挤压,jǐyā,1,挤压,jiya,动,7,7-9,{},false,false,false,
7293,计,jì,1,计,ji,动、名,7,7-9,{},false,false,false,
7294,忌,jì,1,忌,ji,动,7,7-9,{},false,false,false,
7295,剂,jì,1,剂,ji,名、量,7,7-9,{},false,false,false,
7296,继,jì,1,继,ji,连,7,7-9,{},false,false,false,
7297,祭,jì,1,祭,ji,动,7,7-9,{},false,false,false,
7298,暨,jì,1,暨,ji,连,7,7-9,{},false,false,false,
7299,继而,jì’ér,1,继而,jier,连,7,7-9,{},false,false,false,
7300,计策,jìcè,1,计策,jice,名,7,7-9,{},false,false,false,
7301,祭奠,jìdiàn,1,祭奠,jidian,动,7,7-9,{},false,false,false,
7302,忌妒,jìdu,1,忌妒,jidu,动,7,7-9,{},false,false,false,
7303,继父,jìfù,1,继父,jifu,名,7,7-9,{},false,false,false,
7304,记号,jìhao,1,记号,jihao,名,7,7-9,{},false,false,false,
7305,忌讳,jìhuì,1,忌讳,jihui,动、名,7,7-9,{},false,false,false,
7306,计较,jìjiào,1,计较,jijiao,动,7,7-9,{},false,false,false,
7307,寂静,jìjìng,1,寂静,jijing,形,7,7-9,{},false,false,false,
7308,忌口,jìkǒu,1,忌口,jikou,动,7,7-9,{},false,false,false,
7309,剂量,jìliàng,1,剂量,jiliang,名,7,7-9,{},false,false,false,
7310,继母,jìmǔ,1,继母,jimu,名,7,7-9,{},false,false,false,
7311,纪念碑,jìniànbēi,1,纪念碑,jinianbei,名,7,7-9,{},false,false,false,
7312,纪实,jìshí,1,纪实,jishi,动、名,7,7-9,{},false,false,false,
7313,祭祀,jìsì,1,祭祀,jisi,动,7,7-9,{},false,false,false,
7314,寄托,jìtuō,1,寄托,jituo,动,7,7-9,{},false,false,false,
7315,迹象,jìxiàng,1,迹象,jixiang,名,7,7-9,{},false,false,false,
7316,绩效,jìxiào,1,绩效,jixiao,名,7,7-9,{},false,false,false,
7317,记性,jìxing,1,记性,jixing,名,7,7-9,{},false,false,false,
7318,纪要,jìyào,1,纪要,jiyao,名,7,7-9,{},false,false,false,
7319,记忆犹新,jìyì-yóuxīn,1,记忆犹新,jiyiyouxin,,7,7-9,{},false,false,true,
7320,家伙,jiāhuo,1,家伙,jiahuo,名,7,7-9,{},false,false,false,
7321,家教,jiājiào,1,家教,jiajiao,名,7,7-9,{},false,false,false,
7322,佳节,jiājié,1,佳节,jiajie,名,7,7-9,{},false,false,false,
7323,加紧,jiājǐn,1,加紧,jiajin,动,7,7-9,{},false,false,false,
7324,家境,jiājìng,1,家境,jiajing,名,7,7-9,{},false,false,false,
7325,加盟,jiāméng,1,加盟,jiameng,动,7,7-9,{},false,false,false,
7326,嘉年华,jiāniánhuá,1,嘉年华,jianianhua,名,7,7-9,{},false,false,false,
7327,家禽,jiāqín,1,家禽,jiaqin,名,7,7-9,{},false,false,false,
7328,家世,jiāshì,1,家世,jiashi,名,7,7-9,{},false,false,false,
7329,佳肴,jiāyáo,1,佳肴,jiayao,名,7,7-9,{},false,false,false,
7330,家用,jiāyòng,1,家用,jiayong,名、形,7,7-9,{},false,false,false,
7331,家喻户晓,jiāyù-hùxiǎo,1,家喻户晓,jiayuhuxiao,,7,7-9,{},false,false,true,
7332,夹杂,jiāzá,1,夹杂,jiaza,动,7,7-9,{},false,false,false,
7333,家政,jiāzhèng,1,家政,jiazheng,名,7,7-9,{},false,false,false,
7334,加之,jiāzhī,1,加之,jiazhi,连,7,7-9,{},false,false,false,
7335,夹子,jiāzi,1,夹子,jiazi,名,7,7-9,{},false,false,false,
7336,家族,jiāzú,1,家族,jiazu,名,7,7-9,{},false,false,false,
7337,假定,jiǎdìng,1,假定,jiading,动,7,7-9,{},false,false,false,
7338,假冒,jiǎmào,1,假冒,jiamao,动,7,7-9,{},false,false,false,
7339,假使,jiǎshǐ,1,假使,jiashi,连,7,7-9,{},false,false,false,
7340,假装,jiǎzhuāng,1,假装,jiazhuang,动,7,7-9,{},false,false,false,
7341,驾,jià,1,驾,jia,动、量,7,7-9,{},false,false,false,
7342,架势,jiàshi,1,架势,jiashi,名,7,7-9,{},false,false,false,
7343,价位,jiàwèi,1,价位,jiawei,名,7,7-9,{},false,false,false,
7344,驾驭,jiàyù,1,驾驭,jiayu,动,7,7-9,{},false,false,false,
7345,价值观,jiàzhíguān,1,价值观,jiazhiguan,名,7,7-9,{},false,false,false,
7346,嫁妆,jiàzhuang,1,嫁妆,jiazhuang,名,7,7-9,{},false,false,false,
7347,架子,jiàzi,1,架子,jiazi,名,7,7-9,{},false,false,false,
7348,兼,jiān,1,兼,jian,动,7,7-9,{},false,false,false,
7349,煎,jiān,1,煎,jian,动,7,7-9,{},false,false,false,
7350,煎熬,jiān’áo,1,煎熬,jianao,动,7,7-9,{},false,false,false,
7351,监察,jiānchá,1,监察,jiancha,动,7,7-9,{},false,false,false,
7352,尖端,jiānduān,1,尖端,jianduan,名、形,7,7-9,{},false,false,false,
7353,肩负,jiānfù,1,肩负,jianfu,动,7,7-9,{},false,false,false,
7354,兼顾,jiāngù,1,兼顾,jiangu,动,7,7-9,{},false,false,false,
7355,监管,jiānguǎn,1,监管,jianguan,动,7,7-9,{},false,false,false,
7356,坚果,jiānguǒ,1,坚果,jianguo,名,7,7-9,{},false,false,false,
7357,监护,jiānhù,1,监护,jianhu,动,7,7-9,{},false,false,false,
7358,艰巨,jiānjù,1,艰巨,jianju,形,7,7-9,{},false,false,false,
7359,监控,jiānkòng,1,监控,jiankong,动,7,7-9,{},false,false,false,
7360,歼灭,jiānmiè,1,歼灭,jianmie,动,7,7-9,{},false,false,false,
7361,坚韧,jiānrèn,1,坚韧,jianren,形,7,7-9,{},false,false,false,
7362,兼任,jiānrèn,1,兼任,jianren,动,7,7-9,{},false,false,false,
7363,兼容,jiānróng,1,兼容,jianrong,动,7,7-9,{},false,false,false,
7364,尖锐,jiānruì,1,尖锐,jianrui,形,7,7-9,{},false,false,false,
7365,坚实,jiānshí,1,坚实,jianshi,形,7,7-9,{},false,false,false,
7366,监视,jiānshì,1,监视,jianshi,动,7,7-9,{},false,false,false,
7367,坚守,jiānshǒu,1,坚守,jianshou,动,7,7-9,{},false,false,false,
7368,艰险,jiānxiǎn,1,艰险,jianxian,形,7,7-9,{},false,false,false,
7369,坚信,jiānxìn,1,坚信,jianxin,动,7,7-9,{},false,false,false,
7370,监狱,jiānyù,1,监狱,jianyu,名,7,7-9,{},false,false,false,
7371,奸诈,jiānzhà,1,奸诈,jianzha,形,7,7-9,{},false,false,false,
7372,拣,jiǎn,1,拣,jian,动,7,7-9,{},false,false,false,
7373,剪彩,jiǎncǎi,1,剪彩,jiancai,动,7,7-9,{},false,false,false,
7374,检察,jiǎnchá,1,检察,jiancha,动,7,7-9,{},false,false,false,
7375,简称,jiǎnchēng,1,简称,jiancheng,名、动,7,7-9,{},false,false,false,
7376,简短,jiǎnduǎn,1,简短,jianduan,形,7,7-9,{},false,false,false,
7377,减负,jiǎnfù,1,减负,jianfu,动,7,7-9,{},false,false,false,
7378,剪辑,jiǎnjí,1,剪辑,jianji,动,7,7-9,{},false,false,false,
7379,简洁,jiǎnjié,1,简洁,jianjie,形,7,7-9,{},false,false,false,
7380,简练,jiǎnliàn,1,简练,jianlian,形,7,7-9,{},false,false,false,
7381,简陋,jiǎnlòu,1,简陋,jianlou,形,7,7-9,{},false,false,false,
7382,减免,jiǎnmiǎn,1,减免,jianmian,动,7,7-9,{},false,false,false,
7383,检讨,jiǎntǎo,1,检讨,jiantao,动、名,7,7-9,{},false,false,false,
7384,简体字,jiǎntǐzì,1,简体字,jiantizi,名,7,7-9,{},false,false,false,
7385,减退,jiǎntuì,1,减退,jiantui,动,7,7-9,{},false,false,false,
7386,简要,jiǎnyào,1,简要,jianyao,形,7,7-9,{},false,false,false,
7387,简易,jiǎnyì,1,简易,jianyi,形,7,7-9,{},false,false,false,
7388,贱,jiàn,1,贱,jian,形,7,7-9,{},false,false,false,
7389,溅,jiàn,1,溅,jian,动,7,7-9,{},false,false,false,
7390,鉴别,jiànbié,1,鉴别,jianbie,动,7,7-9,{},false,false,false,
7391,间谍,jiàndié,1,间谍,jiandie,名,7,7-9,{},false,false,false,
7392,间断,jiànduàn,1,间断,jianduan,动,7,7-9,{},false,false,false,
7393,见多识广,jiànduō-shíguǎng,1,见多识广,jianduoshiguang,,7,7-9,{},false,false,true,
7394,见解,jiànjiě,1,见解,jianjie,名,7,7-9,{},false,false,false,
7395,见利忘义,jiànlì-wàngyì,1,见利忘义,jianliwangyi,,7,7-9,{},false,false,true,
7396,健美,jiànměi,1,健美,jianmei,形、名,7,7-9,{},false,false,false,
7397,见仁见智,jiànrén-jiànzhì,1,见仁见智,jianrenjianzhi,,7,7-9,{},false,false,true,
7398,鉴赏,jiànshǎng,1,鉴赏,jianshang,动,7,7-9,{},false,false,false,
7399,见识,jiànshi,1,见识,jianshi,动、名,7,7-9,{},false,false,false,
7400,建树,jiànshù,1,建树,jianshu,动、名,7,7-9,{},false,false,false,
7401,践踏,jiàntà,1,践踏,jianta,动,7,7-9,{},false,false,false,
7402,见外,jiànwài,1,见外,jianwai,形,7,7-9,{},false,false,false,
7403,见闻,jiànwén,1,见闻,jianwen,名,7,7-9,{},false,false,false,
7404,间隙,jiànxì,1,间隙,jianxi,名,7,7-9,{},false,false,false,
7405,见效,jiànxiào,1,见效,jianxiao,动,7,7-9,{},false,false,false,
7406,间歇,jiànxiē,1,间歇,jianxie,动,7,7-9,{},false,false,false,
7407,见义勇为,jiànyì-yǒngwéi,1,见义勇为,jianyiyongwei,,7,7-9,{},false,false,true,
7408,鉴于,jiànyú,1,鉴于,jianyu,介、连,7,7-9,{},false,false,false,
7409,见证,jiànzhèng,1,见证,jianzheng,动、名,7,7-9,{},false,false,false,
7410,健壮,jiànzhuàng,1,健壮,jianzhuang,形,7,7-9,{},false,false,false,
7411,姜,jiāng,1,姜,jiang,名,7,7-9,{},false,false,false,
7412,僵,jiāng,1,僵,jiang,形,7,7-9,{},false,false,false,
7413,僵化,jiānghuà,1,僵化,jianghua,动,7,7-9,{},false,false,false,
7414,将就,jiāngjiu,1,将就,jiangjiu,动,7,7-9,{},false,false,false,
7415,僵局,jiāngjú,1,僵局,jiangju,名,7,7-9,{},false,false,false,
7416,江山,jiāngshān,1,江山,jiangshan,名,7,7-9,{},false,false,false,
7417,僵硬,jiāngyìng,1,僵硬,jiangying,形,7,7-9,{},false,false,false,
7418,桨,jiǎng,1,桨,jiang,名,7,7-9,{},false,false,false,
7419,奖杯,jiǎngbēi,1,奖杯,jiangbei,名,7,7-9,{},false,false,false,
7420,讲理,jiǎnglǐ,1,讲理,jiangli,动、形,7,7-9,{},false,false,false,
7421,奖赏,jiǎngshǎng,1,奖赏,jiangshang,动,7,7-9,{},false,false,false,
7422,奖项,jiǎngxiàng,1,奖项,jiangxiang,名,7,7-9,{},false,false,false,
7423,降临,jiànglín,1,降临,jianglin,动,7,7-9,{},false,false,false,
7424,焦,jiāo,1,焦,jiao,形,7,7-9,{},false,false,false,
7425,交叉,jiāochā,1,交叉,jiaocha,动,7,7-9,{},false,false,false,
7426,交代,jiāodài,1,交代,jiaodai,动,7,7-9,{},false,false,false,
7427,交锋,jiāofēng,1,交锋,jiaofeng,动,7,7-9,{},false,false,false,
7428,交付,jiāofù,1,交付,jiaofu,动,7,7-9,{},false,false,false,
7429,娇惯,jiāoguàn,1,娇惯,jiaoguan,动,7,7-9,{},false,false,false,
7430,交互,jiāohù,1,交互,jiaohu,副、动,7,7-9,{},false,false,false,
7431,交集,jiāojí,1,交集,jiaoji,动,7,7-9,{},false,false,false,
7432,焦急,jiāojí,1,焦急,jiaoji,形,7,7-9,{},false,false,false,
7433,交界,jiāojiè,1,交界,jiaojie,动,7,7-9,{},false,false,false,
7434,交接,jiāojiē,1,交接,jiaojie,动,7,7-9,{},false,false,false,
7435,交纳,jiāonà,1,交纳,jiaona,动,7,7-9,{},false,false,false,
7436,胶囊,jiāonáng,1,胶囊,jiaonang,名,7,7-9,{},false,false,false,
7437,娇气,jiāoqì,1,娇气,jiaoqi,形,7,7-9,{},false,false,false,
7438,交情,jiāoqing,1,交情,jiaoqing,名,7,7-9,{},false,false,false,
7439,交涉,jiāoshè,1,交涉,jiaoshe,动,7,7-9,{},false,false,false,
7440,礁石,jiāoshí,1,礁石,jiaoshi,名,7,7-9,{},false,false,false,
7441,交替,jiāotì,1,交替,jiaoti,动,7,7-9,{},false,false,false,
7442,交头接耳,jiāotóu-jiē’ěr,1,交头接耳,jiaotoujieer,,7,7-9,{},false,false,true,
7443,交响乐,jiāoxiǎngyuè,1,交响乐,jiaoxiangyue,名,7,7-9,{},false,false,false,
7444,郊游,jiāoyóu,1,郊游,jiaoyou,动,7,7-9,{},false,false,false,
7445,焦躁,jiāozào,1,焦躁,jiaozao,形,7,7-9,{},false,false,false,
7446,交织,jiāozhī,1,交织,jiaozhi,动,7,7-9,{},false,false,false,
7447,嚼,jiáo,1,嚼,jiao,动,7,7-9,{},false,false,false,
7448,绞,jiǎo,1,绞,jiao,动,7,7-9,{},false,false,false,
7449,搅,jiǎo,1,搅,jiao,动,7,7-9,{},false,false,false,
7450,缴,jiǎo,1,缴,jiao,动,7,7-9,{},false,false,false,
7451,搅拌,jiǎobàn,1,搅拌,jiaoban,动,7,7-9,{},false,false,false,
7452,狡猾,jiǎohuá,1,狡猾,jiaohua,形,7,7-9,{},false,false,false,
7453,缴纳,jiǎonà,1,缴纳,jiaona,动,7,7-9,{},false,false,false,
7454,脚踏实地,jiǎotāshídì,1,脚踏实地,jiaotashidi,,7,7-9,{},false,false,true,
7455,侥幸,jiǎoxìng,1,侥幸,jiaoxing,形,7,7-9,{},false,false,false,
7456,矫正,jiǎozhèng,1,矫正,jiaozheng,动,7,7-9,{},false,false,false,
7457,叫板,jiàobǎn,1,叫板,jiaoban,动,7,7-9,{},false,false,false,
7458,轿车,jiàochē,1,轿车,jiaoche,名,7,7-9,{},false,false,false,
7459,叫好,jiàohǎo,1,叫好,jiaohao,动,7,7-9,{},false,false,false,
7460,较劲,jiàojìn,1,较劲,jiaojin,动,7,7-9,{},false,false,false,
7461,教科书,jiàokēshū,1,教科书,jiaokeshu,名,7,7-9,{},false,false,false,
7462,较量,jiàoliàng,1,较量,jiaoliang,动,7,7-9,{},false,false,false,
7463,教条,jiàotiáo,1,教条,jiaotiao,名、形,7,7-9,{},false,false,false,
7464,教养,jiàoyǎng,1,教养,jiaoyang,动、名,7,7-9,{},false,false,false,
7465,皆,jiē,1,皆,jie,副,7,7-9,{},false,false,false,
7466,揭,jiē,1,揭,jie,动,7,7-9,{},false,false,false,
7467,接二连三,jiē’èr-liánsān,1,接二连三,jieerliansan,,7,7-9,{},false,false,true,
7468,接班,jiēbān,1,接班,jieban,动,7,7-9,{},false,false,false,
7469,接班人,jiēbānrén,1,接班人,jiebanren,名,7,7-9,{},false,false,false,
7470,阶层,jiēcéng,1,阶层,jieceng,名,7,7-9,{},false,false,false,
7471,皆大欢喜,jiēdàhuānxǐ,1,皆大欢喜,jiedahuanxi,,7,7-9,{},false,false,true,
7472,揭发,jiēfā,1,揭发,jiefa,动,7,7-9,{},false,false,false,
7473,街坊,jiēfang,1,街坊,jiefang,名,7,7-9,{},false,false,false,
7474,接轨,jiēguǐ,1,接轨,jiegui,动,7,7-9,{},false,false,false,
7475,阶级,jiējí,1,阶级,jieji,名,7,7-9,{},false,false,false,
7476,接济,jiējì,1,接济,jieji,动,7,7-9,{},false,false,false,
7477,接见,jiējiàn,1,接见,jiejian,动,7,7-9,{},false,false,false,
7478,接力,jiēlì,1,接力,jieli,动,7,7-9,{},false,false,false,
7479,揭露,jiēlù,1,揭露,jielu,动,7,7-9,{},false,false,false,
7480,接纳,jiēnà,1,接纳,jiena,动,7,7-9,{},false,false,false,
7481,揭示,jiēshì,1,揭示,jieshi,动,7,7-9,{},false,false,false,
7482,接手,jiēshǒu,1,接手,jieshou,动,7,7-9,{},false,false,false,
7483,接替,jiētì,1,接替,jieti,动,7,7-9,{},false,false,false,
7484,阶梯,jiētī,1,阶梯,jieti,名,7,7-9,{},false,false,false,
7485,揭晓,jiēxiǎo,1,揭晓,jiexiao,动,7,7-9,{},false,false,false,
7486,劫,jié,1,劫,jie,动,7,7-9,{},false,false,false,
7487,截,jié,1,截,jie,动、量,7,7-9,{},false,false,false,
7488,洁白,jiébái,1,洁白,jiebai,形,7,7-9,{},false,false,false,
7489,劫持,jiéchí,1,劫持,jiechi,动,7,7-9,{},false,false,false,
7490,节俭,jiéjiǎn,1,节俭,jiejian,形,7,7-9,{},false,false,false,
7491,洁净,jiéjìng,1,洁净,jiejing,形,7,7-9,{},false,false,false,
7492,捷径,jiéjìng,1,捷径,jiejing,名,7,7-9,{},false,false,false,
7493,结晶,jiéjīng,1,结晶,jiejing,动、名,7,7-9,{},false,false,false,
7494,竭尽全力,jiéjìn-quánlì,1,竭尽全力,jiejinquanli,,7,7-9,{},false,false,true,
7495,结局,jiéjú,1,结局,jieju,名,7,7-9,{},false,false,false,
7496,竭力,jiélì,1,竭力,jieli,副,7,7-9,{},false,false,false,
7497,节气,jiéqì,1,节气,jieqi,名,7,7-9,{},false,false,false,
7498,截然不同,jiérán-bùtóng,1,截然不同,jieranbutong,,7,7-9,{},false,false,true,
7499,结识,jiéshí,1,结识,jieshi,动,7,7-9,{},false,false,false,
7500,结算,jiésuàn,1,结算,jiesuan,动,7,7-9,{},false,false,false,
7501,节衣缩食,jiéyī-suōshí,1,节衣缩食,jieyisuoshi,,7,7-9,{},false,false,true,
7502,节制,jiézhì,1,节制,jiezhi,动,7,7-9,{},false,false,false,
7503,解除,jiěchú,1,解除,jiechu,动,7,7-9,{},false,false,false,
7504,解雇,jiěgù,1,解雇,jiegu,动,7,7-9,{},false,false,false,
7505,解救,jiějiù,1,解救,jiejiu,动,7,7-9,{},false,false,false,
7506,解渴,jiěkě,1,解渴,jieke,动,7,7-9,{},false,false,false,
7507,解剖,jiěpōu,1,解剖,jiepou,动,7,7-9,{},false,false,false,
7508,解散,jiěsàn,1,解散,jiesan,动,7,7-9,{},false,false,false,
7509,解体,jiětǐ,1,解体,jieti,动,7,7-9,{},false,false,false,
7510,解脱,jiětuō,1,解脱,jietuo,动,7,7-9,{},false,false,false,
7511,解围,jiěwéi,1,解围,jiewei,动,7,7-9,{},false,false,false,
7512,解析,jiěxī,1,解析,jiexi,动,7,7-9,{},false,false,false,
7513,解约,jiěyuē,1,解约,jieyue,动,7,7-9,{},false,false,false,
7514,戒,jiè,1,戒,jie,动,7,7-9,{},false,false,false,
7515,界,jiè,1,界,jie,名、后缀,7,7-9,{},false,false,false,
7516,戒备,jièbèi,1,戒备,jiebei,动,7,7-9,{},false,false,false,
7517,界定,jièdìng,1,界定,jieding,动,7,7-9,{},false,false,false,
7518,借口,jièkǒu,1,借口,jiekou,名,7,7-9,{},false,false,false,
7519,介入,jièrù,1,介入,jieru,动,7,7-9,{},false,false,false,
7520,届时,jièshí,1,届时,jieshi,副,7,7-9,{},false,false,false,
7521,借条,jiètiáo,1,借条,jietiao,名,7,7-9,{},false,false,false,
7522,界限,jièxiàn,1,界限,jiexian,名,7,7-9,{},false,false,false,
7523,界线,jièxiàn,1,界线,jiexian,名,7,7-9,{},false,false,false,
7524,介意,jièyì,1,介意,jieyi,动,7,7-9,{},false,false,false,
7525,借用,jièyòng,1,借用,jieyong,动,7,7-9,{},false,false,false,
7526,介于,jièyú,1,介于,jieyu,动,7,7-9,{},false,false,false,
7527,筋,jīn,1,筋,jin,名,7,7-9,{},false,false,false,
7528,禁不住,jīnbuzhù,1,禁不住,jinbuzhu,动,7,7-9,{},false,false,false,
7529,津津有味,jīnjīn-yǒuwèi,1,津津有味,jinjinyouwei,,7,7-9,{},false,false,true,
7530,尽,jǐn,1,尽,jin,动、副,7,7-9,{},true,true,false,
7531,紧凑,jǐncòu,1,紧凑,jincou,形,7,7-9,{},false,false,false,
7532,紧迫,jǐnpò,1,紧迫,jinpo,形,7,7-9,{},false,false,false,
7533,锦旗,jǐnqí,1,锦旗,jinqi,名,7,7-9,{},false,false,false,
7534,紧缺,jǐnquē,1,紧缺,jinque,形,7,7-9,{},false,false,false,
7535,锦上添花,jǐnshàng-tiānhuā,1,锦上添花,jinshangtianhua,,7,7-9,{},false,false,true,
7536,紧缩,jǐnsuō,1,紧缩,jinsuo,动,7,7-9,{},false,false,false,
7537,尽早,jǐnzǎo,1,尽早,jinzao,副,7,7-9,{},false,false,false,
7538,劲,jìn,1,劲,jin,名,7,7-9,{},false,false,false,
7539,进程,jìnchéng,1,进程,jincheng,名,7,7-9,{},false,false,false,
7540,进攻,jìngōng,1,进攻,jingong,动,7,7-9,{},false,false,false,
7541,晋级,jìnjí,1,晋级,jinji,动,7,7-9,{},false,false,false,
7542,禁忌,jìnjì,1,禁忌,jinji,名、动,7,7-9,{},false,false,false,
7543,进军,jìnjūn,1,进军,jinjun,动,7,7-9,{},false,false,false,
7544,浸泡,jìnpào,1,浸泡,jinpao,动,7,7-9,{},false,false,false,
7545,尽情,jìnqíng,1,尽情,jinqing,副,7,7-9,{},false,false,false,
7546,进取,jìnqǔ,1,进取,jinqu,动,7,7-9,{},false,false,false,
7547,禁区,jìnqū,1,禁区,jinqu,名,7,7-9,{},false,false,false,
7548,晋升,jìnshēng,1,晋升,jinsheng,动,7,7-9,{},false,false,false,
7549,尽头,jìntóu,1,尽头,jintou,名,7,7-9,{},false,false,false,
7550,劲头,jìntóu,1,劲头,jintou,名,7,7-9,{},false,false,false,
7551,进修,jìnxiū,1,进修,jinxiu,动,7,7-9,{},false,false,false,
7552,茎,jīng,1,茎,jing,名,7,7-9,{},false,false,false,
7553,经,jīng,1,经,jing,动,7,7-9,{},false,false,false,
7554,精,jīng,1,精,jing,形,7,7-9,{},false,false,false,
7555,鲸,jīng,1,鲸,jing,名,7,7-9,{},false,false,false,
7556,精彩纷呈,jīngcǎi-fēnchéng,1,精彩纷呈,jingcaifencheng,,7,7-9,{},false,false,true,
7557,精打细算,jīngdǎ-xìsuàn,1,精打细算,jingdaxisuan,,7,7-9,{},false,false,true,
7558,惊动,jīngdòng,1,惊动,jingdong,动,7,7-9,{},false,false,false,
7559,经度,jīngdù,1,经度,jingdu,名,7,7-9,{},false,false,false,
7560,精度,jīngdù,1,精度,jingdu,名,7,7-9,{},false,false,false,
7561,经费,jīngfèi,1,经费,jingfei,名,7,7-9,{},false,false,false,
7562,精华,jīnghuá,1,精华,jinghua,名,7,7-9,{},false,false,false,
7563,惊慌,jīnghuāng,1,惊慌,jinghuang,形,7,7-9,{},false,false,false,
7564,惊慌失措,jīnghuāng-shīcuò,1,惊慌失措,jinghuangshicuo,,7,7-9,{},false,false,true,
7565,荆棘,jīngjí,1,荆棘,jingji,名,7,7-9,{},false,false,false,
7566,精简,jīngjiǎn,1,精简,jingjian,动,7,7-9,{},false,false,false,
7567,兢兢业业,jīngjīngyèyè,1,兢兢业业,jingjingyeye,形,7,7-9,{},false,false,false,
7568,经久不息,jīngjiǔ-bùxī,1,经久不息,jingjiubuxi,,7,7-9,{},false,false,true,
7569,精练,jīngliàn,1,精练,jinglian,形,7,7-9,{},false,false,false,
7570,经贸,jīngmào,1,经贸,jingmao,名,7,7-9,{},false,false,false,
7571,精密,jīngmì,1,精密,jingmi,形,7,7-9,{},false,false,false,
7572,精妙,jīngmiào,1,精妙,jingmiao,形,7,7-9,{},false,false,false,
7573,精明,jīngmíng,1,精明,jingming,形,7,7-9,{},false,false,false,
7574,精疲力竭,jīngpí-lìjié,1,精疲力竭,jingpilijie,,7,7-9,{},false,false,true,
7575,精品,jīngpǐn,1,精品,jingpin,名,7,7-9,{},false,false,false,
7576,惊奇,jīngqí,1,惊奇,jingqi,形,7,7-9,{},false,false,false,
7577,精巧,jīngqiǎo,1,精巧,jingqiao,形,7,7-9,{},false,false,false,
7578,精神,jīngshén,1,精神,jingshen,名,7,7-9,{},true,true,false,
7579,精神病,jīngshénbìng,1,精神病,jingshenbing,名,7,7-9,{},false,false,false,
7580,经受,jīngshòu,1,经受,jingshou,动,7,7-9,{},false,false,false,
7581,精髓,jīngsuǐ,1,精髓,jingsui,名,7,7-9,{},false,false,false,
7582,惊叹,jīngtàn,1,惊叹,jingtan,动,7,7-9,{},false,false,false,
7583,惊天动地,jīngtiān-dòngdì,1,惊天动地,jingtiandongdi,,7,7-9,{},false,false,true,
7584,精细,jīngxì,1,精细,jingxi,形,7,7-9,{},false,false,false,
7585,惊吓,jīngxià,1,惊吓,jingxia,动,7,7-9,{},false,false,false,
7586,惊险,jīngxiǎn,1,惊险,jingxian,形,7,7-9,{},false,false,false,
7587,惊心动魄,jīngxīn-dòngpò,1,惊心动魄,jingxindongpo,,7,7-9,{},false,false,true,
7588,晶莹,jīngyíng,1,晶莹,jingying,形,7,7-9,{},false,false,false,
7589,精英,jīngyīng,1,精英,jingying,名,7,7-9,{},false,false,false,
7590,精益求精,jīngyìqiújīng,1,精益求精,jingyiqiujing,,7,7-9,{},false,false,true,
7591,精湛,jīngzhàn,1,精湛,jingzhan,形,7,7-9,{},false,false,false,
7592,警报,jǐngbào,1,警报,jingbao,名,7,7-9,{},false,false,false,
7593,井底之蛙,jǐngdǐzhīwā,1,井底之蛙,jingdizhiwa,,7,7-9,{},false,false,true,
7594,警戒,jǐngjiè,1,警戒,jingjie,动,7,7-9,{},false,false,false,
7595,警犬,jǐngquǎn,1,警犬,jingquan,名,7,7-9,{},false,false,false,
7596,警示,jǐngshì,1,警示,jingshi,动,7,7-9,{},false,false,false,
7597,警惕,jǐngtì,1,警惕,jingti,动,7,7-9,{},false,false,false,
7598,警钟,jǐngzhōng,1,警钟,jingzhong,名,7,7-9,{},false,false,false,
7599,竟,jìng,1,竟,jing,副,7,7-9,{},false,false,false,
7600,敬,jìng,1,敬,jing,动,7,7-9,{},false,false,false,
7601,敬爱,jìng’ài,1,敬爱,jingai,动,7,7-9,{},false,false,false,
7602,敬而远之,jìng’éryuǎnzhī,1,敬而远之,jingeryuanzhi,,7,7-9,{},false,false,true,
7603,境地,jìngdì,1,境地,jingdi,名,7,7-9,{},false,false,false,
7604,净化,jìnghuà,1,净化,jinghua,动,7,7-9,{},false,false,false,
7605,竞技,jìngjì,1,竞技,jingji,动,7,7-9,{},false,false,false,
7606,境界,jìngjiè,1,境界,jingjie,名,7,7-9,{},false,false,false,
7607,敬礼,jìnglǐ,1,敬礼,jingli,动,7,7-9,{},false,false,false,
7608,境内,jìngnèi,1,境内,jingnei,名,7,7-9,{},false,false,false,
7609,敬佩,jìngpèi,1,敬佩,jingpei,动,7,7-9,{},false,false,false,
7610,敬请,jìngqǐng,1,敬请,jingqing,动,7,7-9,{},false,false,false,
7611,境外,jìngwài,1,境外,jingwai,名,7,7-9,{},false,false,false,
7612,敬畏,jìngwèi,1,敬畏,jingwei,动,7,7-9,{},false,false,false,
7613,竞相,jìngxiāng,1,竞相,jingxiang,副,7,7-9,{},false,false,false,
7614,竞选,jìngxuǎn,1,竞选,jingxuan,动,7,7-9,{},false,false,false,
7615,敬业,jìngyè,1,敬业,jingye,动,7,7-9,{},false,false,false,
7616,敬意,jìngyì,1,敬意,jingyi,名,7,7-9,{},false,false,false,
7617,境遇,jìngyù,1,境遇,jingyu,名,7,7-9,{},false,false,false,
7618,径直,jìngzhí,1,径直,jingzhi,副,7,7-9,{},false,false,false,
7619,静止,jìngzhǐ,1,静止,jingzhi,动,7,7-9,{},false,false,false,
7620,敬重,jìngzhòng,1,敬重,jingzhong,动,7,7-9,{},false,false,false,
7621,窘迫,jiǒngpò,1,窘迫,jiongpo,形,7,7-9,{},false,false,false,
7622,揪,jiū,1,揪,jiu,动,7,7-9,{},false,false,false,
7623,纠缠,jiūchán,1,纠缠,jiuchan,动,7,7-9,{},false,false,false,
7624,酒楼,jiǔlóu,1,酒楼,jiulou,名,7,7-9,{},false,false,false,
7625,久违,jiǔwéi,1,久违,jiuwei,动,7,7-9,{},false,false,false,
7626,久仰,jiǔyǎng,1,久仰,jiuyang,动,7,7-9,{},false,false,false,
7627,就餐,jiùcān,1,就餐,jiucan,动,7,7-9,{},false,false,false,
7628,就此,jiùcǐ,1,就此,jiuci,副,7,7-9,{},false,false,false,
7629,就地,jiùdì,1,就地,jiudi,副,7,7-9,{},false,false,false,
7630,救济,jiùjì,1,救济,jiuji,动,7,7-9,{},false,false,false,
7631,就近,jiùjìn,1,就近,jiujin,副,7,7-9,{},false,false,false,
7632,就任,jiùrèn,1,就任,jiuren,动,7,7-9,{},false,false,false,
7633,救死扶伤,jiùsǐ-fúshāng,1,救死扶伤,jiusifushang,,7,7-9,{},false,false,true,
7634,就绪,jiùxù,1,就绪,jiuxu,动,7,7-9,{},false,false,false,
7635,就医,jiùyī,1,就医,jiuyi,动,7,7-9,{},false,false,false,
7636,就诊,jiùzhěn,1,就诊,jiuzhen,动,7,7-9,{},false,false,false,
7637,就职,jiùzhí,1,就职,jiuzhi,动,7,7-9,{},false,false,false,
7638,救治,jiùzhì,1,救治,jiuzhi,动,7,7-9,{},false,false,false,
7639,就座,jiùzuò,1,就座,jiuzuo,动,7,7-9,{},false,false,false,
7640,居安思危,jū’ān-sīwēi,1,居安思危,juansiwei,,7,7-9,{},false,false,true,
7641,居高不下,jūgāo bú xià,1,居高不下,jugaobuxia,,7,7-9,{},false,false,true,
7642,鞠躬,jūgōng,1,鞠躬,jugong,动,7,7-9,{},false,false,false,
7643,拘留,jūliú,1,拘留,juliu,动,7,7-9,{},false,false,false,
7644,拘束,jūshù,1,拘束,jushu,动、形,7,7-9,{},false,false,false,
7645,居于,jūyú,1,居于,juyu,动,7,7-9,{},false,false,false,
7646,局部,júbù,1,局部,jubu,名,7,7-9,{},false,false,false,
7647,局势,júshì,1,局势,jushi,名,7,7-9,{},false,false,false,
7648,举报,jǔbào,1,举报,jubao,动,7,7-9,{},false,false,false,
7649,举措,jǔcuò,1,举措,jucuo,名,7,7-9,{},false,false,false,
7650,咀嚼,jǔjué,1,咀嚼,jujue,动,7,7-9,{},false,false,false,
7651,举棋不定,jǔqí-búdìng,1,举棋不定,juqibuding,,7,7-9,{},false,false,true,
7652,沮丧,jǔsàng,1,沮丧,jusang,形,7,7-9,{},false,false,false,
7653,举世瞩目,jǔshì-zhǔmù,1,举世瞩目,jushizhumu,,7,7-9,{},false,false,true,
7654,举一反三,jǔyī-fǎnsān,1,举一反三,juyifansan,,7,7-9,{},false,false,true,
7655,举止,jǔzhǐ,1,举止,juzhi,名,7,7-9,{},false,false,false,
7656,举重,jǔzhòng,1,举重,juzhong,名,7,7-9,{},false,false,false,
7657,举足轻重,jǔzú-qīngzhòng,1,举足轻重,juzuqingzhong,,7,7-9,{},false,false,true,
7658,剧变,jùbiàn,1,剧变,jubian,动,7,7-9,{},false,false,false,
7659,巨额,jù’é,1,巨额,jue,形,7,7-9,{},false,false,false,
7660,聚焦,jùjiāo,1,聚焦,jujiao,动,7,7-9,{},false,false,false,
7661,聚精会神,jùjīng-huìshén,1,聚精会神,jujinghuishen,,7,7-9,{},false,false,true,
7662,剧目,jùmù,1,剧目,jumu,名,7,7-9,{},false,false,false,
7663,剧情,jùqíng,1,剧情,juqing,名,7,7-9,{},false,false,false,
7664,巨人,jùrén,1,巨人,juren,名,7,7-9,{},false,false,false,
7665,巨头,jùtóu,1,巨头,jutou,名,7,7-9,{},false,false,false,
7666,据悉,jùxī,1,据悉,juxi,动,7,7-9,{},false,false,false,
7667,圈,juān,1,圈,juan,动,7,7-9,{},true,true,false,
7668,捐献,juānxiàn,1,捐献,juanxian,动,7,7-9,{},false,false,false,
7669,卷入,juǎnrù,1,卷入,juanru,动,7,7-9,{},false,false,false,
7670,圈,juàn,1,圈,juan,名,7,7-9,{},true,true,false,
7671,绝,jué,1,绝,jue,动、形、副,7,7-9,{},false,false,false,
7672,绝技,juéjì,1,绝技,jueji,名,7,7-9,{},false,false,false,
7673,绝迹,juéjì,1,绝迹,jueji,动,7,7-9,{},false,false,false,
7674,倔强,juéjiàng,1,倔强,juejiang,形,7,7-9,{},false,false,false,
7675,崛起,juéqǐ,1,崛起,jueqi,动,7,7-9,{},false,false,false,
7676,诀窍,juéqiào,1,诀窍,jueqiao,名,7,7-9,{},false,false,false,
7677,觉悟,juéwù,1,觉悟,juewu,动、名,7,7-9,{},false,false,false,
7678,觉醒,juéxǐng,1,觉醒,juexing,动,7,7-9,{},false,false,false,
7679,决议,juéyì,1,决议,jueyi,名,7,7-9,{},false,false,false,
7680,绝缘,juéyuán,1,绝缘,jueyuan,动,7,7-9,{},false,false,false,
7681,抉择,juézé,1,抉择,jueze,动,7,7-9,{},false,false,false,
7682,角逐,juézhú,1,角逐,juezhu,动,7,7-9,{},false,false,false,
7683,倔,juè,1,倔,jue,形,7,7-9,{},false,false,false,
7684,均,jūn,1,均,jun,形、动、副,7,7-9,{},false,false,false,
7685,军官,jūnguān,1,军官,junguan,名,7,7-9,{},false,false,false,
7686,均衡,jūnhéng,1,均衡,junheng,形,7,7-9,{},false,false,false,
7687,军舰,jūnjiàn,1,军舰,junjian,名,7,7-9,{},false,false,false,
7688,军事,jūnshì,1,军事,junshi,名,7,7-9,{},false,false,false,
7689,君子,jūnzǐ,1,君子,junzi,名,7,7-9,{},false,false,false,
7690,俊,jùn,1,俊,jun,形,7,7-9,{},false,false,false,
7691,竣工,jùngōng,1,竣工,jungong,动,7,7-9,{},false,false,false,
7692,骏马,jùnmǎ,1,骏马,junma,名,7,7-9,{},false,false,false,
7693,俊俏,jùnqiào,1,俊俏,junqiao,形,7,7-9,{},false,false,false,
7694,卡车,kǎchē,1,卡车,kache,名,7,7-9,{},false,false,false,
7695,卡通,kǎtōng,1,卡通,katong,名,7,7-9,{},false,false,false,
7696,开办,kāibàn,1,开办,kaiban,动,7,7-9,{},false,false,false,
7697,开采,kāicǎi,1,开采,kaicai,动,7,7-9,{},false,false,false,
7698,开场,kāichǎng,1,开场,kaichang,动,7,7-9,{},false,false,false,
7699,开场白,kāichǎngbái,1,开场白,kaichangbai,名,7,7-9,{},false,false,false,
7700,开除,kāichú,1,开除,kaichu,动,7,7-9,{},false,false,false,
7701,开动,kāidòng,1,开动,kaidong,动,7,7-9,{},false,false,false,
7702,开发区,kāifāqū,1,开发区,kaifaqu,名,7,7-9,{},false,false,false,
7703,开发商,kāifāshāng,1,开发商,kaifashang,名,7,7-9,{},false,false,false,
7704,开工,kāigōng,1,开工,kaigong,动,7,7-9,{},false,false,false,
7705,开垦,kāikěn,1,开垦,kaiken,动,7,7-9,{},false,false,false,
7706,开阔,kāikuò,1,开阔,kaikuo,形、动,7,7-9,{},false,false,false,
7707,开朗,kāilǎng,1,开朗,kailang,形,7,7-9,{},false,false,false,
7708,开明,kāimíng,1,开明,kaiming,形,7,7-9,{},false,false,false,
7709,开辟,kāipì,1,开辟,kaipi,动,7,7-9,{},false,false,false,
7710,开天辟地,kāitiān-pìdì,1,开天辟地,kaitianpidi,,7,7-9,{},false,false,true,
7711,开庭,kāitíng,1,开庭,kaiting,动,7,7-9,{},false,false,false,
7712,开拓,kāituò,1,开拓,kaituo,动,7,7-9,{},false,false,false,
7713,开销,kāixiāo,1,开销,kaixiao,动、名,7,7-9,{},false,false,false,
7714,开张,kāizhāng,1,开张,kaizhang,动,7,7-9,{},false,false,false,
7715,开支,kāizhī,1,开支,kaizhi,名,7,7-9,{},false,false,false,
7716,楷模,kǎimó,1,楷模,kaimo,名,7,7-9,{},false,false,false,
7717,凯旋,kǎixuán,1,凯旋,kaixuan,动,7,7-9,{},false,false,false,
7718,堪称,kānchēng,1,堪称,kancheng,动,7,7-9,{},false,false,false,
7719,刊登,kāndēng,1,刊登,kandeng,动,7,7-9,{},false,false,false,
7720,看护,kānhù,1,看护,kanhu,动,7,7-9,{},false,false,false,
7721,看守,kānshǒu,1,看守,kanshou,动,7,7-9,{},false,false,false,
7722,勘探,kāntàn,1,勘探,kantan,动,7,7-9,{},false,false,false,
7723,刊物,kānwù,1,刊物,kanwu,名,7,7-9,{},false,false,false,
7724,砍伐,kǎnfá,1,砍伐,kanfa,动,7,7-9,{},false,false,false,
7725,侃侃而谈,kǎnkǎn’értán,1,侃侃而谈,kankanertan,,7,7-9,{},false,false,true,
7726,坎坷,kǎnkě,1,坎坷,kanke,形,7,7-9,{},false,false,false,
7727,看台,kàntái,1,看台,kantai,名,7,7-9,{},false,false,false,
7728,慷慨,kāngkǎi,1,慷慨,kangkai,形,7,7-9,{},false,false,false,
7729,看管,kānguǎn,1,看管,kanguan,动,7,7-9,{},false,false,false,
7730,扛,káng,1,扛,kang,动,7,7-9,{},false,false,false,
7731,抗衡,kànghéng,1,抗衡,kangheng,动,7,7-9,{},false,false,false,
7732,抗拒,kàngjù,1,抗拒,kangju,动,7,7-9,{},false,false,false,
7733,抗生素,kàngshēngsù,1,抗生素,kangshengsu,名,7,7-9,{},false,false,false,
7734,抗议,kàngyì,1,抗议,kangyi,动,7,7-9,{},false,false,false,
7735,抗争,kàngzhēng,1,抗争,kangzheng,动,7,7-9,{},false,false,false,
7736,考查,kǎochá,1,考查,kaocha,动,7,7-9,{},false,false,false,
7737,考量,kǎoliáng,1,考量,kaoliang,动,7,7-9,{},false,false,false,
7738,靠拢,kàolǒng,1,靠拢,kaolong,动,7,7-9,{},false,false,false,
7739,磕,kē,1,磕,ke,动,7,7-9,{},false,false,false,
7740,苛刻,kēkè,1,苛刻,keke,形,7,7-9,{},false,false,false,
7741,颗粒,kēlì,1,颗粒,keli,名,7,7-9,{},false,false,false,
7742,壳,ké,1,壳,ke,名,7,7-9,{},false,false,false,
7743,可悲,kěbēi,1,可悲,kebei,形,7,7-9,{},false,false,false,
7744,可不是,kěbúshi,1,可不是,kebushi,副,7,7-9,{},false,false,false,
7745,可乘之机,kěchéngzhījī,1,可乘之机,kechengzhiji,,7,7-9,{},false,false,true,
7746,可耻,kěchǐ,1,可耻,kechi,形,7,7-9,{},false,false,false,
7747,可观,kěguān,1,可观,keguan,形,7,7-9,{},false,false,false,
7748,可贵,kěguì,1,可贵,kegui,形,7,7-9,{},false,false,false,
7749,可谓,kěwèi,1,可谓,kewei,动,7,7-9,{},false,false,false,
7750,可恶,kěwù,1,可恶,kewu,形,7,7-9,{},false,false,false,
7751,可想而知,kěxiǎng’érzhī,1,可想而知,kexiangerzhi,,7,7-9,{},false,false,true,
7752,可笑,kěxiào,1,可笑,kexiao,形,7,7-9,{},false,false,false,
7753,可疑,kěyí,1,可疑,keyi,形,7,7-9,{},false,false,false,
7754,刻不容缓,kèbùrónghuǎn,1,刻不容缓,keburonghuan,,7,7-9,{},false,false,true,
7755,客房,kèfáng,1,客房,kefang,名,7,7-9,{},false,false,false,
7756,刻画,kèhuà,1,刻画,kehua,动,7,7-9,{},false,false,false,
7757,客机,kèjī,1,客机,keji,名,7,7-9,{},false,false,false,
7758,刻苦,kèkǔ,1,刻苦,keku,形,7,7-9,{},false,false,false,
7759,客流,kèliú,1,客流,keliu,名,7,7-9,{},false,false,false,
7760,克隆,kèlóng,1,克隆,kelong,动,7,7-9,{},false,false,false,
7761,刻意,kèyì,1,刻意,keyi,副,7,7-9,{},false,false,false,
7762,客运,kèyùn,1,客运,keyun,名,7,7-9,{},false,false,false,
7763,克制,kèzhì,1,克制,kezhi,动,7,7-9,{},false,false,false,
7764,刻舟求剑,kèzhōu-qiújiàn,1,刻舟求剑,kezhouqiujian,,7,7-9,{},false,false,true,
7765,啃,kěn,1,啃,ken,动,7,7-9,{},false,false,false,
7766,恳切,kěnqiè,1,恳切,kenqie,形,7,7-9,{},false,false,false,
7767,恳求,kěnqiú,1,恳求,kenqiu,动,7,7-9,{},false,false,false,
7768,坑,kēng,1,坑,keng,名、动,7,7-9,{},false,false,false,
7769,空荡荡,kōngdàngdàng,1,空荡荡,kongdangdang,形,7,7-9,{},false,false,false,
7770,空洞,kōngdòng,1,空洞,kongdong,名、形,7,7-9,{},false,false,false,
7771,空间站,kōngjiānzhàn,1,空间站,kongjianzhan,名,7,7-9,{},false,false,false,
7772,空军,kōngjūn,1,空军,kongjun,名,7,7-9,{},false,false,false,
7773,空难,kōngnàn,1,空难,kongnan,名,7,7-9,{},false,false,false,
7774,空前,kōngqián,1,空前,kongqian,动,7,7-9,{},false,false,false,
7775,空想,kōngxiǎng,1,空想,kongxiang,动、名,7,7-9,{},false,false,false,
7776,空虚,kōngxū,1,空虚,kongxu,形,7,7-9,{},false,false,false,
7777,孔,kǒng,1,孔,kong,名,7,7-9,{},false,false,false,
7778,恐怖,kǒngbù,1,恐怖,kongbu,形,7,7-9,{},false,false,false,
7779,恐吓,kǒnghè,1,恐吓,konghe,动,7,7-9,{},false,false,false,
7780,恐慌,kǒnghuāng,1,恐慌,konghuang,形,7,7-9,{},false,false,false,
7781,恐龙,kǒnglóng,1,恐龙,konglong,名,7,7-9,{},false,false,false,
7782,空白,kòngbái,1,空白,kongbai,名,7,7-9,{},false,false,false,
7783,控告,kònggào,1,控告,konggao,动,7,7-9,{},false,false,false,
7784,空隙,kòngxì,1,空隙,kongxi,名,7,7-9,{},false,false,false,
7785,抠,kōu,1,抠,kou,动、形,7,7-9,{},false,false,false,
7786,口岸,kǒu’àn,1,口岸,kouan,名,7,7-9,{},false,false,false,
7787,口碑,kǒubēi,1,口碑,koubei,名,7,7-9,{},false,false,false,
7788,口才,kǒucái,1,口才,koucai,名,7,7-9,{},false,false,false,
7789,口吃,kǒuchī,1,口吃,kouchi,动,7,7-9,{},false,false,false,
7790,口径,kǒujìng,1,口径,koujing,名,7,7-9,{},false,false,false,
7791,口令,kǒulìng,1,口令,kouling,名,7,7-9,{},false,false,false,
7792,口气,kǒuqì,1,口气,kouqi,名,7,7-9,{},false,false,false,
7793,口哨儿,kǒushàor,1,口哨儿,koushaor,名,7,7-9,{},false,false,false,
7794,口水,kǒushuǐ,1,口水,koushui,名,7,7-9,{},false,false,false,
7795,口头禅,kǒutóuchán,1,口头禅,koutouchan,名,7,7-9,{},false,false,false,
7796,口香糖,kǒuxiāngtáng,1,口香糖,kouxiangtang,名,7,7-9,{},false,false,false,
7797,口音,kǒuyīn,1,口音,kouyin,名,7,7-9,{},false,false,false,
7798,口罩,kǒuzhào,1,口罩,kouzhao,名,7,7-9,{},false,false,false,
7799,口子,kǒuzi,1,口子,kouzi,名,7,7-9,{},false,false,false,
7800,扣除,kòuchú,1,扣除,kouchu,动,7,7-9,{},false,false,false,
7801,扣留,kòuliú,1,扣留,kouliu,动,7,7-9,{},false,false,false,
7802,扣人心弦,kòurénxīnxián,1,扣人心弦,kourenxinxian,,7,7-9,{},false,false,true,
7803,扣押,kòuyā,1,扣押,kouya,动,7,7-9,{},false,false,false,
7804,枯竭,kūjié,1,枯竭,kujie,形,7,7-9,{},false,false,false,
7805,窟窿,kūlong,1,窟窿,kulong,名,7,7-9,{},false,false,false,
7806,哭泣,kūqì,1,哭泣,kuqi,动,7,7-9,{},false,false,false,
7807,枯萎,kūwěi,1,枯萎,kuwei,形,7,7-9,{},false,false,false,
7808,哭笑不得,kūxiào-bùdé,1,哭笑不得,kuxiaobude,,7,7-9,{},false,false,true,
7809,苦尽甘来,kǔjìn-gānlái,1,苦尽甘来,kujinganlai,,7,7-9,{},false,false,true,
7810,苦难,kǔnàn,1,苦难,kunan,名,7,7-9,{},false,false,false,
7811,苦恼,kǔnǎo,1,苦恼,kunao,形,7,7-9,{},false,false,false,
7812,苦涩,kǔsè,1,苦涩,kuse,形,7,7-9,{},false,false,false,
7813,苦笑,kǔxiào,1,苦笑,kuxiao,动,7,7-9,{},false,false,false,
7814,苦心,kǔxīn,1,苦心,kuxin,名、副,7,7-9,{},false,false,false,
7815,库存,kùcún,1,库存,kucun,名,7,7-9,{},false,false,false,
7816,酷似,kùsì,1,酷似,kusi,动,7,7-9,{},false,false,false,
7817,夸大,kuādà,1,夸大,kuada,动,7,7-9,{},false,false,false,
7818,夸夸其谈,kuākuā-qítán,1,夸夸其谈,kuakuaqitan,,7,7-9,{},false,false,true,
7819,夸耀,kuāyào,1,夸耀,kuayao,动,7,7-9,{},false,false,false,
7820,垮,kuǎ,1,垮,kua,动,7,7-9,{},false,false,false,
7821,挎,kuà,1,挎,kua,动,7,7-9,{},false,false,false,
7822,跨,kuà,1,跨,kua,动,7,7-9,{},false,false,false,
7823,跨度,kuàdù,1,跨度,kuadu,名,7,7-9,{},false,false,false,
7824,跨国,kuàguó,1,跨国,kuaguo,动,7,7-9,{},false,false,false,
7825,跨越,kuàyuè,1,跨越,kuayue,动,7,7-9,{},false,false,false,
7826,快活,kuàihuo,1,快活,kuaihuo,形,7,7-9,{},false,false,false,
7827,宽敞,kuānchang,1,宽敞,kuanchang,形,7,7-9,{},false,false,false,
7828,宽泛,kuānfàn,1,宽泛,kuanfan,形,7,7-9,{},false,false,false,
7829,宽广,kuānguǎng,1,宽广,kuanguang,形,7,7-9,{},false,false,false,
7830,宽厚,kuānhòu,1,宽厚,kuanhou,形,7,7-9,{},false,false,false,
7831,宽阔,kuānkuò,1,宽阔,kuankuo,形,7,7-9,{},false,false,false,
7832,宽容,kuānróng,1,宽容,kuanrong,动,7,7-9,{},false,false,false,
7833,宽恕,kuānshù,1,宽恕,kuanshu,动,7,7-9,{},false,false,false,
7834,宽松,kuānsōng,1,宽松,kuansong,形,7,7-9,{},false,false,false,
7835,款待,kuǎndài,1,款待,kuandai,动,7,7-9,{},false,false,false,
7836,款项,kuǎnxiàng,1,款项,kuanxiang,名,7,7-9,{},false,false,false,
7837,筐,kuāng,1,筐,kuang,名,7,7-9,{},false,false,false,
7838,狂,kuáng,1,狂,kuang,形,7,7-9,{},false,false,false,
7839,狂欢,kuánghuān,1,狂欢,kuanghuan,动,7,7-9,{},false,false,false,
7840,狂热,kuángrè,1,狂热,kuangre,形,7,7-9,{},false,false,false,
7841,矿,kuàng,1,矿,kuang,名,7,7-9,{},false,false,false,
7842,框,kuàng,1,框,kuang,名、动,7,7-9,{},false,false,false,
7843,矿藏,kuàngcáng,1,矿藏,kuangcang,名,7,7-9,{},false,false,false,
7844,矿产,kuàngchǎn,1,矿产,kuangchan,名,7,7-9,{},false,false,false,
7845,框架,kuàngjià,1,框架,kuangjia,名,7,7-9,{},false,false,false,
7846,旷课,kuàngkè,1,旷课,kuangke,动,7,7-9,{},false,false,false,
7847,况且,kuàngqiě,1,况且,kuangqie,连,7,7-9,{},false,false,false,
7848,亏本,kuīběn,1,亏本,kuiben,动,7,7-9,{},false,false,false,
7849,亏待,kuīdài,1,亏待,kuidai,动,7,7-9,{},false,false,false,
7850,捆,kǔn,1,捆,kun,动、名、量,7,7-9,{},false,false,false,
7851,困惑,kùnhuò,1,困惑,kunhuo,形、动,7,7-9,{},false,false,false,
7852,困境,kùnjìng,1,困境,kunjing,名,7,7-9,{},false,false,false,
7853,扩,kuò,1,扩,kuo,动,7,7-9,{},false,false,false,
7854,扩充,kuòchōng,1,扩充,kuochong,动,7,7-9,{},false,false,false,
7855,阔绰,kuòchuò,1,阔绰,kuochuo,形,7,7-9,{},false,false,false,
7856,括号,kuòhào,1,括号,kuohao,名,7,7-9,{},false,false,false,
7857,扩建,kuòjiàn,1,扩建,kuojian,动,7,7-9,{},false,false,false,
7858,扩散,kuòsàn,1,扩散,kuosan,动,7,7-9,{},false,false,false,
7859,扩张,kuòzhāng,1,扩张,kuozhang,动,7,7-9,{},false,false,false,
7860,拉动,lādòng,1,拉动,ladong,动,7,7-9,{},false,false,false,
7861,啦啦队,lālāduì,1,啦啦队,laladui,名,7,7-9,{},false,false,false,
7862,拉链,lāliàn,1,拉链,lalian,名,7,7-9,{},false,false,false,
7863,拉拢,lālǒng,1,拉拢,lalong,动,7,7-9,{},false,false,false,
7864,喇叭,lǎba,1,喇叭,laba,名,7,7-9,{},false,false,false,
7865,蜡,là,1,蜡,la,名,7,7-9,{},false,false,false,
7866,腊月,làyuè,1,腊月,layue,名,7,7-9,{},false,false,false,
7867,蜡烛,làzhú,1,蜡烛,lazhu,名,7,7-9,{},false,false,false,
7868,来宾,láibīn,1,来宾,laibin,名,7,7-9,{},false,false,false,
7869,来电,láidiàn,1,来电,laidian,动、名,7,7-9,{},false,false,false,
7870,来访,láifǎng,1,来访,laifang,动,7,7-9,{},false,false,false,
7871,来回,láihuí,1,来回,laihui,动、名、副,7,7-9,{},false,false,false,
7872,来历,láilì,1,来历,laili,名,7,7-9,{},false,false,false,
7873,来龙去脉,láilóng-qùmài,1,来龙去脉,lailongqumai,,7,7-9,{},false,false,true,
7874,来年,láinián,1,来年,lainian,名,7,7-9,{},false,false,false,
7875,来之不易,láizhī-búyì,1,来之不易,laizhibuyi,,7,7-9,{},false,false,true,
7876,栏杆,lángān,1,栏杆,langan,名,7,7-9,{},false,false,false,
7877,栏目,lánmù,1,栏目,lanmu,名,7,7-9,{},false,false,false,
7878,蓝图,lántú,1,蓝图,lantu,名,7,7-9,{},false,false,false,
7879,揽,lǎn,1,揽,lan,动,7,7-9,{},false,false,false,
7880,缆车,lǎnchē,1,缆车,lanche,名,7,7-9,{},false,false,false,
7881,懒得,lǎnde,1,懒得,lande,动,7,7-9,{},false,false,false,
7882,懒惰,lǎnduò,1,懒惰,landuo,形,7,7-9,{},false,false,false,
7883,滥用,lànyòng,1,滥用,lanyong,动,7,7-9,{},false,false,false,
7884,狼狈,lángbèi,1,狼狈,langbei,形,7,7-9,{},false,false,false,
7885,狼吞虎咽,lángtūn-hǔyàn,1,狼吞虎咽,langtunhuyan,,7,7-9,{},false,false,true,
7886,朗诵,lǎngsòng,1,朗诵,langsong,动,7,7-9,{},false,false,false,
7887,捞,lāo,1,捞,lao,动,7,7-9,{},false,false,false,
7888,唠叨,láodao,1,唠叨,laodao,动,7,7-9,{},false,false,false,
7889,牢固,láogù,1,牢固,laogu,形,7,7-9,{},false,false,false,
7890,牢记,láojì,1,牢记,laoji,动,7,7-9,{},false,false,false,
7891,劳驾,láojià,1,劳驾,laojia,动,7,7-9,{},false,false,false,
7892,牢牢,láoláo,1,牢牢,laolao,副,7,7-9,{},false,false,false,
7893,劳累,láolèi,1,劳累,laolei,形,7,7-9,{},false,false,false,
7894,牢骚,láosāo,1,牢骚,laosao,名,7,7-9,{},false,false,false,
7895,劳务,láowù,1,劳务,laowu,名,7,7-9,{},false,false,false,
7896,老伴儿,lǎobànr,1,老伴儿,laobanr,名,7,7-9,{},false,false,false,
7897,老大,lǎodà,1,老大,laoda,形、副,7,7-9,{},false,false,false,
7898,老化,lǎohuà,1,老化,laohua,动,7,7-9,{},false,false,false,
7899,老人家,lǎorenjia,1,老人家,laorenjia,名,7,7-9,{},false,false,false,
7900,老乡,lǎoxiāng,1,老乡,laoxiang,名,7,7-9,{},false,false,false,
7901,老字号,lǎozìhao,1,老字号,laozihao,名,7,7-9,{},false,false,false,
7902,涝,lào,1,涝,lao,形,7,7-9,{},false,false,false,
7903,乐此不疲,lècǐ-bùpí,1,乐此不疲,lecibupi,,7,7-9,{},false,false,true,
7904,乐意,lèyì,1,乐意,leyi,动、形,7,7-9,{},false,false,false,
7905,乐园,lèyuán,1,乐园,leyuan,名,7,7-9,{},false,false,false,
7906,勒,lēi,1,勒,lei,动,7,7-9,{},false,false,false,
7907,雷达,léidá,1,雷达,leida,名,7,7-9,{},false,false,false,
7908,雷同,léitóng,1,雷同,leitong,形,7,7-9,{},false,false,false,
7909,累赘,léizhui,1,累赘,leizhui,形、动、名,7,7-9,{},false,false,false,
7910,累计,lěijì,1,累计,leiji,动,7,7-9,{},false,false,false,
7911,累积,lěijī,1,累积,leiji,动,7,7-9,{},false,false,false,
7912,棱角,léngjiǎo,1,棱角,lengjiao,名,7,7-9,{},false,false,false,
7913,冷淡,lěngdàn,1,冷淡,lengdan,形、动,7,7-9,{},false,false,false,
7914,冷冻,lěngdòng,1,冷冻,lengdong,动,7,7-9,{},false,false,false,
7915,冷酷,lěngkù,1,冷酷,lengku,形,7,7-9,{},false,false,false,
7916,冷落,lěngluò,1,冷落,lengluo,形、动,7,7-9,{},false,false,false,
7917,冷门,lěngmén,1,冷门,lengmen,名,7,7-9,{},false,false,false,
7918,冷漠,lěngmò,1,冷漠,lengmo,形,7,7-9,{},false,false,false,
7919,冷气,lěngqì,1,冷气,lengqi,名,7,7-9,{},false,false,false,
7920,冷却,lěngquè,1,冷却,lengque,动,7,7-9,{},false,false,false,
7921,冷战,lěngzhàn,1,冷战,lengzhan,名,7,7-9,{},false,false,false,
7922,愣,lèng,1,愣,leng,动、形、副,7,7-9,{},false,false,false,
7923,黎明,límíng,1,黎明,liming,名,7,7-9,{},false,false,false,
7924,离谱儿,lípǔr,1,离谱儿,lipur,形,7,7-9,{},false,false,false,
7925,离奇,líqí,1,离奇,liqi,形,7,7-9,{},false,false,false,
7926,理睬,lǐcǎi,1,理睬,licai,动,7,7-9,{},false,false,false,
7927,里程碑,lǐchéngbēi,1,里程碑,lichengbei,名,7,7-9,{},false,false,false,
7928,礼服,lǐfú,1,礼服,lifu,名,7,7-9,{},false,false,false,
7929,理会,lǐhuì,1,理会,lihui,动,7,7-9,{},false,false,false,
7930,礼节,lǐjié,1,礼节,lijie,名,7,7-9,{},false,false,false,
7931,礼品,lǐpǐn,1,礼品,lipin,名,7,7-9,{},false,false,false,
7932,礼尚往来,lǐshàngwǎnglái,1,礼尚往来,lishangwanglai,,7,7-9,{},false,false,true,
7933,理事,lǐshì,1,理事,lishi,动、名,7,7-9,{},false,false,false,
7934,理所当然,lǐsuǒdāngrán,1,理所当然,lisuodangran,,7,7-9,{},false,false,true,
7935,礼堂,lǐtáng,1,礼堂,litang,名,7,7-9,{},false,false,false,
7936,礼仪,lǐyí,1,礼仪,liyi,名,7,7-9,{},false,false,false,
7937,鲤鱼,lǐyú,1,鲤鱼,liyu,名,7,7-9,{},false,false,false,
7938,理智,lǐzhì,1,理智,lizhi,名、形,7,7-9,{},false,false,false,
7939,理直气壮,lǐzhí-qìzhuàng,1,理直气壮,lizhiqizhuang,,7,7-9,{},false,false,true,
7940,立案,lì’àn,1,立案,lian,动,7,7-9,{},false,false,false,
7941,利弊,lìbì,1,利弊,libi,名,7,7-9,{},false,false,false,
7942,力不从心,lìbùcóngxīn,1,力不从心,libucongxin,,7,7-9,{},false,false,true,
7943,历程,lìchéng,1,历程,licheng,名,7,7-9,{},false,false,false,
7944,历代,lìdài,1,历代,lidai,名,7,7-9,{},false,false,false,
7945,立法,lìfǎ,1,立法,lifa,动,7,7-9,{},false,false,false,
7946,立方,lìfāng,1,立方,lifang,名、量,7,7-9,{},false,false,false,
7947,立方米,lìfāngmǐ,1,立方米,lifangmi,量,7,7-9,{},false,false,false,
7948,立功,lìgōng,1,立功,ligong,动,7,7-9,{},false,false,false,
7949,利害,lìhài,1,利害,lihai,名,7,7-9,{},false,false,false,
7950,立交桥,lìjiāoqiáo,1,立交桥,lijiaoqiao,名,7,7-9,{},false,false,false,
7951,历届,lìjiè,1,历届,lijie,形,7,7-9,{},false,false,false,
7952,历来,lìlái,1,历来,lilai,副,7,7-9,{},false,false,false,
7953,莅临,lìlín,1,莅临,lilin,动,7,7-9,{},false,false,false,
7954,利率,lìlǜ,1,利率,lilu,名,7,7-9,{},false,false,false,
7955,力求,lìqiú,1,力求,liqiu,动,7,7-9,{},false,false,false,
7956,历时,lìshí,1,历时,lishi,动、形,7,7-9,{},false,false,false,
7957,利索,lìsuo,1,利索,lisuo,形,7,7-9,{},false,false,false,
7958,力所能及,lìsuǒnéngjí,1,力所能及,lisuonengji,,7,7-9,{},false,false,true,
7959,立体,lìtǐ,1,立体,liti,形、名,7,7-9,{},false,false,false,
7960,力争,lìzhēng,1,力争,lizheng,动,7,7-9,{},false,false,false,
7961,励志,lìzhì,1,励志,lizhi,动,7,7-9,{},false,false,false,
7962,立足,lìzú,1,立足,lizu,动,7,7-9,{},false,false,false,
7963,连贯,liánguàn,1,连贯,lianguan,动,7,7-9,{},false,false,false,
7964,联欢,liánhuān,1,联欢,lianhuan,动,7,7-9,{},false,false,false,
7965,廉价,liánjià,1,廉价,lianjia,形,7,7-9,{},false,false,false,
7966,廉洁,liánjié,1,廉洁,lianjie,形,7,7-9,{},false,false,false,
7967,连连,liánlián,1,连连,lianlian,副,7,7-9,{},false,false,false,
7968,联络,liánluò,1,联络,lianluo,动,7,7-9,{},false,false,false,
7969,联盟,liánméng,1,联盟,lianmeng,名,7,7-9,{},false,false,false,
7970,连绵,liánmián,1,连绵,lianmian,动,7,7-9,{},false,false,false,
7971,连年,liánnián,1,连年,liannian,动,7,7-9,{},false,false,false,
7972,连任,liánrèn,1,连任,lianren,动,7,7-9,{},false,false,false,
7973,联赛,liánsài,1,联赛,liansai,名,7,7-9,{},false,false,false,
7974,联手,liánshǒu,1,联手,lianshou,动,7,7-9,{},false,false,false,
7975,连锁,liánsuǒ,1,连锁,liansuo,形,7,7-9,{},false,false,false,
7976,连同,liántóng,1,连同,liantong,连,7,7-9,{},false,false,false,
7977,怜惜,liánxī,1,怜惜,lianxi,动,7,7-9,{},false,false,false,
7978,连夜,liányè,1,连夜,lianye,副、动,7,7-9,{},false,false,false,
7979,廉正,liánzhèng,1,廉正,lianzheng,形,7,7-9,{},false,false,false,
7980,帘子,liánzi,1,帘子,lianzi,名,7,7-9,{},false,false,false,
7981,莲子,liánzǐ,1,莲子,lianzi,名,7,7-9,{},false,false,false,
7982,脸颊,liǎnjiá,1,脸颊,lianjia,名,7,7-9,{},false,false,false,
7983,炼,liàn,1,炼,lian,动,7,7-9,{},false,false,false,
7984,恋恋不舍,liànliàn-bùshě,1,恋恋不舍,lianlianbushe,,7,7-9,{},false,false,true,
7985,良,liáng,1,良,liang,副,7,7-9,{},false,false,false,
7986,凉爽,liángshuǎng,1,凉爽,liangshuang,形,7,7-9,{},false,false,false,
7987,良心,liángxīn,1,良心,liangxin,名,7,7-9,{},false,false,false,
7988,良性,liángxìng,1,良性,liangxing,形,7,7-9,{},false,false,false,
7989,两口子,liǎngkǒuzi,1,两口子,liangkouzi,名,7,7-9,{},false,false,false,
7990,两栖,liǎngqī,1,两栖,liangqi,动,7,7-9,{},false,false,false,
7991,两手,liǎngshǒu,1,两手,liangshou,名,7,7-9,{},false,false,false,
7992,两下子,liǎngxiàzi,1,两下子,liangxiazi,数量、名,7,7-9,{},false,false,false,
7993,两翼,liǎngyì,1,两翼,liangyi,名,7,7-9,{},false,false,false,
7994,亮点,liàngdiǎn,1,亮点,liangdian,名,7,7-9,{},false,false,false,
7995,量化,liànghuà,1,量化,lianghua,动,7,7-9,{},false,false,false,
7996,谅解,liàngjiě,1,谅解,liangjie,动,7,7-9,{},false,false,false,
7997,亮丽,liànglì,1,亮丽,liangli,形,7,7-9,{},false,false,false,
7998,亮相,liàngxiàng,1,亮相,liangxiang,动,7,7-9,{},false,false,false,
7999,潦草,liáocǎo,1,潦草,liaocao,形,7,7-9,{},false,false,false,
8000,疗法,liáofǎ,1,疗法,liaofa,名,7,7-9,{},false,false,false,
8001,辽阔,liáokuò,1,辽阔,liaokuo,形,7,7-9,{},false,false,false,
8002,寥寥无几,liáoliáo-wújǐ,1,寥寥无几,liaoliaowuji,,7,7-9,{},false,false,true,
8003,疗效,liáoxiào,1,疗效,liaoxiao,名,7,7-9,{},false,false,false,
8004,疗养,liáoyǎng,1,疗养,liaoyang,动,7,7-9,{},false,false,false,
8005,了结,liǎojié,1,了结,liaojie,动,7,7-9,{},false,false,false,
8006,料理,liàolǐ,1,料理,liaoli,动、名,7,7-9,{},false,false,false,
8007,咧嘴,liězuǐ,1,咧嘴,liezui,动,7,7-9,{},false,false,false,
8008,裂,liè,1,裂,lie,动,7,7-9,{},false,false,false,
8009,裂缝,lièfèng,1,裂缝,liefeng,动、名,7,7-9,{},false,false,false,
8010,裂痕,lièhén,1,裂痕,liehen,名,7,7-9,{},false,false,false,
8011,列举,lièjǔ,1,列举,lieju,动,7,7-9,{},false,false,false,
8012,猎人,lièrén,1,猎人,lieren,名,7,7-9,{},false,false,false,
8013,烈日,lièrì,1,烈日,lieri,名,7,7-9,{},false,false,false,
8014,劣势,lièshì,1,劣势,lieshi,名,7,7-9,{},false,false,false,
8015,烈士,lièshì,1,烈士,lieshi,名,7,7-9,{},false,false,false,
8016,猎物,lièwù,1,猎物,liewu,名,7,7-9,{},false,false,false,
8017,劣质,lièzhì,1,劣质,liezhi,形,7,7-9,{},false,false,false,
8018,拎,līn,1,拎,lin,动,7,7-9,{},false,false,false,
8019,临,lín,1,临,lin,动、介,7,7-9,{},false,false,false,
8020,临床,línchuáng,1,临床,linchuang,动,7,7-9,{},false,false,false,
8021,临街,línjiē,1,临街,linjie,动,7,7-9,{},false,false,false,
8022,临近,línjìn,1,临近,linjin,动,7,7-9,{},false,false,false,
8023,吝啬,lìnsè,1,吝啬,linse,形,7,7-9,{},false,false,false,
8024,灵,líng,1,灵,ling,形、名,7,7-9,{},false,false,false,
8025,灵感,línggǎn,1,灵感,linggan,名,7,7-9,{},false,false,false,
8026,灵魂,línghún,1,灵魂,linghun,名,7,7-9,{},false,false,false,
8027,零件,língjiàn,1,零件,lingjian,名,7,7-9,{},false,false,false,
8028,灵机一动,língjī-yídòng,1,灵机一动,lingjiyidong,,7,7-9,{},false,false,true,
8029,灵敏,língmǐn,1,灵敏,lingmin,形,7,7-9,{},false,false,false,
8030,灵巧,língqiǎo,1,灵巧,lingqiao,形,7,7-9,{},false,false,false,
8031,零售,língshòu,1,零售,lingshou,动,7,7-9,{},false,false,false,
8032,零碎,língsuì,1,零碎,lingsui,形、名,7,7-9,{},false,false,false,
8033,聆听,língtīng,1,聆听,lingting,动,7,7-9,{},false,false,false,
8034,灵通,língtōng,1,灵通,lingtong,形,7,7-9,{},false,false,false,
8035,零星,língxīng,1,零星,lingxing,形,7,7-9,{},false,false,false,
8036,领队,lǐngduì,1,领队,lingdui,动、名,7,7-9,{},false,false,false,
8037,领会,lǐnghuì,1,领会,linghui,动,7,7-9,{},false,false,false,
8038,领军,lǐngjūn,1,领军,lingjun,动,7,7-9,{},false,false,false,
8039,领略,lǐnglüè,1,领略,linglue,动,7,7-9,{},false,false,false,
8040,领事,lǐngshì,1,领事,lingshi,名,7,7-9,{},false,false,false,
8041,领事馆,lǐngshìguǎn,1,领事馆,lingshiguan,名,7,7-9,{},false,false,false,
8042,领土,lǐngtǔ,1,领土,lingtu,名,7,7-9,{},false,false,false,
8043,领悟,lǐngwù,1,领悟,lingwu,动,7,7-9,{},false,false,false,
8044,领袖,lǐngxiù,1,领袖,lingxiu,名,7,7-9,{},false,false,false,
8045,领养,lǐngyǎng,1,领养,lingyang,动,7,7-9,{},false,false,false,
8046,溜,liū,1,溜,liu,动,7,7-9,{},false,false,false,
8047,溜达,liūda,1,溜达,liuda,动,7,7-9,{},false,false,false,
8048,流畅,liúchàng,1,流畅,liuchang,形,7,7-9,{},false,false,false,
8049,流浪,liúlàng,1,流浪,liulang,动,7,7-9,{},false,false,false,
8050,留恋,liúliàn,1,留恋,liulian,动,7,7-9,{},false,false,false,
8051,流露,liúlù,1,流露,liulu,动,7,7-9,{},false,false,false,
8052,流氓,liúmáng,1,流氓,liumang,名,7,7-9,{},false,false,false,
8053,留念,liúniàn,1,留念,liunian,动,7,7-9,{},false,false,false,
8054,流派,liúpài,1,流派,liupai,名,7,7-9,{},false,false,false,
8055,留神,liúshén,1,留神,liushen,动,7,7-9,{},false,false,false,
8056,流逝,liúshì,1,流逝,liushi,动,7,7-9,{},false,false,false,
8057,流失,liúshī,1,流失,liushi,动,7,7-9,{},false,false,false,
8058,流水,liúshuǐ,1,流水,liushui,名,7,7-9,{},false,false,false,
8059,流淌,liútǎng,1,流淌,liutang,动,7,7-9,{},false,false,false,
8060,流向,liúxiàng,1,流向,liuxiang,名,7,7-9,{},false,false,false,
8061,留心,liúxīn,1,留心,liuxin,动,7,7-9,{},false,false,false,
8062,流血,liúxuè,1,流血,liuxue,动,7,7-9,{},false,false,false,
8063,留意,liúyì,1,留意,liuyi,动,7,7-9,{},false,false,false,
8064,流域,liúyù,1,流域,liuyu,名,7,7-9,{},false,false,false,
8065,流转,liúzhuǎn,1,流转,liuzhuan,动,7,7-9,{},false,false,false,
8066,柳树,liǔshù,1,柳树,liushu,名,7,7-9,{},false,false,false,
8067,遛,liù,1,遛,liu,动,7,7-9,{},false,false,false,
8068,聋,lóng,1,聋,long,形,7,7-9,{},false,false,false,
8069,龙头,lóngtóu,1,龙头,longtou,名,7,7-9,{},false,false,false,
8070,隆重,lóngzhòng,1,隆重,longzhong,形,7,7-9,{},false,false,false,
8071,笼子,lóngzi,1,笼子,longzi,名,7,7-9,{},false,false,false,
8072,垄断,lǒngduàn,1,垄断,longduan,动,7,7-9,{},false,false,false,
8073,笼统,lǒngtǒng,1,笼统,longtong,形,7,7-9,{},false,false,false,
8074,笼罩,lǒngzhào,1,笼罩,longzhao,动,7,7-9,{},false,false,false,
8075,搂,lǒu,1,搂,lou,动,7,7-9,{},false,false,false,
8076,露面,lòumiàn,1,露面,loumian,动,7,7-9,{},false,false,false,
8077,炉子,lúzi,1,炉子,luzi,名,7,7-9,{},false,false,false,
8078,鲁莽,lǔmǎng,1,鲁莽,lumang,形,7,7-9,{},false,false,false,
8079,卤味,lǔwèi,1,卤味,luwei,名,7,7-9,{},false,false,false,
8080,鹿,lù,1,鹿,lu,名,7,7-9,{},false,false,false,
8081,露,lù,2,露2,lu,名,7,7-9,{},true,true,false,
8082,路段,lùduàn,1,路段,luduan,名,7,7-9,{},false,false,false,
8083,路径,lùjìng,1,路径,lujing,名,7,7-9,{},false,false,false,
8084,陆军,lùjūn,1,陆军,lujun,名,7,7-9,{},false,false,false,
8085,露天,lùtiān,1,露天,lutian,名、形,7,7-9,{},false,false,false,
8086,路途,lùtú,1,路途,lutu,名,7,7-9,{},false,false,false,
8087,露营,lùyíng,1,露营,luying,动,7,7-9,{},false,false,false,
8088,路子,lùzi,1,路子,luzi,名,7,7-9,{},false,false,false,
8089,屡,lǚ,1,屡,lu,副,7,7-9,{},false,false,false,
8090,缕,lǚ,1,缕,lu,量,7,7-9,{},false,false,false,
8091,屡次,lǚcì,1,屡次,luci,副,7,7-9,{},false,false,false,
8092,屡屡,lǚlǚ,1,屡屡,lulu,副,7,7-9,{},false,false,false,
8093,绿地,lǜdì,1,绿地,ludi,名,7,7-9,{},false,false,false,
8094,绿洲,lǜzhōu,1,绿洲,luzhou,名,7,7-9,{},false,false,false,
8095,孪生,luánshēng,1,孪生,luansheng,形,7,7-9,{},false,false,false,
8096,卵,luǎn,1,卵,luan,名,7,7-9,{},false,false,false,
8097,乱七八糟,luànqībāzāo,1,乱七八糟,luanqibazao,,7,7-9,{},false,false,true,
8098,略,lüè,1,略,lue,形、动、副,7,7-9,{},false,false,false,
8099,掠夺,lüèduó,1,掠夺,lueduo,动,7,7-9,{},false,false,false,
8100,略微,lüèwēi,1,略微,luewei,副,7,7-9,{},false,false,false,
8101,抡,lūn,1,抡,lun,动,7,7-9,{},false,false,false,
8102,轮换,lúnhuàn,1,轮换,lunhuan,动,7,7-9,{},false,false,false,
8103,轮廓,lúnkuò,1,轮廓,lunkuo,名,7,7-9,{},false,false,false,
8104,伦理,lúnlǐ,1,伦理,lunli,名,7,7-9,{},false,false,false,
8105,轮胎,lúntāi,1,轮胎,luntai,名,7,7-9,{},false,false,false,
8106,论述,lùnshù,1,论述,lunshu,动,7,7-9,{},false,false,false,
8107,论证,lùnzhèng,1,论证,lunzheng,动、名,7,7-9,{},false,false,false,
8108,啰唆,luōsuo,1,啰唆,luosuo,形、动,7,7-9,{},false,false,false,
8109,萝卜,luóbo,1,萝卜,luobo,名,7,7-9,{},false,false,false,
8110,螺丝,luósī,1,螺丝,luosi,名,7,7-9,{},false,false,false,
8111,裸,luǒ,1,裸,luo,动,7,7-9,{},false,false,false,
8112,裸露,luǒlù,1,裸露,luolu,动,7,7-9,{},false,false,false,
8113,裸体,luǒtǐ,1,裸体,luoti,动、名,7,7-9,{},false,false,false,
8114,落差,luòchā,1,落差,luocha,名,7,7-9,{},false,false,false,
8115,落成,luòchéng,1,落成,luocheng,动,7,7-9,{},false,false,false,
8116,落户,luòhù,1,落户,luohu,动,7,7-9,{},false,false,false,
8117,落实,luòshí,1,落实,luoshi,动,7,7-9,{},false,false,false,
8118,络绎不绝,luòyì-bùjué,1,络绎不绝,luoyibujue,,7,7-9,{},false,false,true,
8119,麻,má,1,麻1,ma,形,7,7-9,{},true,false,false,
8120,麻,má,2,麻2,ma,名,7,7-9,{},true,false,false,
8121,麻痹,mábì,1,麻痹,mabi,动、形,7,7-9,{},false,false,false,
8122,麻将,májiàng,1,麻将,majiang,名,7,7-9,{},false,false,false,
8123,麻辣,málà,1,麻辣,mala,形,7,7-9,{},false,false,false,
8124,麻木,mámù,1,麻木,mamu,形,7,7-9,{},false,false,false,
8125,麻醉,mázuì,1,麻醉,mazui,动,7,7-9,{},false,false,false,
8126,码,mǎ,1,码1,ma,量,7,7-9,{},true,false,false,
8127,码,mǎ,2,码2,ma,动,7,7-9,{},true,false,false,
8128,马后炮,mǎhòupào,1,马后炮,mahoupao,名,7,7-9,{},false,false,false,
8129,马力,mǎlì,1,马力,mali,量,7,7-9,{},false,false,false,
8130,马桶,mǎtǒng,1,马桶,matong,名,7,7-9,{},false,false,false,
8131,埋藏,máicáng,1,埋藏,maicang,动,7,7-9,{},false,false,false,
8132,埋伏,máifú,1,埋伏,maifu,动,7,7-9,{},false,false,false,
8133,埋没,máimò,1,埋没,maimo,动,7,7-9,{},false,false,false,
8134,埋头苦干,máitóu-kǔgàn,1,埋头苦干,maitoukugan,,7,7-9,{},false,false,true,
8135,埋葬,máizàng,1,埋葬,maizang,动,7,7-9,{},false,false,false,
8136,脉搏,màibó,1,脉搏,maibo,名,7,7-9,{},false,false,false,
8137,脉络,màiluò,1,脉络,mailuo,名,7,7-9,{},false,false,false,
8138,瞒,mán,1,瞒,man,动,7,7-9,{},false,false,false,
8139,埋怨,mányuàn,1,埋怨,manyuan,动,7,7-9,{},false,false,false,
8140,满怀,mǎnhuái,1,满怀,manhuai,动、名,7,7-9,{},false,false,false,
8141,漫,màn,1,漫,man,动,7,7-9,{},false,false,false,
8142,慢性,mànxìng,1,慢性,manxing,形,7,7-9,{},false,false,false,
8143,蔓延,mànyán,1,蔓延,manyan,动,7,7-9,{},false,false,false,
8144,漫游,mànyóu,1,漫游,manyou,动,7,7-9,{},false,false,false,
8145,忙活,mánghuo,1,忙活,manghuo,动,7,7-9,{},false,false,false,
8146,忙乱,mángluàn,1,忙乱,mangluan,形,7,7-9,{},false,false,false,
8147,茫茫,mángmáng,1,茫茫,mangmang,形,7,7-9,{},false,false,false,
8148,盲目,mángmù,1,盲目,mangmu,形,7,7-9,{},false,false,false,
8149,茫然,mángrán,1,茫然,mangran,形,7,7-9,{},false,false,false,
8150,矛头,máotóu,1,矛头,maotou,名,7,7-9,{},false,false,false,
8151,冒充,màochōng,1,冒充,maochong,动,7,7-9,{},false,false,false,
8152,冒犯,màofàn,1,冒犯,maofan,动,7,7-9,{},false,false,false,
8153,冒昧,màomèi,1,冒昧,maomei,形,7,7-9,{},false,false,false,
8154,茂密,màomì,1,茂密,maomi,形,7,7-9,{},false,false,false,
8155,茂盛,màoshèng,1,茂盛,maosheng,形,7,7-9,{},false,false,false,
8156,枚,méi,1,枚,mei,量,7,7-9,{},false,false,false,
8157,媒介,méijiè,1,媒介,meijie,名,7,7-9,{},false,false,false,
8158,没劲,méijìn,1,没劲,meijin,动、形,7,7-9,{},false,false,false,
8159,眉开眼笑,méikāi-yǎnxiào,1,眉开眼笑,meikaiyanxiao,,7,7-9,{},false,false,true,
8160,煤气,méiqì,1,煤气,meiqi,名,7,7-9,{},false,false,false,
8161,煤炭,méitàn,1,煤炭,meitan,名,7,7-9,{},false,false,false,
8162,没完没了,méiwán-méiliǎo,1,没完没了,meiwanmeiliao,,7,7-9,{},false,false,true,
8163,没辙,méizhé,1,没辙,meizhe,动,7,7-9,{},false,false,false,
8164,没准儿,méizhǔnr,1,没准儿,meizhunr,动,7,7-9,{},false,false,false,
8165,美德,měidé,1,美德,meide,名,7,7-9,{},false,false,false,
8166,美化,měihuà,1,美化,meihua,动,7,7-9,{},false,false,false,
8167,美满,měimǎn,1,美满,meiman,形,7,7-9,{},false,false,false,
8168,美妙,měimiào,1,美妙,meimiao,形,7,7-9,{},false,false,false,
8169,美容,měiróng,1,美容,meirong,动,7,7-9,{},false,false,false,
8170,美学,měixué,1,美学,meixue,名,7,7-9,{},false,false,false,
8171,美誉,měiyù,1,美誉,meiyu,名,7,7-9,{},false,false,false,
8172,美中不足,měizhōng-bùzú,1,美中不足,meizhongbuzu,,7,7-9,{},false,false,true,
8173,美滋滋,měizīzī,1,美滋滋,meizizi,形,7,7-9,{},false,false,false,
8174,闷,mēn,1,闷,men,形、动,7,7-9,{},true,true,false,
8175,闷热,mēnrè,1,闷热,menre,形,7,7-9,{},false,false,false,
8176,门槛,ménkǎn,1,门槛,menkan,名,7,7-9,{},false,false,false,
8177,门路,ménlu,1,门路,menlu,名,7,7-9,{},false,false,false,
8178,闷,mèn,1,闷,men,形,7,7-9,{},true,true,false,
8179,蒙,mēng,1,蒙,meng,动,7,7-9,{},true,true,false,
8180,蒙,méng,1,蒙,meng,动,7,7-9,{},true,true,false,
8181,萌发,méngfā,1,萌发,mengfa,动,7,7-9,{},false,false,false,
8182,朦胧,ménglóng,1,朦胧,menglong,形,7,7-9,{},false,false,false,
8183,萌芽,méngyá,1,萌芽,mengya,动、名,7,7-9,{},false,false,false,
8184,盟友,méngyǒu,1,盟友,mengyou,名,7,7-9,{},false,false,false,
8185,猛,měng,1,猛,meng,形,7,7-9,{},false,false,false,
8186,猛烈,měngliè,1,猛烈,menglie,形,7,7-9,{},false,false,false,
8187,猛然,měngrán,1,猛然,mengran,副,7,7-9,{},false,false,false,
8188,梦幻,mènghuàn,1,梦幻,menghuan,名,7,7-9,{},false,false,false,
8189,梦寐以求,mèngmèiyǐqiú,1,梦寐以求,mengmeiyiqiu,,7,7-9,{},false,false,true,
8190,眯,mī,1,眯,mi,动,7,7-9,{},false,false,false,
8191,谜,mí,1,谜,mi,名,7,7-9,{},false,false,false,
8192,谜底,mídǐ,1,谜底,midi,名,7,7-9,{},false,false,false,
8193,迷惑,míhuò,1,迷惑,mihuo,形、动,7,7-9,{},false,false,false,
8194,迷恋,míliàn,1,迷恋,milian,动,7,7-9,{},false,false,false,
8195,弥漫,mímàn,1,弥漫,miman,动,7,7-9,{},false,false,false,
8196,迷失,míshī,1,迷失,mishi,动,7,7-9,{},false,false,false,
8197,谜团,mítuán,1,谜团,mituan,名,7,7-9,{},false,false,false,
8198,迷信,míxìn,1,迷信,mixin,动,7,7-9,{},false,false,false,
8199,谜语,míyǔ,1,谜语,miyu,名,7,7-9,{},false,false,false,
8200,密布,mìbù,1,密布,mibu,动,7,7-9,{},false,false,false,
8201,秘方,mìfāng,1,秘方,mifang,名,7,7-9,{},false,false,false,
8202,密封,mìfēng,1,密封,mifeng,动,7,7-9,{},false,false,false,
8203,秘诀,mìjué,1,秘诀,mijue,名,7,7-9,{},false,false,false,
8204,蜜月,mìyuè,1,蜜月,miyue,名,7,7-9,{},false,false,false,
8205,棉花,miánhuā,1,棉花,mianhua,名,7,7-9,{},false,false,false,
8206,免不了,miǎnbuliǎo,1,免不了,mianbuliao,动,7,7-9,{},false,false,false,
8207,免除,miǎnchú,1,免除,mianchu,动,7,7-9,{},false,false,false,
8208,免得,miǎnde,1,免得,miande,连,7,7-9,{},false,false,false,
8209,缅怀,miǎnhuái,1,缅怀,mianhuai,动,7,7-9,{},false,false,false,
8210,勉励,miǎnlì,1,勉励,mianli,动,7,7-9,{},false,false,false,
8211,腼腆,miǎntiǎn,1,腼腆,miantian,形,7,7-9,{},false,false,false,
8212,免职,miǎnzhí,1,免职,mianzhi,动,7,7-9,{},false,false,false,
8213,面红耳赤,miànhóng-ěrchì,1,面红耳赤,mianhongerchi,,7,7-9,{},false,false,true,
8214,面孔,miànkǒng,1,面孔,miankong,名,7,7-9,{},false,false,false,
8215,面貌,miànmào,1,面貌,mianmao,名,7,7-9,{},false,false,false,
8216,面面俱到,miànmiàn-jùdào,1,面面俱到,mianmianjudao,,7,7-9,{},false,false,true,
8217,面目全非,miànmù-quánfēi,1,面目全非,mianmuquanfei,,7,7-9,{},false,false,true,
8218,苗,miáo,1,苗,miao,名,7,7-9,{},false,false,false,
8219,苗条,miáotiao,1,苗条,miaotiao,形,7,7-9,{},false,false,false,
8220,苗头,miáotou,1,苗头,miaotou,名,7,7-9,{},false,false,false,
8221,瞄准,miáozhǔn,1,瞄准,miaozhun,动,7,7-9,{},false,false,false,
8222,藐视,miǎoshì,1,藐视,miaoshi,动,7,7-9,{},false,false,false,
8223,渺小,miǎoxiǎo,1,渺小,miaoxiao,形,7,7-9,{},false,false,false,
8224,庙,miào,1,庙,miao,名,7,7-9,{},false,false,false,
8225,庙会,miàohuì,1,庙会,miaohui,名,7,7-9,{},false,false,false,
8226,灭绝,mièjué,1,灭绝,miejue,动,7,7-9,{},false,false,false,
8227,蔑视,mièshì,1,蔑视,mieshi,动,7,7-9,{},false,false,false,
8228,灭亡,mièwáng,1,灭亡,miewang,动,7,7-9,{},false,false,false,
8229,民办,mínbàn,1,民办,minban,形,7,7-9,{},false,false,false,
8230,民居,mínjū,1,民居,minju,名,7,7-9,{},false,false,false,
8231,民生,mínshēng,1,民生,minsheng,名,7,7-9,{},false,false,false,
8232,民事,mínshì,1,民事,minshi,形,7,7-9,{},false,false,false,
8233,民意,mínyì,1,民意,minyi,名,7,7-9,{},false,false,false,
8234,民营,mínyíng,1,民营,minying,形,7,7-9,{},false,false,false,
8235,民用,mínyòng,1,民用,minyong,形,7,7-9,{},false,false,false,
8236,敏捷,mǐnjié,1,敏捷,minjie,形,7,7-9,{},false,false,false,
8237,敏锐,mǐnruì,1,敏锐,minrui,形,7,7-9,{},false,false,false,
8238,鸣,míng,1,鸣,ming,动,7,7-9,{},false,false,false,
8239,名次,míngcì,1,名次,mingci,名,7,7-9,{},false,false,false,
8240,名副其实,míngfùqíshí,1,名副其实,mingfuqishi,,7,7-9,{},false,false,true,
8241,名贵,míngguì,1,名贵,minggui,形,7,7-9,{},false,false,false,
8242,铭记,míngjì,1,铭记,mingji,动,7,7-9,{},false,false,false,
8243,明朗,mínglǎng,1,明朗,minglang,形,7,7-9,{},false,false,false,
8244,名利,mínglì,1,名利,mingli,名,7,7-9,{},false,false,false,
8245,明媚,míngmèi,1,明媚,mingmei,形,7,7-9,{},false,false,false,
8246,名声,míngshēng,1,名声,mingsheng,名,7,7-9,{},false,false,false,
8247,名言,míngyán,1,名言,mingyan,名,7,7-9,{},false,false,false,
8248,名义,míngyì,1,名义,mingyi,名,7,7-9,{},false,false,false,
8249,名誉,míngyù,1,名誉,mingyu,名、形,7,7-9,{},false,false,false,
8250,明智,míngzhì,1,明智,mingzhi,形,7,7-9,{},false,false,false,
8251,名著,míngzhù,1,名著,mingzhu,名,7,7-9,{},false,false,false,
8252,命,mìng,2,命2,ming,动,7,7-9,{},true,false,false,
8253,摸索,mōsuǒ,1,摸索,mosuo,动,7,7-9,{},false,false,false,
8254,膜,mó,1,膜,mo,名,7,7-9,{},false,false,false,
8255,磨,mó,1,磨,mo,动,7,7-9,{},false,false,false,
8256,摩擦,mócā,1,摩擦,moca,动、名,7,7-9,{},false,false,false,
8257,魔法,mófǎ,1,魔法,mofa,名,7,7-9,{},false,false,false,
8258,模范,mófàn,1,模范,mofan,名、形,7,7-9,{},false,false,false,
8259,蘑菇,mógu,1,蘑菇,mogu,名,7,7-9,{},false,false,false,
8260,魔鬼,móguǐ,1,魔鬼,mogui,名,7,7-9,{},false,false,false,
8261,磨合,móhé,1,磨合,mohe,动,7,7-9,{},false,false,false,
8262,魔力,mólì,1,魔力,moli,名,7,7-9,{},false,false,false,
8263,磨炼,móliàn,1,磨炼,molian,动,7,7-9,{},false,false,false,
8264,磨难,mónàn,1,磨难,monan,名,7,7-9,{},false,false,false,
8265,魔术,móshù,1,魔术,moshu,名,7,7-9,{},false,false,false,
8266,磨损,mósǔn,1,磨损,mosun,动,7,7-9,{},false,false,false,
8267,抹,mǒ,1,抹,mo,动、量,7,7-9,{},false,false,false,
8268,抹杀,mǒshā,1,抹杀,mosha,动,7,7-9,{},false,false,false,
8269,墨,mò,1,墨,mo,名,7,7-9,{},false,false,false,
8270,莫大,mòdà,1,莫大,moda,形,7,7-9,{},false,false,false,
8271,莫非,mòfēi,1,莫非,mofei,副,7,7-9,{},false,false,false,
8272,茉莉,mòlì,1,茉莉,moli,名,7,7-9,{},false,false,false,
8273,没落,mòluò,1,没落,moluo,动,7,7-9,{},false,false,false,
8274,莫名其妙,mòmíngqímiào,1,莫名其妙,momingqimiao,,7,7-9,{},false,false,true,
8275,默默无闻,mòmò-wúwén,1,默默无闻,momowuwen,,7,7-9,{},false,false,true,
8276,默契,mòqì,1,默契,moqi,形、名,7,7-9,{},false,false,false,
8277,漠然,mòrán,1,漠然,moran,形,7,7-9,{},false,false,false,
8278,末日,mòrì,1,末日,mori,名,7,7-9,{},false,false,false,
8279,没收,mòshōu,1,没收,moshou,动,7,7-9,{},false,false,false,
8280,墨水,mòshuǐ,1,墨水,moshui,名,7,7-9,{},false,false,false,
8281,谋害,móuhài,1,谋害,mouhai,动,7,7-9,{},false,false,false,
8282,谋划,móuhuà,1,谋划,mouhua,动,7,7-9,{},false,false,false,
8283,谋求,móuqiú,1,谋求,mouqiu,动,7,7-9,{},false,false,false,
8284,谋取,móuqǔ,1,谋取,mouqu,动,7,7-9,{},false,false,false,
8285,谋生,móushēng,1,谋生,mousheng,动,7,7-9,{},false,false,false,
8286,亩,mǔ,1,亩,mu,量,7,7-9,{},false,false,false,
8287,牡丹,mǔdan,1,牡丹,mudan,名,7,7-9,{},false,false,false,
8288,拇指,mǔzhǐ,1,拇指,muzhi,名,7,7-9,{},false,false,false,
8289,墓,mù,1,墓,mu,名,7,7-9,{},false,false,false,
8290,幕,mù,1,幕,mu,量,7,7-9,{},false,false,false,
8291,墓碑,mùbēi,1,墓碑,mubei,名,7,7-9,{},false,false,false,
8292,目不转睛,mùbùzhuǎnjīng,1,目不转睛,mubuzhuanjing,,7,7-9,{},false,false,true,
8293,牧场,mùchǎng,1,牧场,muchang,名,7,7-9,{},false,false,false,
8294,目瞪口呆,mùdèng-kǒudāi,1,目瞪口呆,mudengkoudai,,7,7-9,{},false,false,true,
8295,墓地,mùdì,1,墓地,mudi,名,7,7-9,{},false,false,false,
8296,目睹,mùdǔ,1,目睹,mudu,动,7,7-9,{},false,false,false,
8297,幕后,mùhòu,1,幕后,muhou,名,7,7-9,{},false,false,false,
8298,木匠,mùjiàng,1,木匠,mujiang,名,7,7-9,{},false,false,false,
8299,募捐,mùjuān,1,募捐,mujuan,动,7,7-9,{},false,false,false,
8300,牧民,mùmín,1,牧民,mumin,名,7,7-9,{},false,false,false,
8301,木偶,mù’ǒu,1,木偶,muou,名,7,7-9,{},false,false,false,
8302,沐浴,mùyù,1,沐浴,muyu,动,7,7-9,{},false,false,false,
8303,目中无人,mùzhōng-wúrén,1,目中无人,muzhongwuren,,7,7-9,{},false,false,true,
8304,拿手,náshǒu,1,拿手,nashou,形,7,7-9,{},false,false,false,
8305,呐喊,nàhǎn,1,呐喊,nahan,动,7,7-9,{},false,false,false,
8306,纳闷儿,nàmènr,1,纳闷儿,namenr,动,7,7-9,{},false,false,false,
8307,纳入,nàrù,1,纳入,naru,动,7,7-9,{},false,false,false,
8308,纳税,nàshuì,1,纳税,nashui,动,7,7-9,{},false,false,false,
8309,纳税人,nàshuìrén,1,纳税人,nashuiren,名,7,7-9,{},false,false,false,
8310,乃,nǎi,1,乃,nai,副,7,7-9,{},false,false,false,
8311,奶酪,nǎilào,1,奶酪,nailao,名,7,7-9,{},false,false,false,
8312,乃至,nǎizhì,1,乃至,naizhi,连,7,7-9,{},false,false,false,
8313,耐,nài,1,耐,nai,动,7,7-9,{},false,false,false,
8314,耐人寻味,nàirénxúnwèi,1,耐人寻味,nairenxunwei,,7,7-9,{},false,false,true,
8315,耐用,nàiyòng,1,耐用,naiyong,形,7,7-9,{},false,false,false,
8316,难处,nánchù,1,难处,nanchu,名,7,7-9,{},false,false,false,
8317,难得一见,nándé yí jiàn,1,难得一见,nandeyijian,,7,7-9,{},false,false,true,
8318,男方,nánfāng,1,男方,nanfang,名,7,7-9,{},false,false,false,
8319,南瓜,nánguā,1,南瓜,nangua,名,7,7-9,{},false,false,false,
8320,难怪,nánguài,1,难怪,nanguai,动、副,7,7-9,{},false,false,false,
8321,难关,nánguān,1,难关,nanguan,名,7,7-9,{},false,false,false,
8322,难堪,nánkān,1,难堪,nankan,动、形,7,7-9,{},false,false,false,
8323,难能可贵,nánnéng-kěguì,1,难能可贵,nannengkegui,,7,7-9,{},false,false,true,
8324,难为情,nánwéiqíng,1,难为情,nanweiqing,形,7,7-9,{},false,false,false,
8325,难以置信,nányǐ-zhìxìn,1,难以置信,nanyizhixin,,7,7-9,{},false,false,true,
8326,南辕北辙,nányuán-běizhé,1,南辕北辙,nanyuanbeizhe,,7,7-9,{},false,false,true,
8327,挠,náo,1,挠,nao,动,7,7-9,{},false,false,false,
8328,脑海,nǎohǎi,1,脑海,naohai,名,7,7-9,{},false,false,false,
8329,恼火,nǎohuǒ,1,恼火,naohuo,形,7,7-9,{},false,false,false,
8330,恼羞成怒,nǎoxiū-chéngnù,1,恼羞成怒,naoxiuchengnu,,7,7-9,{},false,false,true,
8331,闹事,nàoshì,1,闹事,naoshi,动,7,7-9,{},false,false,false,
8332,内存,nèicún,1,内存,neicun,名,7,7-9,{},false,false,false,
8333,内地,nèidì,1,内地,neidi,名,7,7-9,{},false,false,false,
8334,内行,nèiháng,1,内行,neihang,形、名,7,7-9,{},false,false,false,
8335,内幕,nèimù,1,内幕,neimu,名,7,7-9,{},false,false,false,
8336,内向,nèixiàng,1,内向,neixiang,形,7,7-9,{},false,false,false,
8337,内需,nèixū,1,内需,neixu,名,7,7-9,{},false,false,false,
8338,内在,nèizài,1,内在,neizai,形,7,7-9,{},false,false,false,
8339,内脏,nèizàng,1,内脏,neizang,名,7,7-9,{},false,false,false,
8340,嫩,nèn,1,嫩,nen,形,7,7-9,{},false,false,false,
8341,能耗,nénghào,1,能耗,nenghao,名,7,7-9,{},false,false,false,
8342,能耐,néngnai,1,能耐,nengnai,名、形,7,7-9,{},false,false,false,
8343,能人,néngrén,1,能人,nengren,名,7,7-9,{},false,false,false,
8344,泥泞,nínìng,1,泥泞,nining,形,7,7-9,{},false,false,false,
8345,泥潭,nítán,1,泥潭,nitan,名,7,7-9,{},false,false,false,
8346,泥土,nítǔ,1,泥土,nitu,名,7,7-9,{},false,false,false,
8347,拟,nǐ,1,拟,ni,动,7,7-9,{},false,false,false,
8348,拟定,nǐdìng,1,拟定,niding,动,7,7-9,{},false,false,false,
8349,逆,nì,1,逆,ni,动,7,7-9,{},false,false,false,
8350,逆境,nìjìng,1,逆境,nijing,名,7,7-9,{},false,false,false,
8351,匿名,nìmíng,1,匿名,niming,动,7,7-9,{},false,false,false,
8352,溺水,nìshuǐ,1,溺水,nishui,动,7,7-9,{},false,false,false,
8353,逆行,nìxíng,1,逆行,nixing,动,7,7-9,{},false,false,false,
8354,黏,nián,1,黏,nian,形,7,7-9,{},false,false,false,
8355,年报,niánbào,1,年报,nianbao,名,7,7-9,{},false,false,false,
8356,年画,niánhuà,1,年画,nianhua,名,7,7-9,{},false,false,false,
8357,年均,niánjūn,1,年均,nianjun,动,7,7-9,{},false,false,false,
8358,年轮,niánlún,1,年轮,nianlun,名,7,7-9,{},false,false,false,
8359,年迈,niánmài,1,年迈,nianmai,形,7,7-9,{},false,false,false,
8360,年限,niánxiàn,1,年限,nianxian,名,7,7-9,{},false,false,false,
8361,年薪,niánxīn,1,年薪,nianxin,名,7,7-9,{},false,false,false,
8362,撵,niǎn,1,撵,nian,动,7,7-9,{},false,false,false,
8363,念念不忘,niànniàn-búwàng,1,念念不忘,niannianbuwang,,7,7-9,{},false,false,true,
8364,念头,niàntou,1,念头,niantou,名,7,7-9,{},false,false,false,
8365,娘,niáng,1,娘,niang,名,7,7-9,{},false,false,false,
8366,酿造,niàngzào,1,酿造,niangzao,动,7,7-9,{},false,false,false,
8367,鸟巢,niǎocháo,1,鸟巢,niaochao,名,7,7-9,{},false,false,false,
8368,尿,niào,1,尿,niao,名、动,7,7-9,{},false,false,false,
8369,捏,niē,1,捏,nie,动,7,7-9,{},false,false,false,
8370,拧,níng,1,拧,ning,动,7,7-9,{},true,true,false,
8371,凝固,nínggù,1,凝固,ninggu,动,7,7-9,{},false,false,false,
8372,凝结,níngjié,1,凝结,ningjie,动,7,7-9,{},false,false,false,
8373,宁静,níngjìng,1,宁静,ningjing,形,7,7-9,{},false,false,false,
8374,凝聚,níngjù,1,凝聚,ningju,动,7,7-9,{},false,false,false,
8375,凝视,níngshì,1,凝视,ningshi,动,7,7-9,{},false,false,false,
8376,拧,nǐng,1,拧,ning,动,7,7-9,{},true,true,false,
8377,宁可,nìngkě,1,宁可,ningke,副,7,7-9,{},false,false,false,
8378,宁愿,nìngyuàn,1,宁愿,ningyuan,副,7,7-9,{},false,false,false,
8379,纽带,niǔdài,1,纽带,niudai,名,7,7-9,{},false,false,false,
8380,纽扣,niǔkòu,1,纽扣,niukou,名,7,7-9,{},false,false,false,
8381,扭曲,niǔqū,1,扭曲,niuqu,动,7,7-9,{},false,false,false,
8382,扭头,niǔtóu,1,扭头,niutou,动,7,7-9,{},false,false,false,
8383,扭转,niǔzhuǎn,1,扭转,niuzhuan,动,7,7-9,{},false,false,false,
8384,农场,nóngchǎng,1,农场,nongchang,名,7,7-9,{},false,false,false,
8385,农历,nónglì,1,农历,nongli,名,7,7-9,{},false,false,false,
8386,农民工,nóngmíngōng,1,农民工,nongmingong,名,7,7-9,{},false,false,false,
8387,浓缩,nóngsuō,1,浓缩,nongsuo,动,7,7-9,{},false,false,false,
8388,浓郁,nóngyù,1,浓郁,nongyu,形,7,7-9,{},false,false,false,
8389,浓重,nóngzhòng,1,浓重,nongzhong,形,7,7-9,{},false,false,false,
8390,弄虚作假,nòngxū-zuòjiǎ,1,弄虚作假,nongxuzuojia,,7,7-9,{},false,false,true,
8391,奴隶,núlì,1,奴隶,nuli,名,7,7-9,{},false,false,false,
8392,女方,nǚfāng,1,女方,nufang,名,7,7-9,{},false,false,false,
8393,女婿,nǚxu,1,女婿,nuxu,名,7,7-9,{},false,false,false,
8394,暖烘烘,nuǎnhōnghōng,1,暖烘烘,nuanhonghong,形,7,7-9,{},false,false,false,
8395,虐待,nüèdài,1,虐待,nuedai,动,7,7-9,{},false,false,false,
8396,挪,nuó,1,挪,nuo,动,7,7-9,{},false,false,false,
8397,诺言,nuòyán,1,诺言,nuoyan,名,7,7-9,{},false,false,false,
8398,殴打,ōudǎ,1,殴打,ouda,动,7,7-9,{},false,false,false,
8399,呕吐,ǒutù,1,呕吐,outu,动,7,7-9,{},false,false,false,
8400,趴,pā,1,趴,pa,动,7,7-9,{},false,false,false,
8401,拍板,pāibǎn,1,拍板,paiban,动,7,7-9,{},false,false,false,
8402,拍卖,pāimài,1,拍卖,paimai,动,7,7-9,{},false,false,false,
8403,排查,páichá,1,排查,paicha,动,7,7-9,{},false,false,false,
8404,排斥,páichì,1,排斥,paichi,动,7,7-9,{},false,false,false,
8405,排行榜,páihángbǎng,1,排行榜,paihangbang,名,7,7-9,{},false,false,false,
8406,徘徊,páihuái,1,徘徊,paihuai,动,7,7-9,{},false,false,false,
8407,牌照,páizhào,1,牌照,paizhao,名,7,7-9,{},false,false,false,
8408,派别,pàibié,1,派别,paibie,名,7,7-9,{},false,false,false,
8409,派遣,pàiqiǎn,1,派遣,paiqian,动,7,7-9,{},false,false,false,
8410,攀,pān,1,攀,pan,动,7,7-9,{},false,false,false,
8411,攀登,pāndēng,1,攀登,pandeng,动,7,7-9,{},false,false,false,
8412,攀升,pānshēng,1,攀升,pansheng,动,7,7-9,{},false,false,false,
8413,盘算,pánsuan,1,盘算,pansuan,动,7,7-9,{},false,false,false,
8414,盘旋,pánxuán,1,盘旋,panxuan,动,7,7-9,{},false,false,false,
8415,判,pàn,1,判,pan,动,7,7-9,{},false,false,false,
8416,盼,pàn,1,盼,pan,动,7,7-9,{},false,false,false,
8417,判处,pànchǔ,1,判处,panchu,动,7,7-9,{},false,false,false,
8418,判定,pàndìng,1,判定,panding,动,7,7-9,{},false,false,false,
8419,判决,pànjué,1,判决,panjue,动,7,7-9,{},false,false,false,
8420,叛逆,pànnì,1,叛逆,panni,动、名,7,7-9,{},false,false,false,
8421,旁人,pángrén,1,旁人,pangren,代,7,7-9,{},false,false,false,
8422,螃蟹,pángxiè,1,螃蟹,pangxie,名,7,7-9,{},false,false,false,
8423,胖乎乎,pànghūhū,1,胖乎乎,panghuhu,形,7,7-9,{},false,false,false,
8424,抛弃,pāoqì,1,抛弃,paoqi,动,7,7-9,{},false,false,false,
8425,刨,páo,1,刨,pao,动,7,7-9,{},false,false,false,
8426,跑龙套,pǎo lóngtào,1,跑龙套,paolongtao,,7,7-9,{},false,false,true,
8427,炮,pào,1,炮,pao,名,7,7-9,{},false,false,false,
8428,泡沫,pàomò,1,泡沫,paomo,名,7,7-9,{},false,false,false,
8429,胚胎,pēitāi,1,胚胎,peitai,名,7,7-9,{},false,false,false,
8430,佩戴,pèidài,1,佩戴,peidai,动,7,7-9,{},false,false,false,
8431,配方,pèifāng,1,配方,peifang,动、名,7,7-9,{},false,false,false,
8432,配件,pèijiàn,1,配件,peijian,名,7,7-9,{},false,false,false,
8433,配角,pèijué,1,配角,peijue,名,7,7-9,{},false,false,false,
8434,配偶,pèi’ǒu,1,配偶,peiou,名,7,7-9,{},false,false,false,
8435,配音,pèiyīn,1,配音,peiyin,动,7,7-9,{},false,false,false,
8436,配置,pèizhì,1,配置,peizhi,动,7,7-9,{},false,false,false,
8437,喷泉,pēnquán,1,喷泉,penquan,名,7,7-9,{},false,false,false,
8438,盆地,péndì,1,盆地,pendi,名,7,7-9,{},false,false,false,
8439,抨击,pēngjī,1,抨击,pengji,动,7,7-9,{},false,false,false,
8440,烹饪,pēngrèn,1,烹饪,pengren,动,7,7-9,{},false,false,false,
8441,烹调,pēngtiáo,1,烹调,pengtiao,动,7,7-9,{},false,false,false,
8442,棚,péng,1,棚,peng,名,7,7-9,{},false,false,false,
8443,蓬勃,péngbó,1,蓬勃,pengbo,形,7,7-9,{},false,false,false,
8444,鹏程万里,péngchéng-wànlǐ,1,鹏程万里,pengchengwanli,,7,7-9,{},false,false,true,
8445,澎湃,péngpài,1,澎湃,pengpai,形,7,7-9,{},false,false,false,
8446,膨胀,péngzhàng,1,膨胀,pengzhang,动,7,7-9,{},false,false,false,
8447,捧场,pěngchǎng,1,捧场,pengchang,动,7,7-9,{},false,false,false,
8448,碰钉子,pèng dīngzi,1,碰钉子,pengdingzi,,7,7-9,{},false,false,true,
8449,碰巧,pèngqiǎo,1,碰巧,pengqiao,副,7,7-9,{},false,false,false,
8450,劈,pī,1,劈,pi,动,7,7-9,{},false,false,false,
8451,批发,pīfā,1,批发,pifa,动,7,7-9,{},false,false,false,
8452,披露,pīlù,1,披露,pilu,动,7,7-9,{},false,false,false,
8453,批判,pīpàn,1,批判,pipan,动,7,7-9,{},false,false,false,
8454,脾,pí,1,脾,pi,名,7,7-9,{},false,false,false,
8455,疲惫,píbèi,1,疲惫,pibei,形,7,7-9,{},false,false,false,
8456,皮革,pígé,1,皮革,pige,名,7,7-9,{},false,false,false,
8457,疲倦,píjuàn,1,疲倦,pijuan,形,7,7-9,{},false,false,false,
8458,匹配,pǐpèi,1,匹配,pipei,动,7,7-9,{},false,false,false,
8459,屁股,pìgu,1,屁股,pigu,名,7,7-9,{},false,false,false,
8460,僻静,pìjìng,1,僻静,pijing,形,7,7-9,{},false,false,false,
8461,媲美,pìměi,1,媲美,pimei,动,7,7-9,{},false,false,false,
8462,譬如,pìrú,1,譬如,piru,动,7,7-9,{},false,false,false,
8463,偏,piān,1,偏,pian,形、动、副,7,7-9,{},false,false,false,
8464,偏爱,piān’ài,1,偏爱,pianai,动,7,7-9,{},false,false,false,
8465,偏差,piānchā,1,偏差,piancha,名,7,7-9,{},false,false,false,
8466,篇幅,piānfú,1,篇幅,pianfu,名,7,7-9,{},false,false,false,
8467,偏见,piānjiàn,1,偏见,pianjian,名,7,7-9,{},false,false,false,
8468,偏离,piānlí,1,偏离,pianli,动,7,7-9,{},false,false,false,
8469,偏旁,piānpáng,1,偏旁,pianpang,名,7,7-9,{},false,false,false,
8470,偏僻,piānpì,1,偏僻,pianpi,形,7,7-9,{},false,false,false,
8471,偏偏,piānpiān,1,偏偏,pianpian,副,7,7-9,{},false,false,false,
8472,偏向,piānxiàng,1,偏向,pianxiang,名、动,7,7-9,{},false,false,false,
8473,偏远,piānyuǎn,1,偏远,pianyuan,形,7,7-9,{},false,false,false,
8474,片子,piānzi,1,片子,pianzi,名,7,7-9,{},false,false,false,
8475,片段,piànduàn,1,片段,pianduan,名,7,7-9,{},false,false,false,
8476,漂泊,piāobó,1,漂泊,piaobo,动,7,7-9,{},false,false,false,
8477,飘浮,piāofú,1,飘浮,piaofu,动,7,7-9,{},false,false,false,
8478,漂浮,piāofú,1,漂浮,piaofu,动,7,7-9,{},false,false,false,
8479,漂流,piāoliú,1,漂流,piaoliu,动,7,7-9,{},false,false,false,
8480,飘扬,piāoyáng,1,飘扬,piaoyang,动,7,7-9,{},false,false,false,
8481,票房,piàofáng,1,票房,piaofang,名,7,7-9,{},false,false,false,
8482,撇,piě,1,撇,pie,动、名,7,7-9,{},false,false,false,
8483,拼搏,pīnbó,1,拼搏,pinbo,动,7,7-9,{},false,false,false,
8484,拼接,pīnjiē,1,拼接,pinjie,动,7,7-9,{},false,false,false,
8485,拼命,pīnmìng,1,拼命,pinming,动、副,7,7-9,{},false,false,false,
8486,贫乏,pínfá,1,贫乏,pinfa,形,7,7-9,{},false,false,false,
8487,频频,pínpín,1,频频,pinpin,副,7,7-9,{},false,false,false,
8488,贫穷,pínqióng,1,贫穷,pinqiong,形,7,7-9,{},false,false,false,
8489,品德,pǐndé,1,品德,pinde,名,7,7-9,{},false,false,false,
8490,品位,pǐnwèi,1,品位,pinwei,名,7,7-9,{},false,false,false,
8491,品味,pǐnwèi,1,品味,pinwei,动、名,7,7-9,{},false,false,false,
8492,品行,pǐnxíng,1,品行,pinxing,名,7,7-9,{},false,false,false,
8493,聘,pìn,1,聘,pin,动,7,7-9,{},false,false,false,
8494,聘任,pìnrèn,1,聘任,pinren,动,7,7-9,{},false,false,false,
8495,聘用,pìnyòng,1,聘用,pinyong,动,7,7-9,{},false,false,false,
8496,屏蔽,píngbì,1,屏蔽,pingbi,动,7,7-9,{},false,false,false,
8497,平淡,píngdàn,1,平淡,pingdan,形,7,7-9,{},false,false,false,
8498,评定,píngdìng,1,评定,pingding,动,7,7-9,{},false,false,false,
8499,平房,píngfáng,1,平房,pingfang,名,7,7-9,{},false,false,false,
8500,平和,pínghé,1,平和,pinghe,形,7,7-9,{},false,false,false,
8501,平价,píngjià,1,平价,pingjia,动、名,7,7-9,{},false,false,false,
8502,瓶颈,píngjǐng,1,瓶颈,pingjing,名,7,7-9,{},false,false,false,
8503,平面,píngmiàn,1,平面,pingmian,名,7,7-9,{},false,false,false,
8504,评判,píngpàn,1,评判,pingpan,动,7,7-9,{},false,false,false,
8505,平日,píngrì,1,平日,pingri,名,7,7-9,{},false,false,false,
8506,评审,píngshěn,1,评审,pingshen,动、名,7,7-9,{},false,false,false,
8507,萍水相逢,píngshuǐ-xiāngféng,1,萍水相逢,pingshuixiangfeng,,7,7-9,{},false,false,true,
8508,平坦,píngtǎn,1,平坦,pingtan,形,7,7-9,{},false,false,false,
8509,评委,píngwěi,1,评委,pingwei,名,7,7-9,{},false,false,false,
8510,平稳,píngwěn,1,平稳,pingwen,形,7,7-9,{},false,false,false,
8511,平息,píngxī,1,平息,pingxi,动,7,7-9,{},false,false,false,
8512,平行,píngxíng,1,平行,pingxing,形、动,7,7-9,{},false,false,false,
8513,平庸,píngyōng,1,平庸,pingyong,形,7,7-9,{},false,false,false,
8514,平原,píngyuán,1,平原,pingyuan,名,7,7-9,{},false,false,false,
8515,屏障,píngzhàng,1,屏障,pingzhang,名,7,7-9,{},false,false,false,
8516,凭证,píngzhèng,1,凭证,pingzheng,名,7,7-9,{},false,false,false,
8517,颇,pō,1,颇,po,副,7,7-9,{},false,false,false,
8518,泼冷水,pō lěngshuǐ,1,泼冷水,polengshui,,7,7-9,{},false,false,true,
8519,破案,pò’àn,1,破案,poan,动,7,7-9,{},false,false,false,
8520,迫不及待,pòbùjídài,1,迫不及待,pobujidai,,7,7-9,{},false,false,true,
8521,破除,pòchú,1,破除,pochu,动,7,7-9,{},false,false,false,
8522,迫害,pòhài,1,迫害,pohai,动,7,7-9,{},false,false,false,
8523,破解,pòjiě,1,破解,pojie,动,7,7-9,{},false,false,false,
8524,破旧,pòjiù,1,破旧,pojiu,形,7,7-9,{},false,false,false,
8525,破例,pòlì,1,破例,poli,动,7,7-9,{},false,false,false,
8526,魄力,pòlì,1,魄力,poli,名,7,7-9,{},false,false,false,
8527,破裂,pòliè,1,破裂,polie,动,7,7-9,{},false,false,false,
8528,破灭,pòmiè,1,破灭,pomie,动,7,7-9,{},false,false,false,
8529,迫使,pòshǐ,1,迫使,poshi,动,7,7-9,{},false,false,false,
8530,破碎,pòsuì,1,破碎,posui,动,7,7-9,{},false,false,false,
8531,扑克,pūkè,1,扑克,puke,名,7,7-9,{},false,false,false,
8532,铺路,pūlù,1,铺路,pulu,动,7,7-9,{},false,false,false,
8533,扑面而来,pūmiàn’érlái,1,扑面而来,pumianerlai,,7,7-9,{},false,false,true,
8534,菩萨,púsà,1,菩萨,pusa,名,7,7-9,{},false,false,false,
8535,谱,pǔ,1,谱,pu,名、动,7,7-9,{},false,false,false,
8536,朴实,pǔshí,1,朴实,pushi,形,7,7-9,{},false,false,false,
8537,瀑布,pùbù,1,瀑布,pubu,名,7,7-9,{},false,false,false,
8538,沏,qī,1,沏,qi,动,7,7-9,{},false,false,false,
8539,漆,qī,1,漆,qi,名、动,7,7-9,{},false,false,false,
8540,欺负,qīfu,1,欺负,qifu,动,7,7-9,{},false,false,false,
8541,漆黑,qīhēi,1,漆黑,qihei,形,7,7-9,{},false,false,false,
8542,凄凉,qīliáng,1,凄凉,qiliang,形,7,7-9,{},false,false,false,
8543,期盼,qīpàn,1,期盼,qipan,动,7,7-9,{},false,false,false,
8544,蹊跷,qīqiao,1,蹊跷,qiqiao,形,7,7-9,{},false,false,false,
8545,欺诈,qīzhà,1,欺诈,qizha,动,7,7-9,{},false,false,false,
8546,七嘴八舌,qīzuǐ-bāshé,1,七嘴八舌,qizuibashe,,7,7-9,{},false,false,true,
8547,祈祷,qídǎo,1,祈祷,qidao,动,7,7-9,{},false,false,false,
8548,奇观,qíguān,1,奇观,qiguan,名,7,7-9,{},false,false,false,
8549,奇妙,qímiào,1,奇妙,qimiao,形,7,7-9,{},false,false,false,
8550,旗袍,qípáo,1,旗袍,qipao,名,7,7-9,{},false,false,false,
8551,崎岖,qíqū,1,崎岖,qiqu,形,7,7-9,{},false,false,false,
8552,歧视,qíshì,1,歧视,qishi,动,7,7-9,{},false,false,false,
8553,奇特,qítè,1,奇特,qite,形,7,7-9,{},false,false,false,
8554,齐心协力,qíxīn-xiélì,1,齐心协力,qixinxieli,,7,7-9,{},false,false,true,
8555,旗帜,qízhì,1,旗帜,qizhi,名,7,7-9,{},false,false,false,
8556,起步,qǐbù,1,起步,qibu,动,7,7-9,{},false,false,false,
8557,起草,qǐcǎo,1,起草,qicao,动,7,7-9,{},false,false,false,
8558,启程,qǐchéng,1,启程,qicheng,动,7,7-9,{},false,false,false,
8559,起程,qǐchéng,1,起程,qicheng,动,7,7-9,{},false,false,false,
8560,启迪,qǐdí,1,启迪,qidi,动,7,7-9,{},false,false,false,
8561,起伏,qǐfú,1,起伏,qifu,动,7,7-9,{},false,false,false,
8562,乞丐,qǐgài,1,乞丐,qigai,名,7,7-9,{},false,false,false,
8563,起哄,qǐhòng,1,起哄,qihong,动,7,7-9,{},false,false,false,
8564,起劲,qǐjìn,1,起劲,qijin,形,7,7-9,{},false,false,false,
8565,起码,qǐmǎ,1,起码,qima,形,7,7-9,{},false,false,false,
8566,启蒙,qǐméng,1,启蒙,qimeng,动,7,7-9,{},false,false,false,
8567,起跑线,qǐpǎoxiàn,1,起跑线,qipaoxian,名,7,7-9,{},false,false,false,
8568,乞求,qǐqiú,1,乞求,qiqiu,动,7,7-9,{},false,false,false,
8569,起诉,qǐsù,1,起诉,qisu,动,7,7-9,{},false,false,false,
8570,乞讨,qǐtǎo,1,乞讨,qitao,动,7,7-9,{},false,false,false,
8571,企图,qǐtú,1,企图,qitu,动、名,7,7-9,{},false,false,false,
8572,启用,qǐyòng,1,启用,qiyong,动,7,7-9,{},false,false,false,
8573,岂有此理,qǐyǒucǐlǐ,1,岂有此理,qiyoucili,,7,7-9,{},false,false,true,
8574,器材,qìcái,1,器材,qicai,名,7,7-9,{},false,false,false,
8575,气愤,qìfèn,1,气愤,qifen,形,7,7-9,{},false,false,false,
8576,气管,qìguǎn,1,气管,qiguan,名,7,7-9,{},false,false,false,
8577,器官,qìguān,1,器官,qiguan,名,7,7-9,{},false,false,false,
8578,契机,qìjī,1,契机,qiji,名,7,7-9,{},false,false,false,
8579,迄今,qìjīn,1,迄今,qijin,动,7,7-9,{},false,false,false,
8580,器具,qìjù,1,器具,qiju,名,7,7-9,{},false,false,false,
8581,气流,qìliú,1,气流,qiliu,名,7,7-9,{},false,false,false,
8582,气馁,qìněi,1,气馁,qinei,形,7,7-9,{},false,false,false,
8583,气派,qìpài,1,气派,qipai,名、形,7,7-9,{},false,false,false,
8584,气泡,qìpào,1,气泡,qipao,名,7,7-9,{},false,false,false,
8585,气魄,qìpò,1,气魄,qipo,名,7,7-9,{},false,false,false,
8586,弃权,qìquán,1,弃权,qiquan,动,7,7-9,{},false,false,false,
8587,气色,qìsè,1,气色,qise,名,7,7-9,{},false,false,false,
8588,气势,qìshì,1,气势,qishi,名,7,7-9,{},false,false,false,
8589,气息,qìxī,1,气息,qixi,名,7,7-9,{},false,false,false,
8590,气象,qìxiàng,1,气象,qixiang,名,7,7-9,{},false,false,false,
8591,器械,qìxiè,1,器械,qixie,名,7,7-9,{},false,false,false,
8592,气压,qìyā,1,气压,qiya,名,7,7-9,{},false,false,false,
8593,契约,qìyuē,1,契约,qiyue,名,7,7-9,{},false,false,false,
8594,器重,qìzhòng,1,器重,qizhong,动,7,7-9,{},false,false,false,
8595,掐,qiā,1,掐,qia,动,7,7-9,{},false,false,false,
8596,卡,qiǎ,1,卡,qia,动、名,7,7-9,{},true,true,false,
8597,恰到好处,qiàdào-hǎochù,1,恰到好处,qiadaohaochu,,7,7-9,{},false,false,true,
8598,恰巧,qiàqiǎo,1,恰巧,qiaqiao,副,7,7-9,{},false,false,false,
8599,恰如其分,qiàrú-qífèn,1,恰如其分,qiaruqifen,,7,7-9,{},false,false,true,
8600,洽谈,qiàtán,1,洽谈,qiatan,动,7,7-9,{},false,false,false,
8601,迁,qiān,1,迁,qian,动,7,7-9,{},false,false,false,
8602,签,qiān,2,签2,qian,名,7,7-9,{},true,false,false,
8603,千变万化,qiānbiàn-wànhuà,1,千变万化,qianbianwanhua,,7,7-9,{},false,false,true,
8604,牵扯,qiānchě,1,牵扯,qianche,动,7,7-9,{},false,false,false,
8605,千方百计,qiānfāng-bǎijì,1,千方百计,qianfangbaiji,,7,7-9,{},false,false,true,
8606,牵挂,qiānguà,1,牵挂,qiangua,动,7,7-9,{},false,false,false,
8607,迁就,qiānjiù,1,迁就,qianjiu,动,7,7-9,{},false,false,false,
8608,千军万马,qiānjūn-wànmǎ,1,千军万马,qianjunwanma,,7,7-9,{},false,false,true,
8609,千钧一发,qiānjūn-yífà,1,千钧一发,qianjunyifa,,7,7-9,{},false,false,true,
8610,牵涉,qiānshè,1,牵涉,qianshe,动,7,7-9,{},false,false,false,
8611,签署,qiānshǔ,1,签署,qianshu,动,7,7-9,{},false,false,false,
8612,牵头,qiāntóu,1,牵头,qiantou,动,7,7-9,{},false,false,false,
8613,迁徙,qiānxǐ,1,迁徙,qianxi,动,7,7-9,{},false,false,false,
8614,谦逊,qiānxùn,1,谦逊,qianxun,形,7,7-9,{},false,false,false,
8615,迁移,qiānyí,1,迁移,qianyi,动,7,7-9,{},false,false,false,
8616,签约,qiānyuē,1,签约,qianyue,动,7,7-9,{},false,false,false,
8617,牵制,qiānzhì,1,牵制,qianzhi,动,7,7-9,{},false,false,false,
8618,千姿百态,qiānzī-bǎitài,1,千姿百态,qianzibaitai,,7,7-9,{},false,false,true,
8619,前辈,qiánbèi,1,前辈,qianbei,名,7,7-9,{},false,false,false,
8620,钱财,qiáncái,1,钱财,qiancai,名,7,7-9,{},false,false,false,
8621,前程,qiánchéng,1,前程,qiancheng,名,7,7-9,{},false,false,false,
8622,虔诚,qiánchéng,1,虔诚,qiancheng,形,7,7-9,{},false,false,false,
8623,潜伏,qiánfú,1,潜伏,qianfu,动,7,7-9,{},false,false,false,
8624,前赴后继,qiánfù-hòujì,1,前赴后继,qianfuhouji,,7,7-9,{},false,false,true,
8625,潜能,qiánnéng,1,潜能,qianneng,名,7,7-9,{},false,false,false,
8626,前任,qiánrèn,1,前任,qianren,名,7,7-9,{},false,false,false,
8627,潜入,qiánrù,1,潜入,qianru,动,7,7-9,{},false,false,false,
8628,潜水,qiánshuǐ,1,潜水,qianshui,动,7,7-9,{},false,false,false,
8629,前所未有,qiánsuǒwèiyǒu,1,前所未有,qiansuoweiyou,,7,7-9,{},false,false,true,
8630,前台,qiántái,1,前台,qiantai,名,7,7-9,{},false,false,false,
8631,潜艇,qiántǐng,1,潜艇,qianting,名,7,7-9,{},false,false,false,
8632,前无古人,qiánwúgǔrén,1,前无古人,qianwuguren,,7,7-9,{},false,false,true,
8633,前夕,qiánxī,1,前夕,qianxi,名,7,7-9,{},false,false,false,
8634,前线,qiánxiàn,1,前线,qianxian,名,7,7-9,{},false,false,false,
8635,潜心,qiánxīn,1,潜心,qianxin,动,7,7-9,{},false,false,false,
8636,前沿,qiányán,1,前沿,qianyan,名,7,7-9,{},false,false,false,
8637,潜移默化,qiányí-mòhuà,1,潜移默化,qianyimohua,,7,7-9,{},false,false,true,
8638,潜在,qiánzài,1,潜在,qianzai,形,7,7-9,{},false,false,false,
8639,浅显,qiǎnxiǎn,1,浅显,qianxian,形,7,7-9,{},false,false,false,
8640,谴责,qiǎnzé,1,谴责,qianze,动,7,7-9,{},false,false,false,
8641,欠缺,qiànquē,1,欠缺,qianque,动、名,7,7-9,{},false,false,false,
8642,欠条,qiàntiáo,1,欠条,qiantiao,名,7,7-9,{},false,false,false,
8643,歉意,qiànyì,1,歉意,qianyi,名,7,7-9,{},false,false,false,
8644,呛,qiāng,1,呛,qiang,动,7,7-9,{},true,true,false,
8645,腔,qiāng,1,腔,qiang,名,7,7-9,{},false,false,false,
8646,枪毙,qiāngbì,1,枪毙,qiangbi,动,7,7-9,{},false,false,false,
8647,强盗,qiángdào,1,强盗,qiangdao,名,7,7-9,{},false,false,false,
8648,强加,qiángjiā,1,强加,qiangjia,动,7,7-9,{},false,false,false,
8649,强劲,qiángjìng,1,强劲,qiangjing,形,7,7-9,{},false,false,false,
8650,强势,qiángshì,1,强势,qiangshi,名,7,7-9,{},false,false,false,
8651,强项,qiángxiàng,1,强项,qiangxiang,名,7,7-9,{},false,false,false,
8652,强行,qiángxíng,1,强行,qiangxing,副,7,7-9,{},false,false,false,
8653,强硬,qiángyìng,1,强硬,qiangying,形,7,7-9,{},false,false,false,
8654,强占,qiángzhàn,1,强占,qiangzhan,动,7,7-9,{},false,false,false,
8655,强制,qiángzhì,1,强制,qiangzhi,动,7,7-9,{},false,false,false,
8656,抢夺,qiǎngduó,1,抢夺,qiangduo,动,7,7-9,{},false,false,false,
8657,抢劫,qiǎngjié,1,抢劫,qiangjie,动,7,7-9,{},false,false,false,
8658,抢眼,qiǎngyǎn,1,抢眼,qiangyan,形,7,7-9,{},false,false,false,
8659,呛,qiàng,1,呛,qiang,动,7,7-9,{},true,true,false,
8660,敲诈,qiāozhà,1,敲诈,qiaozha,动,7,7-9,{},false,false,false,
8661,憔悴,qiáocuì,1,憔悴,qiaocui,形,7,7-9,{},false,false,false,
8662,巧合,qiǎohé,1,巧合,qiaohe,形,7,7-9,{},false,false,false,
8663,翘,qiào,1,翘,qiao,动,7,7-9,{},false,false,false,
8664,撬,qiào,1,撬,qiao,动,7,7-9,{},false,false,false,
8665,窍门,qiàomén,1,窍门,qiaomen,名,7,7-9,{},false,false,false,
8666,切除,qiēchú,1,切除,qiechu,动,7,7-9,{},false,false,false,
8667,切磋,qiēcuō,1,切磋,qiecuo,动,7,7-9,{},false,false,false,
8668,切割,qiēgē,1,切割,qiege,动,7,7-9,{},false,false,false,
8669,切换,qiēhuàn,1,切换,qiehuan,动,7,7-9,{},false,false,false,
8670,且,qiě,1,且,qie,连,7,7-9,{},false,false,false,
8671,锲而不舍,qiè’érbùshě,1,锲而不舍,qieerbushe,,7,7-9,{},false,false,true,
8672,切记,qièjì,1,切记,qieji,动,7,7-9,{},false,false,false,
8673,切忌,qièjì,1,切忌,qieji,动,7,7-9,{},false,false,false,
8674,窃取,qièqǔ,1,窃取,qiequ,动,7,7-9,{},false,false,false,
8675,切身,qièshēn,1,切身,qieshen,形,7,7-9,{},false,false,false,
8676,惬意,qièyì,1,惬意,qieyi,形,7,7-9,{},false,false,false,
8677,侵犯,qīnfàn,1,侵犯,qinfan,动,7,7-9,{},false,false,false,
8678,侵害,qīnhài,1,侵害,qinhai,动,7,7-9,{},false,false,false,
8679,亲和力,qīnhélì,1,亲和力,qinheli,名,7,7-9,{},false,false,false,
8680,亲近,qīnjìn,1,亲近,qinjin,形、动,7,7-9,{},false,false,false,
8681,侵略,qīnlüè,1,侵略,qinlue,动,7,7-9,{},false,false,false,
8682,钦佩,qīnpèi,1,钦佩,qinpei,动,7,7-9,{},false,false,false,
8683,侵权,qīnquán,1,侵权,qinquan,动,7,7-9,{},false,false,false,
8684,亲热,qīnrè,1,亲热,qinre,形、动,7,7-9,{},false,false,false,
8685,亲身,qīnshēn,1,亲身,qinshen,形,7,7-9,{},false,false,false,
8686,亲生,qīnshēng,1,亲生,qinsheng,形,7,7-9,{},false,false,false,
8687,亲手,qīnshǒu,1,亲手,qinshou,副,7,7-9,{},false,false,false,
8688,亲眼,qīnyǎn,1,亲眼,qinyan,副,7,7-9,{},false,false,false,
8689,侵占,qīnzhàn,1,侵占,qinzhan,动,7,7-9,{},false,false,false,
8690,勤工俭学,qíngōng-jiǎnxué,1,勤工俭学,qingongjianxue,,7,7-9,{},false,false,true,
8691,勤俭,qínjiǎn,1,勤俭,qinjian,形,7,7-9,{},false,false,false,
8692,勤快,qínkuai,1,勤快,qinkuai,形,7,7-9,{},false,false,false,
8693,琴棋书画,qín-qí-shū-huà,1,琴棋书画,qinqishuhua,,7,7-9,{},false,false,true,
8694,寝室,qǐnshì,1,寝室,qinshi,名,7,7-9,{},false,false,false,
8695,轻而易举,qīng’éryìjǔ,1,轻而易举,qingeryiju,,7,7-9,{},false,false,true,
8696,清澈,qīngchè,1,清澈,qingche,形,7,7-9,{},false,false,false,
8697,清除,qīngchú,1,清除,qingchu,动,7,7-9,{},false,false,false,
8698,清脆,qīngcuì,1,清脆,qingcui,形,7,7-9,{},false,false,false,
8699,清单,qīngdān,1,清单,qingdan,名,7,7-9,{},false,false,false,
8700,倾倒,qīngdǎo,1,倾倒,qingdao,动,7,7-9,{},false,false,false,
8701,倾家荡产,qīngjiā-dàngchǎn,1,倾家荡产,qingjiadangchan,,7,7-9,{},false,false,true,
8702,清静,qīngjìng,1,清静,qingjing,形,7,7-9,{},false,false,false,
8703,青睐,qīnglài,1,青睐,qinglai,动,7,7-9,{},false,false,false,
8704,清凉,qīngliáng,1,清凉,qingliang,形,7,7-9,{},false,false,false,
8705,轻蔑,qīngmiè,1,轻蔑,qingmie,动,7,7-9,{},false,false,false,
8706,轻视,qīngshì,1,轻视,qingshi,动,7,7-9,{},false,false,false,
8707,倾诉,qīngsù,1,倾诉,qingsu,动,7,7-9,{},false,false,false,
8708,青铜器,qīngtóngqì,1,青铜器,qingtongqi,名,7,7-9,{},false,false,false,
8709,轻微,qīngwēi,1,轻微,qingwei,形,7,7-9,{},false,false,false,
8710,倾销,qīngxiāo,1,倾销,qingxiao,动,7,7-9,{},false,false,false,
8711,倾斜,qīngxié,1,倾斜,qingxie,动,7,7-9,{},false,false,false,
8712,清新,qīngxīn,1,清新,qingxin,形,7,7-9,{},false,false,false,
8713,轻型,qīngxíng,1,轻型,qingxing,形,7,7-9,{},false,false,false,
8714,情报,qíngbào,1,情报,qingbao,名,7,7-9,{},false,false,false,
8715,情不自禁,qíngbúzìjīn,1,情不自禁,qingbuzijin,,7,7-9,{},false,false,true,
8716,情调,qíngdiào,1,情调,qingdiao,名,7,7-9,{},false,false,false,
8717,情怀,qínghuái,1,情怀,qinghuai,名,7,7-9,{},false,false,false,
8718,情结,qíngjié,1,情结,qingjie,名,7,7-9,{},false,false,false,
8719,情境,qíngjìng,1,情境,qingjing,名,7,7-9,{},false,false,false,
8720,情理,qínglǐ,1,情理,qingli,名,7,7-9,{},false,false,false,
8721,情侣,qínglǚ,1,情侣,qinglu,名,7,7-9,{},false,false,false,
8722,情人,qíngrén,1,情人,qingren,名,7,7-9,{},false,false,false,
8723,情商,qíngshāng,1,情商,qingshang,名,7,7-9,{},false,false,false,
8724,情谊,qíngyì,1,情谊,qingyi,名,7,7-9,{},false,false,false,
8725,情愿,qíngyuàn,1,情愿,qingyuan,动、副,7,7-9,{},false,false,false,
8726,请柬,qǐngjiǎn,1,请柬,qingjian,名,7,7-9,{},false,false,false,
8727,请示,qǐngshì,1,请示,qingshi,动,7,7-9,{},false,false,false,
8728,请帖,qǐngtiě,1,请帖,qingtie,名,7,7-9,{},false,false,false,
8729,庆典,qìngdiǎn,1,庆典,qingdian,名,7,7-9,{},false,false,false,
8730,庆贺,qìnghè,1,庆贺,qinghe,动,7,7-9,{},false,false,false,
8731,庆幸,qìngxìng,1,庆幸,qingxing,动,7,7-9,{},false,false,false,
8732,丘陵,qiūlíng,1,丘陵,qiuling,名,7,7-9,{},false,false,false,
8733,囚犯,qiúfàn,1,囚犯,qiufan,名,7,7-9,{},false,false,false,
8734,求同存异,qiútóng-cúnyì,1,求同存异,qiutongcunyi,,7,7-9,{},false,false,true,
8735,求学,qiúxué,1,求学,qiuxue,动,7,7-9,{},false,false,false,
8736,求医,qiúyī,1,求医,qiuyi,动,7,7-9,{},false,false,false,
8737,求证,qiúzhèng,1,求证,qiuzheng,动,7,7-9,{},false,false,false,
8738,驱动,qūdòng,1,驱动,qudong,动,7,7-9,{},false,false,false,
8739,屈服,qūfú,1,屈服,qufu,动,7,7-9,{},false,false,false,
8740,区间,qūjiān,1,区间,qujian,名,7,7-9,{},false,false,false,
8741,区区,qūqū,1,区区,ququ,形,7,7-9,{},false,false,false,
8742,曲线,qūxiàn,1,曲线,quxian,名,7,7-9,{},false,false,false,
8743,趋于,qūyú,1,趋于,quyu,动,7,7-9,{},false,false,false,
8744,曲折,qūzhé,1,曲折,quzhe,形,7,7-9,{},false,false,false,
8745,驱逐,qūzhú,1,驱逐,quzhu,动,7,7-9,{},false,false,false,
8746,取而代之,qǔ’érdàizhī,1,取而代之,querdaizhi,,7,7-9,{},false,false,true,
8747,取材,qǔcái,1,取材,qucai,动,7,7-9,{},false,false,false,
8748,取缔,qǔdì,1,取缔,qudi,动,7,7-9,{},false,false,false,
8749,取经,qǔjīng,1,取经,qujing,动,7,7-9,{},false,false,false,
8750,取决,qǔjué,1,取决,qujue,动,7,7-9,{},false,false,false,
8751,取暖,qǔnuǎn,1,取暖,qunuan,动,7,7-9,{},false,false,false,
8752,取胜,qǔshèng,1,取胜,qusheng,动,7,7-9,{},false,false,false,
8753,取笑,qǔxiào,1,取笑,quxiao,动,7,7-9,{},false,false,false,
8754,曲艺,qǔyì,1,曲艺,quyi,名,7,7-9,{},false,false,false,
8755,去除,qùchú,1,去除,quchu,动,7,7-9,{},false,false,false,
8756,去处,qùchù,1,去处,quchu,名,7,7-9,{},false,false,false,
8757,去向,qùxiàng,1,去向,quxiang,名,7,7-9,{},false,false,false,
8758,圈套,quāntào,1,圈套,quantao,名,7,7-9,{},false,false,false,
8759,圈子,quānzi,1,圈子,quanzi,名,7,7-9,{},false,false,false,
8760,拳,quán,1,拳,quan,名、动,7,7-9,{},false,false,false,
8761,全方位,quánfāngwèi,1,全方位,quanfangwei,名,7,7-9,{},false,false,false,
8762,权衡,quánhéng,1,权衡,quanheng,动,7,7-9,{},false,false,false,
8763,拳击,quánjī,1,拳击,quanji,名,7,7-9,{},false,false,false,
8764,全局,quánjú,1,全局,quanju,名,7,7-9,{},false,false,false,
8765,全力以赴,quánlìyǐfù,1,全力以赴,quanliyifu,,7,7-9,{},false,false,true,
8766,全能,quánnéng,1,全能,quanneng,形,7,7-9,{},false,false,false,
8767,全身心,quánshēnxīn,1,全身心,quanshenxin,副,7,7-9,{},false,false,false,
8768,诠释,quánshì,1,诠释,quanshi,动,7,7-9,{},false,false,false,
8769,拳头,quántóu,1,拳头,quantou,名,7,7-9,{},false,false,false,
8770,权威,quánwēi,1,权威,quanwei,名、形,7,7-9,{},false,false,false,
8771,权限,quánxiàn,1,权限,quanxian,名,7,7-9,{},false,false,false,
8772,全心全意,quánxīn-quányì,1,全心全意,quanxinquanyi,,7,7-9,{},false,false,true,
8773,权益,quányì,1,权益,quanyi,名,7,7-9,{},false,false,false,
8774,劝告,quàngào,1,劝告,quangao,动、名,7,7-9,{},false,false,false,
8775,劝说,quànshuō,1,劝说,quanshuo,动,7,7-9,{},false,false,false,
8776,劝阻,quànzǔ,1,劝阻,quanzu,动,7,7-9,{},false,false,false,
8777,缺口,quēkǒu,1,缺口,quekou,名,7,7-9,{},false,false,false,
8778,缺失,quēshī,1,缺失,queshi,名、动,7,7-9,{},false,false,false,
8779,缺席,quēxí,1,缺席,quexi,动,7,7-9,{},false,false,false,
8780,瘸,qué,1,瘸,que,动,7,7-9,{},false,false,false,
8781,确切,quèqiè,1,确切,queqie,形,7,7-9,{},false,false,false,
8782,确信,quèxìn,1,确信,quexin,动,7,7-9,{},false,false,false,
8783,确凿,quèzáo,1,确凿,quezao,形,7,7-9,{},false,false,false,
8784,确诊,quèzhěn,1,确诊,quezhen,动,7,7-9,{},false,false,false,
8785,燃放,ránfàng,1,燃放,ranfang,动,7,7-9,{},false,false,false,
8786,燃气,ránqì,1,燃气,ranqi,名,7,7-9,{},false,false,false,
8787,燃油,rányóu,1,燃油,ranyou,名,7,7-9,{},false,false,false,
8788,嚷,rǎng,1,嚷,rang,动,7,7-9,{},false,false,false,
8789,让步,ràngbù,1,让步,rangbu,动,7,7-9,{},false,false,false,
8790,饶,ráo,1,饶,rao,动,7,7-9,{},false,false,false,
8791,饶恕,ráoshù,1,饶恕,raoshu,动,7,7-9,{},false,false,false,
8792,扰乱,rǎoluàn,1,扰乱,raoluan,动,7,7-9,{},false,false,false,
8793,绕行,ràoxíng,1,绕行,raoxing,动,7,7-9,{},false,false,false,
8794,绕远儿,ràoyuǎnr,1,绕远儿,raoyuanr,动、形,7,7-9,{},false,false,false,
8795,惹,rě,1,惹,re,动,7,7-9,{},false,false,false,
8796,热潮,rècháo,1,热潮,rechao,名,7,7-9,{},false,false,false,
8797,热带,rèdài,1,热带,redai,名,7,7-9,{},false,false,false,
8798,热泪盈眶,rèlèi-yíngkuàng,1,热泪盈眶,releiyingkuang,,7,7-9,{},false,false,true,
8799,热腾腾,rèténgténg,1,热腾腾,retengteng,形,7,7-9,{},false,false,false,
8800,热销,rèxiāo,1,热销,rexiao,动,7,7-9,{},false,false,false,
8801,热衷,rèzhōng,1,热衷,rezhong,动,7,7-9,{},false,false,false,
8802,仁慈,réncí,1,仁慈,renci,形,7,7-9,{},false,false,false,
8803,人次,réncì,1,人次,renci,量,7,7-9,{},false,false,false,
8804,人道,réndào,1,人道,rendao,名、形,7,7-9,{},false,false,false,
8805,人格,réngé,1,人格,renge,名,7,7-9,{},false,false,false,
8806,人间,rénjiān,1,人间,renjian,名,7,7-9,{},false,false,false,
8807,人品,rénpǐn,1,人品,renpin,名,7,7-9,{},false,false,false,
8808,人气,rénqì,1,人气,renqi,名,7,7-9,{},false,false,false,
8809,人情,rénqíng,1,人情,renqing,名,7,7-9,{},false,false,false,
8810,人权,rénquán,1,人权,renquan,名,7,7-9,{},false,false,false,
8811,人身,rénshēn,1,人身,renshen,名,7,7-9,{},false,false,false,
8812,人手,rénshǒu,1,人手,renshou,名,7,7-9,{},false,false,false,
8813,人文,rénwén,1,人文,renwen,名,7,7-9,{},false,false,false,
8814,人性,rénxìng,1,人性,renxing,名,7,7-9,{},false,false,false,
8815,任性,rénxìng,1,任性,renxing,形,7,7-9,{},false,false,false,
8816,人选,rénxuǎn,1,人选,renxuan,名,7,7-9,{},false,false,false,
8817,人缘儿,rényuánr,1,人缘儿,renyuanr,名,7,7-9,{},false,false,false,
8818,人造,rénzào,1,人造,renzao,形,7,7-9,{},false,false,false,
8819,人质,rénzhì,1,人质,renzhi,名,7,7-9,{},false,false,false,
8820,忍耐,rěnnài,1,忍耐,rennai,动,7,7-9,{},false,false,false,
8821,忍心,rěnxīn,1,忍心,renxin,动,7,7-9,{},false,false,false,
8822,任,rèn,1,任,ren,动、连,7,7-9,{},false,false,false,
8823,任命,rènmìng,1,任命,renming,动,7,7-9,{},false,false,false,
8824,任期,rènqī,1,任期,renqi,名,7,7-9,{},false,false,false,
8825,韧性,rènxìng,1,韧性,renxing,名,7,7-9,{},false,false,false,
8826,任意,rènyì,1,任意,renyi,副、形,7,7-9,{},false,false,false,
8827,认证,rènzhèng,1,认证,renzheng,动,7,7-9,{},false,false,false,
8828,任职,rènzhí,1,任职,renzhi,动,7,7-9,{},false,false,false,
8829,任重道远,rènzhòng-dàoyuǎn,1,任重道远,renzhongdaoyuan,,7,7-9,{},false,false,true,
8830,日程,rìchéng,1,日程,richeng,名,7,7-9,{},false,false,false,
8831,日复一日,rìfùyírì,1,日复一日,rifuyiri,,7,7-9,{},false,false,true,
8832,日趋,rìqū,1,日趋,riqu,副,7,7-9,{},false,false,false,
8833,日新月异,rìxīn-yuèyì,1,日新月异,rixinyueyi,,7,7-9,{},false,false,true,
8834,融,róng,1,融,rong,动,7,7-9,{},false,false,false,
8835,容光焕发,róngguāng-huànfā,1,容光焕发,rongguanghuanfa,,7,7-9,{},false,false,true,
8836,荣获,rónghuò,1,荣获,ronghuo,动,7,7-9,{},false,false,false,
8837,溶解,róngjiě,1,溶解,rongjie,动,7,7-9,{},false,false,false,
8838,容貌,róngmào,1,容貌,rongmao,名,7,7-9,{},false,false,false,
8839,容纳,róngnà,1,容纳,rongna,动,7,7-9,{},false,false,false,
8840,容器,róngqì,1,容器,rongqi,名,7,7-9,{},false,false,false,
8841,融洽,róngqià,1,融洽,rongqia,形,7,7-9,{},false,false,false,
8842,容忍,róngrěn,1,容忍,rongren,动,7,7-9,{},false,false,false,
8843,荣幸,róngxìng,1,荣幸,rongxing,形,7,7-9,{},false,false,false,
8844,容许,róngxǔ,1,容许,rongxu,动,7,7-9,{},false,false,false,
8845,容颜,róngyán,1,容颜,rongyan,名,7,7-9,{},false,false,false,
8846,荣耀,róngyào,1,荣耀,rongyao,形,7,7-9,{},false,false,false,
8847,融资,róngzī,1,融资,rongzi,动、名,7,7-9,{},false,false,false,
8848,冗长,rǒngcháng,1,冗长,rongchang,形,7,7-9,{},false,false,false,
8849,揉,róu,1,揉,rou,动,7,7-9,{},false,false,false,
8850,柔和,róuhé,1,柔和,rouhe,形,7,7-9,{},false,false,false,
8851,如痴如醉,rúchī-rúzuì,1,如痴如醉,ruchiruzui,,7,7-9,{},false,false,true,
8852,如期,rúqī,1,如期,ruqi,副,7,7-9,{},false,false,false,
8853,如实,rúshí,1,如实,rushi,副,7,7-9,{},false,false,false,
8854,如意,rúyì,1,如意,ruyi,动、名,7,7-9,{},false,false,false,
8855,如一,rúyī,1,如一,ruyi,动,7,7-9,{},false,false,false,
8856,如愿以偿,rúyuànyǐcháng,1,如愿以偿,ruyuanyichang,,7,7-9,{},false,false,true,
8857,乳制品,rǔzhìpǐn,1,乳制品,ruzhipin,名,7,7-9,{},false,false,false,
8858,入场,rùchǎng,1,入场,ruchang,动,7,7-9,{},false,false,false,
8859,入场券,rùchǎngquàn,1,入场券,ruchangquan,名,7,7-9,{},false,false,false,
8860,入侵,rùqīn,1,入侵,ruqin,动,7,7-9,{},false,false,false,
8861,入手,rùshǒu,1,入手,rushou,动,7,7-9,{},false,false,false,
8862,软弱,ruǎnruò,1,软弱,ruanruo,形,7,7-9,{},false,false,false,
8863,软实力,ruǎnshílì,1,软实力,ruanshili,名,7,7-9,{},false,false,false,
8864,瑞雪,ruìxuě,1,瑞雪,ruixue,名,7,7-9,{},false,false,false,
8865,润,rùn,1,润,run,动、形,7,7-9,{},false,false,false,
8866,若,ruò,1,若,ruo,连,7,7-9,{},false,false,false,
8867,若干,ruògān,1,若干,ruogan,代,7,7-9,{},false,false,false,
8868,若是,ruòshì,1,若是,ruoshi,连,7,7-9,{},false,false,false,
8869,弱势,ruòshì,1,弱势,ruoshi,名,7,7-9,{},false,false,false,
8870,弱项,ruòxiàng,1,弱项,ruoxiang,名,7,7-9,{},false,false,false,
8871,撒,sā,1,撒,sa,动,7,7-9,{},true,true,false,
8872,撒谎,sāhuǎng,1,撒谎,sahuang,动,7,7-9,{},false,false,false,
8873,赛,sài,1,赛,sai,动,7,7-9,{},false,false,false,
8874,赛车,sàichē,1,赛车,saiche,动、名,7,7-9,{},false,false,false,
8875,赛季,sàijì,1,赛季,saiji,名,7,7-9,{},false,false,false,
8876,赛跑,sàipǎo,1,赛跑,saipao,动,7,7-9,{},false,false,false,
8877,三番五次,sānfān-wǔcì,1,三番五次,sanfanwuci,,7,7-9,{},false,false,true,
8878,三角,sānjiǎo,1,三角,sanjiao,名、形,7,7-9,{},false,false,false,
8879,三维,sānwéi,1,三维,sanwei,名、形,7,7-9,{},false,false,false,
8880,散布,sànbù,1,散布,sanbu,动,7,7-9,{},false,false,false,
8881,散落,sànluò,1,散落,sanluo,动,7,7-9,{},false,false,false,
8882,桑拿,sāngná,1,桑拿,sangna,名,7,7-9,{},false,false,false,
8883,嗓音,sǎngyīn,1,嗓音,sangyin,名,7,7-9,{},false,false,false,
8884,丧生,sàngshēng,1,丧生,sangsheng,动,7,7-9,{},false,false,false,
8885,骚乱,sāoluàn,1,骚乱,saoluan,动,7,7-9,{},false,false,false,
8886,骚扰,sāorǎo,1,骚扰,saorao,动,7,7-9,{},false,false,false,
8887,扫除,sǎochú,1,扫除,saochu,动,7,7-9,{},false,false,false,
8888,扫墓,sǎomù,1,扫墓,saomu,动,7,7-9,{},false,false,false,
8889,扫兴,sǎoxìng,1,扫兴,saoxing,形,7,7-9,{},false,false,false,
8890,嫂子,sǎozi,1,嫂子,saozi,名,7,7-9,{},false,false,false,
8891,扫帚,sàozhou,1,扫帚,saozhou,名,7,7-9,{},false,false,false,
8892,僧人,sēngrén,1,僧人,sengren,名,7,7-9,{},false,false,false,
8893,纱,shā,1,纱,sha,名,7,7-9,{},false,false,false,
8894,杀毒,shādú,1,杀毒,shadu,动,7,7-9,{},false,false,false,
8895,杀害,shāhài,1,杀害,shahai,动,7,7-9,{},false,false,false,
8896,沙龙,shālóng,1,沙龙,shalong,名,7,7-9,{},false,false,false,
8897,杀手,shāshǒu,1,杀手,shashou,名,7,7-9,{},false,false,false,
8898,沙滩,shātān,1,沙滩,shatan,名,7,7-9,{},false,false,false,
8899,傻瓜,shǎguā,1,傻瓜,shagua,名,7,7-9,{},false,false,false,
8900,筛,shāi,1,筛,shai,动,7,7-9,{},false,false,false,
8901,筛查,shāichá,1,筛查,shaicha,动,7,7-9,{},false,false,false,
8902,山川,shānchuān,1,山川,shanchuan,名,7,7-9,{},false,false,false,
8903,煽动,shāndòng,1,煽动,shandong,动,7,7-9,{},false,false,false,
8904,山谷,shāngǔ,1,山谷,shangu,名,7,7-9,{},false,false,false,
8905,山岭,shānlǐng,1,山岭,shanling,名,7,7-9,{},false,false,false,
8906,山脉,shānmài,1,山脉,shanmai,名,7,7-9,{},false,false,false,
8907,山寨,shānzhài,1,山寨,shanzhai,名、形,7,7-9,{},false,false,false,
8908,闪烁,shǎnshuò,1,闪烁,shanshuo,动,7,7-9,{},false,false,false,
8909,善,shàn,1,善,shan,形,7,7-9,{},false,false,false,
8910,膳食,shànshí,1,膳食,shanshi,名,7,7-9,{},false,false,false,
8911,赡养,shànyǎng,1,赡养,shanyang,动,7,7-9,{},false,false,false,
8912,善意,shànyì,1,善意,shanyi,名,7,7-9,{},false,false,false,
8913,擅自,shànzì,1,擅自,shanzi,副,7,7-9,{},false,false,false,
8914,伤脑筋,shāng nǎojīn,1,伤脑筋,shangnaojin,,7,7-9,{},false,false,true,
8915,伤残,shāngcán,1,伤残,shangcan,动,7,7-9,{},false,false,false,
8916,商贩,shāngfàn,1,商贩,shangfan,名,7,7-9,{},false,false,false,
8917,伤感,shānggǎn,1,伤感,shanggan,形,7,7-9,{},false,false,false,
8918,商贾,shānggǔ,1,商贾,shanggu,名,7,7-9,{},false,false,false,
8919,伤痕,shānghén,1,伤痕,shanghen,名,7,7-9,{},false,false,false,
8920,商机,shāngjī,1,商机,shangji,名,7,7-9,{},false,false,false,
8921,伤势,shāngshì,1,伤势,shangshi,名,7,7-9,{},false,false,false,
8922,商讨,shāngtǎo,1,商讨,shangtao,动,7,7-9,{},false,false,false,
8923,商议,shāngyì,1,商议,shangyi,动,7,7-9,{},false,false,false,
8924,商用,shāngyòng,1,商用,shangyong,形,7,7-9,{},false,false,false,
8925,赏识,shǎngshí,1,赏识,shangshi,动,7,7-9,{},false,false,false,
8926,尚,shàng,1,尚,shang,副、连,7,7-9,{},false,false,false,
8927,上半场,shàngbànchǎng,1,上半场,shangbanchang,名,7,7-9,{},false,false,false,
8928,上报,shàngbào,1,上报,shangbao,动,7,7-9,{},false,false,false,
8929,上层,shàngcéng,1,上层,shangceng,名,7,7-9,{},false,false,false,
8930,上场,shàngchǎng,1,上场,shangchang,动,7,7-9,{},false,false,false,
8931,上岗,shànggǎng,1,上岗,shanggang,动,7,7-9,{},false,false,false,
8932,上火,shànghuǒ,1,上火,shanghuo,动,7,7-9,{},false,false,false,
8933,上空,shàngkōng,1,上空,shangkong,名,7,7-9,{},false,false,false,
8934,尚且,shàngqiě,1,尚且,shangqie,连,7,7-9,{},false,false,false,
8935,上任,shàngrèn,1,上任,shangren,动、名,7,7-9,{},false,false,false,
8936,上司,shàngsi,1,上司,shangsi,名,7,7-9,{},false,false,false,
8937,上诉,shàngsù,1,上诉,shangsu,动,7,7-9,{},false,false,false,
8938,上调,shàngtiáo,1,上调,shangtiao,动,7,7-9,{},false,false,false,
8939,尚未,shàngwèi,1,尚未,shangwei,副,7,7-9,{},false,false,false,
8940,上限,shàngxiàn,1,上限,shangxian,名,7,7-9,{},false,false,false,
8941,上行,shàngxíng,1,上行,shangxing,动,7,7-9,{},false,false,false,
8942,上演,shàngyǎn,1,上演,shangyan,动,7,7-9,{},false,false,false,
8943,上瘾,shàngyǐn,1,上瘾,shangyin,动,7,7-9,{},false,false,false,
8944,上映,shàngyìng,1,上映,shangying,动,7,7-9,{},false,false,false,
8945,上游,shàngyóu,1,上游,shangyou,名,7,7-9,{},false,false,false,
8946,捎,shāo,1,捎,shao,动,7,7-9,{},false,false,false,
8947,稍后,shāohòu,1,稍后,shaohou,副,7,7-9,{},false,false,false,
8948,烧毁,shāohuǐ,1,烧毁,shaohui,动,7,7-9,{},false,false,false,
8949,稍稍,shāoshāo,1,稍稍,shaoshao,副,7,7-9,{},false,false,false,
8950,少不了,shǎobuliǎo,1,少不了,shaobuliao,动,7,7-9,{},false,false,false,
8951,哨,shào,1,哨,shao,名,7,7-9,{},false,false,false,
8952,少女,shàonǚ,1,少女,shaonu,名,7,7-9,{},false,false,false,
8953,奢侈,shēchǐ,1,奢侈,shechi,形,7,7-9,{},false,false,false,
8954,奢望,shēwàng,1,奢望,shewang,动、名,7,7-9,{},false,false,false,
8955,折,shé,1,折,she,动,7,7-9,{},true,true,false,
8956,设,shè,1,设,she,动,7,7-9,{},false,false,false,
8957,设定,shèdìng,1,设定,sheding,动,7,7-9,{},false,false,false,
8958,设法,shèfǎ,1,设法,shefa,动,7,7-9,{},false,false,false,
8959,社会主义,shèhuì zhǔyì,1,社会主义,shehuizhuyi,,7,7-9,{},false,false,true,
8960,社交,shèjiāo,1,社交,shejiao,名,7,7-9,{},false,false,false,
8961,涉猎,shèliè,1,涉猎,shelie,动,7,7-9,{},false,false,false,
8962,社团,shètuán,1,社团,shetuan,名,7,7-9,{},false,false,false,
8963,涉嫌,shèxián,1,涉嫌,shexian,动,7,7-9,{},false,false,false,
8964,深奥,shēn’ào,1,深奥,shenao,形,7,7-9,{},false,false,false,
8965,申办,shēnbàn,1,申办,shenban,动,7,7-9,{},false,false,false,
8966,申报,shēnbào,1,申报,shenbao,动,7,7-9,{},false,false,false,
8967,身不由己,shēnbùyóujǐ,1,身不由己,shenbuyouji,,7,7-9,{},false,false,true,
8968,深沉,shēnchén,1,深沉,shenchen,形,7,7-9,{},false,false,false,
8969,深化,shēnhuà,1,深化,shenhua,动,7,7-9,{},false,false,false,
8970,身价,shēnjià,1,身价,shenjia,名,7,7-9,{},false,false,false,
8971,申领,shēnlǐng,1,申领,shenling,动,7,7-9,{},false,false,false,
8972,深切,shēnqiè,1,深切,shenqie,形,7,7-9,{},false,false,false,
8973,深情,shēnqíng,1,深情,shenqing,名、形,7,7-9,{},false,false,false,
8974,深情厚谊,shēnqíng-hòuyì,1,深情厚谊,shenqinghouyi,,7,7-9,{},false,false,true,
8975,身躯,shēnqū,1,身躯,shenqu,名,7,7-9,{},false,false,false,
8976,深入人心,shēnrù-rénxīn,1,深入人心,shenrurenxin,,7,7-9,{},false,false,true,
8977,绅士,shēnshì,1,绅士,shenshi,名、形,7,7-9,{},false,false,false,
8978,伸手,shēnshǒu,1,伸手,shenshou,动,7,7-9,{},false,false,false,
8979,深思,shēnsī,1,深思,shensi,动,7,7-9,{},false,false,false,
8980,申诉,shēnsù,1,申诉,shensu,动,7,7-9,{},false,false,false,
8981,深邃,shēnsuì,1,深邃,shensui,形,7,7-9,{},false,false,false,
8982,伸缩,shēnsuō,1,伸缩,shensuo,动,7,7-9,{},false,false,false,
8983,呻吟,shēnyín,1,呻吟,shenyin,动,7,7-9,{},false,false,false,
8984,身影,shēnyǐng,1,身影,shenying,名,7,7-9,{},false,false,false,
8985,深造,shēnzào,1,深造,shenzao,动,7,7-9,{},false,false,false,
8986,伸张,shēnzhāng,1,伸张,shenzhang,动,7,7-9,{},false,false,false,
8987,身子,shēnzi,1,身子,shenzi,名,7,7-9,{},false,false,false,
8988,神气,shénqì,1,神气,shenqi,名、形,7,7-9,{},false,false,false,
8989,神情,shénqíng,1,神情,shenqing,名,7,7-9,{},false,false,false,
8990,神圣,shénshèng,1,神圣,shensheng,形,7,7-9,{},false,false,false,
8991,神态,shéntài,1,神态,shentai,名,7,7-9,{},false,false,false,
8992,神仙,shénxiān,1,神仙,shenxian,名,7,7-9,{},false,false,false,
8993,审,shěn,1,审,shen,动,7,7-9,{},false,false,false,
8994,审查,shěnchá,1,审查,shencha,动,7,7-9,{},false,false,false,
8995,审定,shěndìng,1,审定,shending,动,7,7-9,{},false,false,false,
8996,审核,shěnhé,1,审核,shenhe,动,7,7-9,{},false,false,false,
8997,审计,shěnjì,1,审计,shenji,动,7,7-9,{},false,false,false,
8998,审理,shěnlǐ,1,审理,shenli,动,7,7-9,{},false,false,false,
8999,审判,shěnpàn,1,审判,shenpan,动,7,7-9,{},false,false,false,
9000,审批,shěnpī,1,审批,shenpi,动,7,7-9,{},false,false,false,
9001,审视,shěnshì,1,审视,shenshi,动,7,7-9,{},false,false,false,
9002,肾,shèn,1,肾,shen,名,7,7-9,{},false,false,false,
9003,渗,shèn,1,渗,shen,动,7,7-9,{},false,false,false,
9004,渗透,shèntòu,1,渗透,shentou,动,7,7-9,{},false,false,false,
9005,慎重,shènzhòng,1,慎重,shenzhong,形,7,7-9,{},false,false,false,
9006,生产线,shēngchǎnxiàn,1,生产线,shengchanxian,名,7,7-9,{},false,false,false,
9007,声称,shēngchēng,1,声称,shengcheng,动,7,7-9,{},false,false,false,
9008,牲畜,shēngchù,1,牲畜,shengchu,名,7,7-9,{},false,false,false,
9009,升华,shēnghuá,1,升华,shenghua,动,7,7-9,{},false,false,false,
9010,生机,shēngjī,1,生机,shengji,名,7,7-9,{},false,false,false,
9011,生理,shēnglǐ,1,生理,shengli,名,7,7-9,{},false,false,false,
9012,声明,shēngmíng,1,声明,shengming,动、名,7,7-9,{},false,false,false,
9013,生命线,shēngmìngxiàn,1,生命线,shengmingxian,名,7,7-9,{},false,false,false,
9014,生怕,shēngpà,1,生怕,shengpa,动,7,7-9,{},false,false,false,
9015,生平,shēngpíng,1,生平,shengping,名,7,7-9,{},false,false,false,
9016,生前,shēngqián,1,生前,shengqian,名,7,7-9,{},false,false,false,
9017,声势,shēngshì,1,声势,shengshi,名,7,7-9,{},false,false,false,
9018,生疏,shēngshū,1,生疏,shengshu,形,7,7-9,{},false,false,false,
9019,生死,shēngsǐ,1,生死,shengsi,名、形,7,7-9,{},false,false,false,
9020,声望,shēngwàng,1,声望,shengwang,名,7,7-9,{},false,false,false,
9021,生效,shēngxiào,1,生效,shengxiao,动,7,7-9,{},false,false,false,
9022,生涯,shēngyá,1,生涯,shengya,名,7,7-9,{},false,false,false,
9023,生硬,shēngyìng,1,生硬,shengying,形,7,7-9,{},false,false,false,
9024,生育,shēngyù,1,生育,shengyu,动,7,7-9,{},false,false,false,
9025,声誉,shēngyù,1,声誉,shengyu,名,7,7-9,{},false,false,false,
9026,升值,shēngzhí,1,升值,shengzhi,动,7,7-9,{},false,false,false,
9027,绳子,shéngzi,1,绳子,shengzi,名,7,7-9,{},false,false,false,
9028,省略,shěnglüè,1,省略,shenglue,动,7,7-9,{},false,false,false,
9029,省事,shěngshì,1,省事,shengshi,动,7,7-9,{},false,false,false,
9030,盛产,shèngchǎn,1,盛产,shengchan,动,7,7-9,{},false,false,false,
9031,胜出,shèngchū,1,胜出,shengchu,动,7,7-9,{},false,false,false,
9032,盛大,shèngdà,1,盛大,shengda,形,7,7-9,{},false,false,false,
9033,胜负,shèngfù,1,胜负,shengfu,名,7,7-9,{},false,false,false,
9034,盛会,shènghuì,1,盛会,shenghui,名,7,7-9,{},false,false,false,
9035,盛开,shèngkāi,1,盛开,shengkai,动,7,7-9,{},false,false,false,
9036,盛气凌人,shèngqì-língrén,1,盛气凌人,shengqilingren,,7,7-9,{},false,false,true,
9037,盛情,shèngqíng,1,盛情,shengqing,名,7,7-9,{},false,false,false,
9038,胜任,shèngrèn,1,胜任,shengren,动,7,7-9,{},false,false,false,
9039,盛夏,shèngxià,1,盛夏,shengxia,名,7,7-9,{},false,false,false,
9040,圣贤,shèngxián,1,圣贤,shengxian,名,7,7-9,{},false,false,false,
9041,盛行,shèngxíng,1,盛行,shengxing,动,7,7-9,{},false,false,false,
9042,盛宴,shèngyàn,1,盛宴,shengyan,名,7,7-9,{},false,false,false,
9043,失传,shīchuán,1,失传,shichuan,动,7,7-9,{},false,false,false,
9044,湿地,shīdì,1,湿地,shidi,名,7,7-9,{},false,false,false,
9045,师范,shīfàn,1,师范,shifan,名,7,7-9,{},false,false,false,
9046,施工,shīgōng,1,施工,shigong,动,7,7-9,{},false,false,false,
9047,施加,shījiā,1,施加,shijia,动,7,7-9,{},false,false,false,
9048,失控,shīkòng,1,失控,shikong,动,7,7-9,{},false,false,false,
9049,失利,shīlì,1,失利,shili,动,7,7-9,{},false,false,false,
9050,失礼,shīlǐ,1,失礼,shili,动,7,7-9,{},false,false,false,
9051,失灵,shīlíng,1,失灵,shiling,动,7,7-9,{},false,false,false,
9052,失落,shīluò,1,失落,shiluo,动、形,7,7-9,{},false,false,false,
9053,失明,shīmíng,1,失明,shiming,动,7,7-9,{},false,false,false,
9054,湿润,shīrùn,1,湿润,shirun,形,7,7-9,{},false,false,false,
9055,失事,shīshì,1,失事,shishi,动,7,7-9,{},false,false,false,
9056,失态,shītài,1,失态,shitai,动,7,7-9,{},false,false,false,
9057,尸体,shītǐ,1,尸体,shiti,名,7,7-9,{},false,false,false,
9058,失效,shīxiào,1,失效,shixiao,动,7,7-9,{},false,false,false,
9059,施行,shīxíng,1,施行,shixing,动,7,7-9,{},false,false,false,
9060,施压,shīyā,1,施压,shiya,动,7,7-9,{},false,false,false,
9061,施展,shīzhǎn,1,施展,shizhan,动,7,7-9,{},false,false,false,
9062,师长,shīzhǎng,1,师长,shizhang,名,7,7-9,{},false,false,false,
9063,师资,shīzī,1,师资,shizi,名,7,7-9,{},false,false,false,
9064,失踪,shīzōng,1,失踪,shizong,动,7,7-9,{},false,false,false,
9065,时隔,shí gé,1,时隔,shige,,7,7-9,{},false,false,true,
9066,时而,shí’ér,1,时而,shier,副,7,7-9,{},false,false,false,
9067,实地,shídì,1,实地,shidi,名、副,7,7-9,{},false,false,false,
9068,时段,shíduàn,1,时段,shiduan,名,7,7-9,{},false,false,false,
9069,时好时坏,shíhǎo-shíhuài,1,时好时坏,shihaoshihuai,,7,7-9,{},false,false,true,
9070,实话实说,shíhuà-shíshuō,1,实话实说,shihuashishuo,,7,7-9,{},false,false,true,
9071,时节,shíjié,1,时节,shijie,名,7,7-9,{},false,false,false,
9072,时空,shíkōng,1,时空,shikong,名,7,7-9,{},false,false,false,
9073,实况,shíkuàng,1,实况,shikuang,名,7,7-9,{},false,false,false,
9074,时髦,shímáo,1,时髦,shimao,形,7,7-9,{},false,false,false,
9075,时时,shíshí,1,时时,shishi,副,7,7-9,{},false,false,false,
9076,时事,shíshì,1,时事,shishi,名,7,7-9,{},false,false,false,
9077,实事求是,shíshì-qiúshì,1,实事求是,shishiqiushi,,7,7-9,{},false,false,true,
9078,食宿,shísù,1,食宿,shisu,名,7,7-9,{},false,false,false,
9079,实体,shítǐ,1,实体,shiti,名,7,7-9,{},false,false,false,
9080,实物,shíwù,1,实物,shiwu,名,7,7-9,{},false,false,false,
9081,时装,shízhuāng,1,时装,shizhuang,名,7,7-9,{},false,false,false,
9082,屎,shǐ,1,屎,shi,名,7,7-9,{},false,false,false,
9083,使唤,shǐhuan,1,使唤,shihuan,动,7,7-9,{},false,false,false,
9084,使命,shǐmìng,1,使命,shiming,名,7,7-9,{},false,false,false,
9085,史无前例,shǐwúqiánlì,1,史无前例,shiwuqianli,,7,7-9,{},false,false,true,
9086,使者,shǐzhě,1,使者,shizhe,名,7,7-9,{},false,false,false,
9087,势必,shìbì,1,势必,shibi,副,7,7-9,{},false,false,false,
9088,势不可当,shìbùkědāng,1,势不可当,shibukedang,,7,7-9,{},false,false,true,
9089,视察,shìchá,1,视察,shicha,动,7,7-9,{},false,false,false,
9090,市场经济,shìchǎng jīngjì,1,市场经济,shichangjingji,,7,7-9,{},false,false,true,
9091,世代,shìdài,1,世代,shidai,名,7,7-9,{},false,false,false,
9092,试点,shìdiǎn,1,试点,shidian,动、名,7,7-9,{},false,false,false,
9093,是非,shìfēi,1,是非,shifei,名,7,7-9,{},false,false,false,
9094,世故,shìgù,1,世故,shigu,名,7,7-9,{},false,false,false,
9095,嗜好,shìhào,1,嗜好,shihao,名,7,7-9,{},false,false,false,
9096,侍候,shìhòu,1,侍候,shihou,动,7,7-9,{},false,false,false,
9097,事迹,shìjì,1,事迹,shiji,名,7,7-9,{},false,false,false,
9098,世间,shìjiān,1,世间,shijian,名,7,7-9,{},false,false,false,
9099,视角,shìjiǎo,1,视角,shijiao,名,7,7-9,{},false,false,false,
9100,适量,shìliàng,1,适量,shiliang,形,7,7-9,{},false,false,false,
9101,士气,shìqì,1,士气,shiqi,名,7,7-9,{},false,false,false,
9102,世人,shìrén,1,世人,shiren,名,7,7-9,{},false,false,false,
9103,适时,shìshí,1,适时,shishi,形,7,7-9,{},false,false,false,
9104,逝世,shìshì,1,逝世,shishi,动,7,7-9,{},false,false,false,
9105,事态,shìtài,1,事态,shitai,名,7,7-9,{},false,false,false,
9106,试探,shìtan,1,试探,shitan,动,7,7-9,{},false,false,false,
9107,势头,shìtou,1,势头,shitou,名,7,7-9,{},false,false,false,
9108,示威,shìwēi,1,示威,shiwei,动,7,7-9,{},false,false,false,
9109,事务所,shìwùsuǒ,1,事务所,shiwusuo,名,7,7-9,{},false,false,false,
9110,视线,shìxiàn,1,视线,shixian,名,7,7-9,{},false,false,false,
9111,试行,shìxíng,1,试行,shixing,动,7,7-9,{},false,false,false,
9112,视野,shìyě,1,视野,shiye,名,7,7-9,{},false,false,false,
9113,事宜,shìyí,1,事宜,shiyi,名,7,7-9,{},false,false,false,
9114,示意,shìyì,1,示意,shiyi,动,7,7-9,{},false,false,false,
9115,市值,shìzhí,1,市值,shizhi,名,7,7-9,{},false,false,false,
9116,柿子,shìzi,1,柿子,shizi,名,7,7-9,{},false,false,false,
9117,收复,shōufù,1,收复,shoufu,动,7,7-9,{},false,false,false,
9118,收割,shōugē,1,收割,shouge,动,7,7-9,{},false,false,false,
9119,收据,shōujù,1,收据,shouju,名,7,7-9,{},false,false,false,
9120,收敛,shōuliǎn,1,收敛,shoulian,动,7,7-9,{},false,false,false,
9121,收留,shōuliú,1,收留,shouliu,动,7,7-9,{},false,false,false,
9122,收买,shōumǎi,1,收买,shoumai,动,7,7-9,{},false,false,false,
9123,收视率,shōushìlǜ,1,收视率,shoushilu,名,7,7-9,{},false,false,false,
9124,收缩,shōusuō,1,收缩,shousuo,动,7,7-9,{},false,false,false,
9125,收养,shōuyǎng,1,收养,shouyang,动,7,7-9,{},false,false,false,
9126,收音机,shōuyīnjī,1,收音机,shouyinji,名,7,7-9,{},false,false,false,
9127,收支,shōuzhī,1,收支,shouzhi,名,7,7-9,{},false,false,false,
9128,手册,shǒucè,1,手册,shouce,名,7,7-9,{},false,false,false,
9129,首创,shǒuchuàng,1,首创,shouchuang,动,7,7-9,{},false,false,false,
9130,手动,shǒudòng,1,手动,shoudong,形,7,7-9,{},false,false,false,
9131,首付,shǒufù,1,首付,shoufu,名,7,7-9,{},false,false,false,
9132,首府,shǒufǔ,1,首府,shoufu,名,7,7-9,{},false,false,false,
9133,守候,shǒuhòu,1,守候,shouhou,动,7,7-9,{},false,false,false,
9134,守护,shǒuhù,1,守护,shouhu,动,7,7-9,{},false,false,false,
9135,手脚,shǒujiǎo,1,手脚,shoujiao,名,7,7-9,{},false,false,false,
9136,首脑,shǒunǎo,1,首脑,shounao,名,7,7-9,{},false,false,false,
9137,手帕,shǒupà,1,手帕,shoupa,名,7,7-9,{},false,false,false,
9138,首批,shǒupī,1,首批,shoupi,数量,7,7-9,{},false,false,false,
9139,手枪,shǒuqiāng,1,手枪,shouqiang,名,7,7-9,{},false,false,false,
9140,首饰,shǒushì,1,首饰,shoushi,名,7,7-9,{},false,false,false,
9141,手头,shǒutóu,1,手头,shoutou,名,7,7-9,{},false,false,false,
9142,手腕,shǒuwàn,1,手腕,shouwan,名,7,7-9,{},false,false,false,
9143,首席,shǒuxí,1,首席,shouxi,名、形,7,7-9,{},false,false,false,
9144,守信,shǒuxìn,1,守信,shouxin,动,7,7-9,{},false,false,false,
9145,手艺,shǒuyì,1,手艺,shouyi,名,7,7-9,{},false,false,false,
9146,手掌,shǒuzhǎng,1,手掌,shouzhang,名,7,7-9,{},false,false,false,
9147,守株待兔,shǒuzhū-dàitù,1,守株待兔,shouzhudaitu,,7,7-9,{},false,false,true,
9148,受宠若惊,shòuchǒng-ruòjīng,1,受宠若惊,shouchongruojing,,7,7-9,{},false,false,true,
9149,受挫,shòucuò,1,受挫,shoucuo,动,7,7-9,{},false,false,false,
9150,受害,shòuhài,1,受害,shouhai,动,7,7-9,{},false,false,false,
9151,受害人,shòuhàirén,1,受害人,shouhairen,名,7,7-9,{},false,false,false,
9152,受贿,shòuhuì,1,受贿,shouhui,动,7,7-9,{},false,false,false,
9153,受惊,shòujīng,1,受惊,shoujing,动,7,7-9,{},false,false,false,
9154,受苦,shòukǔ,1,受苦,shouku,动,7,7-9,{},false,false,false,
9155,受理,shòulǐ,1,受理,shouli,动,7,7-9,{},false,false,false,
9156,受骗,shòupiàn,1,受骗,shoupian,动,7,7-9,{},false,false,false,
9157,授权,shòuquán,1,授权,shouquan,动,7,7-9,{},false,false,false,
9158,受益,shòuyì,1,受益,shouyi,动,7,7-9,{},false,false,false,
9159,受益匪浅,shòuyì-fěiqiǎn,1,受益匪浅,shouyifeiqian,,7,7-9,{},false,false,true,
9160,授予,shòuyǔ,1,授予,shouyu,动,7,7-9,{},false,false,false,
9161,受罪,shòuzuì,1,受罪,shouzui,动,7,7-9,{},false,false,false,
9162,梳,shū,1,梳,shu,动,7,7-9,{},false,false,false,
9163,舒畅,shūchàng,1,舒畅,shuchang,形,7,7-9,{},false,false,false,
9164,疏导,shūdǎo,1,疏导,shudao,动,7,7-9,{},false,false,false,
9165,疏忽,shūhu,1,疏忽,shuhu,动,7,7-9,{},false,false,false,
9166,书记,shūjì,1,书记,shuji,名,7,7-9,{},false,false,false,
9167,梳理,shūlǐ,1,梳理,shuli,动,7,7-9,{},false,false,false,
9168,枢纽,shūniǔ,1,枢纽,shuniu,名,7,7-9,{},false,false,false,
9169,抒情,shūqíng,1,抒情,shuqing,动,7,7-9,{},false,false,false,
9170,疏散,shūsàn,1,疏散,shusan,形、动,7,7-9,{},false,false,false,
9171,疏通,shūtōng,1,疏通,shutong,动,7,7-9,{},false,false,false,
9172,输血,shūxuè,1,输血,shuxue,动,7,7-9,{},false,false,false,
9173,输液,shūyè,1,输液,shuye,动,7,7-9,{},false,false,false,
9174,疏远,shūyuǎn,1,疏远,shuyuan,形、动,7,7-9,{},false,false,false,
9175,舒展,shūzhǎn,1,舒展,shuzhan,动、形,7,7-9,{},false,false,false,
9176,梳子,shūzi,1,梳子,shuzi,名,7,7-9,{},false,false,false,
9177,赎,shú,1,赎,shu,动,7,7-9,{},false,false,false,
9178,曙光,shǔguāng,1,曙光,shuguang,名,7,7-9,{},false,false,false,
9179,属相,shǔxiàng,1,属相,shuxiang,名,7,7-9,{},false,false,false,
9180,属性,shǔxìng,1,属性,shuxing,名,7,7-9,{},false,false,false,
9181,数一数二,shǔyī-shǔ’èr,1,数一数二,shuyishuer,,7,7-9,{},false,false,true,
9182,数额,shù’é,1,数额,shue,名,7,7-9,{},false,false,false,
9183,束缚,shùfù,1,束缚,shufu,动,7,7-9,{},false,false,false,
9184,树干,shùgàn,1,树干,shugan,名,7,7-9,{},false,false,false,
9185,数据库,shùjùkù,1,数据库,shujuku,名,7,7-9,{},false,false,false,
9186,竖立,shùlì,1,竖立,shuli,动,7,7-9,{},false,false,false,
9187,数码,shùmǎ,1,数码,shuma,形,7,7-9,{},false,false,false,
9188,树梢,shùshāo,1,树梢,shushao,名,7,7-9,{},false,false,false,
9189,束手无策,shùshǒu-wúcè,1,束手无策,shushouwuce,,7,7-9,{},false,false,true,
9190,树荫,shùyīn,1,树荫,shuyin,名,7,7-9,{},false,false,false,
9191,刷新,shuāxīn,1,刷新,shuaxin,动,7,7-9,{},false,false,false,
9192,耍,shuǎ,1,耍,shua,动,7,7-9,{},false,false,false,
9193,耍赖,shuǎlài,1,耍赖,shualai,动,7,7-9,{},false,false,false,
9194,衰减,shuāijiǎn,1,衰减,shuaijian,动,7,7-9,{},false,false,false,
9195,摔跤,shuāijiāo,1,摔跤,shuaijiao,动,7,7-9,{},false,false,false,
9196,衰竭,shuāijié,1,衰竭,shuaijie,动,7,7-9,{},false,false,false,
9197,衰落,shuāiluò,1,衰落,shuailuo,动,7,7-9,{},false,false,false,
9198,衰弱,shuāiruò,1,衰弱,shuairuo,形,7,7-9,{},false,false,false,
9199,衰退,shuāituì,1,衰退,shuaitui,动,7,7-9,{},false,false,false,
9200,甩,shuǎi,1,甩,shuai,动,7,7-9,{},false,false,false,
9201,率,shuài,1,率,shuai,动,7,7-9,{},true,true,false,
9202,拴,shuān,1,拴,shuan,动,7,7-9,{},false,false,false,
9203,涮,shuàn,1,涮,shuan,动,7,7-9,{},false,false,false,
9204,霜,shuāng,1,霜,shuang,名,7,7-9,{},false,false,false,
9205,双胞胎,shuāngbāotāi,1,双胞胎,shuangbaotai,名,7,7-9,{},false,false,false,
9206,双边,shuāngbiān,1,双边,shuangbian,形,7,7-9,{},false,false,false,
9207,双重,shuāngchóng,1,双重,shuangchong,形,7,7-9,{},false,false,false,
9208,双向,shuāngxiàng,1,双向,shuangxiang,形,7,7-9,{},false,false,false,
9209,双赢,shuāngyíng,1,双赢,shuangying,动,7,7-9,{},false,false,false,
9210,爽,shuǎng,1,爽,shuang,形,7,7-9,{},false,false,false,
9211,爽快,shuǎngkuai,1,爽快,shuangkuai,形,7,7-9,{},false,false,false,
9212,水产,shuǐchǎn,1,水产,shuichan,名,7,7-9,{},false,false,false,
9213,水滴石穿,shuǐdī-shíchuān,1,水滴石穿,shuidishichuan,,7,7-9,{},false,false,true,
9214,水晶,shuǐjīng,1,水晶,shuijing,名,7,7-9,{},false,false,false,
9215,水利,shuǐlì,1,水利,shuili,名,7,7-9,{},false,false,false,
9216,水龙头,shuǐlóngtóu,1,水龙头,shuilongtou,名,7,7-9,{},false,false,false,
9217,水落石出,shuǐluò-shíchū,1,水落石出,shuiluoshichu,,7,7-9,{},false,false,true,
9218,水汽,shuǐqì,1,水汽,shuiqi,名,7,7-9,{},false,false,false,
9219,水土,shuǐtǔ,1,水土,shuitu,名,7,7-9,{},false,false,false,
9220,水域,shuǐyù,1,水域,shuiyu,名,7,7-9,{},false,false,false,
9221,水源,shuǐyuán,1,水源,shuiyuan,名,7,7-9,{},false,false,false,
9222,水涨船高,shuǐzhǎng-chuángāo,1,水涨船高,shuizhangchuangao,,7,7-9,{},false,false,true,
9223,水准,shuǐzhǔn,1,水准,shuizhun,名,7,7-9,{},false,false,false,
9224,睡袋,shuìdài,1,睡袋,shuidai,名,7,7-9,{},false,false,false,
9225,税收,shuìshōu,1,税收,shuishou,名,7,7-9,{},false,false,false,
9226,税务,shuìwù,1,税务,shuiwu,名,7,7-9,{},false,false,false,
9227,顺差,shùnchā,1,顺差,shuncha,名,7,7-9,{},false,false,false,
9228,顺畅,shùnchàng,1,顺畅,shunchang,形,7,7-9,{},false,false,false,
9229,顺从,shùncóng,1,顺从,shuncong,动,7,7-9,{},false,false,false,
9230,顺理成章,shùnlǐ-chéngzhāng,1,顺理成章,shunlichengzhang,,7,7-9,{},false,false,true,
9231,顺路,shùnlù,1,顺路,shunlu,副、形,7,7-9,{},false,false,false,
9232,顺其自然,shùnqízìrán,1,顺其自然,shunqiziran,,7,7-9,{},false,false,true,
9233,顺势,shùnshì,1,顺势,shunshi,副,7,7-9,{},false,false,false,
9234,顺手,shùnshǒu,1,顺手,shunshou,形、副,7,7-9,{},false,false,false,
9235,顺心,shùnxīn,1,顺心,shunxin,形,7,7-9,{},false,false,false,
9236,顺延,shùnyán,1,顺延,shunyan,动,7,7-9,{},false,false,false,
9237,顺应,shùnyìng,1,顺应,shunying,动,7,7-9,{},false,false,false,
9238,说不上,shuōbushàng,1,说不上,shuobushang,动,7,7-9,{},false,false,false,
9239,说谎,shuōhuǎng,1,说谎,shuohuang,动,7,7-9,{},false,false,false,
9240,说情,shuōqíng,1,说情,shuoqing,动,7,7-9,{},false,false,false,
9241,硕果,shuòguǒ,1,硕果,shuoguo,名,7,7-9,{},false,false,false,
9242,丝,sī,1,丝,si,名,7,7-9,{},false,false,false,
9243,撕,sī,1,撕,si,动,7,7-9,{},false,false,false,
9244,丝绸,sīchóu,1,丝绸,sichou,名,7,7-9,{},false,false,false,
9245,司法,sīfǎ,1,司法,sifa,动,7,7-9,{},false,false,false,
9246,丝毫,sīháo,1,丝毫,sihao,形,7,7-9,{},false,false,false,
9247,私家车,sījiāchē,1,私家车,sijiache,名,7,7-9,{},false,false,false,
9248,司空见惯,sīkōng-jiànguàn,1,司空见惯,sikongjianguan,,7,7-9,{},false,false,true,
9249,私立,sīlì,1,私立,sili,动、形,7,7-9,{},false,false,false,
9250,司令,sīlìng,1,司令,siling,名,7,7-9,{},false,false,false,
9251,思前想后,sīqián-xiǎnghòu,1,思前想后,siqianxianghou,,7,7-9,{},false,false,true,
9252,私事,sīshì,1,私事,sishi,名,7,7-9,{},false,false,false,
9253,思索,sīsuǒ,1,思索,sisuo,动,7,7-9,{},false,false,false,
9254,私下,sīxià,1,私下,sixia,名,7,7-9,{},false,false,false,
9255,思绪,sīxù,1,思绪,sixu,名,7,7-9,{},false,false,false,
9256,私营,sīyíng,1,私营,siying,形,7,7-9,{},false,false,false,
9257,私有,sīyǒu,1,私有,siyou,动,7,7-9,{},false,false,false,
9258,私自,sīzì,1,私自,sizi,副,7,7-9,{},false,false,false,
9259,死心,sǐxīn,1,死心,sixin,动,7,7-9,{},false,false,false,
9260,寺,sì,1,寺,si,名,7,7-9,{},false,false,false,
9261,似曾相识,sìcéng-xiāngshí,1,似曾相识,sicengxiangshi,,7,7-9,{},false,false,true,
9262,四方,sìfāng,1,四方,sifang,名,7,7-9,{},false,false,false,
9263,伺机,sìjī,1,伺机,siji,动,7,7-9,{},false,false,false,
9264,饲料,sìliào,1,饲料,siliao,名,7,7-9,{},false,false,false,
9265,四面八方,sìmiàn-bāfāng,1,四面八方,simianbafang,,7,7-9,{},false,false,true,
9266,寺庙,sìmiào,1,寺庙,simiao,名,7,7-9,{},false,false,false,
9267,似是而非,sìshì-érfēi,1,似是而非,sishierfei,,7,7-9,{},false,false,true,
9268,四通八达,sìtōng-bādá,1,四通八达,sitongbada,,7,7-9,{},false,false,true,
9269,肆无忌惮,sìwú-jìdàn,1,肆无忌惮,siwujidan,,7,7-9,{},false,false,true,
9270,饲养,sìyǎng,1,饲养,siyang,动,7,7-9,{},false,false,false,
9271,四肢,sìzhī,1,四肢,sizhi,名,7,7-9,{},false,false,false,
9272,松弛,sōngchí,1,松弛,songchi,形,7,7-9,{},false,false,false,
9273,松树,sōngshù,1,松树,songshu,名,7,7-9,{},false,false,false,
9274,松懈,sōngxiè,1,松懈,songxie,形、动,7,7-9,{},false,false,false,
9275,耸,sǒng,1,耸,song,动,7,7-9,{},false,false,false,
9276,耸立,sǒnglì,1,耸立,songli,动,7,7-9,{},false,false,false,
9277,怂恿,sǒngyǒng,1,怂恿,songyong,动,7,7-9,{},false,false,false,
9278,送别,sòngbié,1,送别,songbie,动,7,7-9,{},false,false,false,
9279,送行,sòngxíng,1,送行,songxing,动,7,7-9,{},false,false,false,
9280,搜查,sōuchá,1,搜查,soucha,动,7,7-9,{},false,false,false,
9281,搜救,sōujiù,1,搜救,soujiu,动,7,7-9,{},false,false,false,
9282,搜寻,sōuxún,1,搜寻,souxun,动,7,7-9,{},false,false,false,
9283,酥,sū,1,酥,su,形,7,7-9,{},false,false,false,
9284,苏醒,sūxǐng,1,苏醒,suxing,动,7,7-9,{},false,false,false,
9285,俗,sú,1,俗,su,形,7,7-9,{},false,false,false,
9286,俗称,súchēng,1,俗称,sucheng,动、名,7,7-9,{},false,false,false,
9287,俗话,súhuà,1,俗话,suhua,名,7,7-9,{},false,false,false,
9288,俗语,súyǔ,1,俗语,suyu,名,7,7-9,{},false,false,false,
9289,素,sù,1,素,su,形、名,7,7-9,{},false,false,false,
9290,素不相识,sùbùxiāngshí,1,素不相识,subuxiangshi,,7,7-9,{},false,false,true,
9291,素材,sùcái,1,素材,sucai,名,7,7-9,{},false,false,false,
9292,诉苦,sùkǔ,1,诉苦,suku,动,7,7-9,{},false,false,false,
9293,诉求,sùqiú,1,诉求,suqiu,动、名,7,7-9,{},false,false,false,
9294,素食,sùshí,1,素食,sushi,名、动,7,7-9,{},false,false,false,
9295,诉说,sùshuō,1,诉说,sushuo,动,7,7-9,{},false,false,false,
9296,诉讼,sùsòng,1,诉讼,susong,动,7,7-9,{},false,false,false,
9297,素养,sùyǎng,1,素养,suyang,名,7,7-9,{},false,false,false,
9298,诉诸,sùzhū,1,诉诸,suzhu,动,7,7-9,{},false,false,false,
9299,蒜,suàn,1,蒜,suan,名,7,7-9,{},false,false,false,
9300,算计,suànjì,1,算计,suanji,动,7,7-9,{},false,false,false,
9301,算盘,suànpán,1,算盘,suanpan,名,7,7-9,{},false,false,false,
9302,算数,suànshù,1,算数,suanshu,动,7,7-9,{},false,false,false,
9303,算账,suànzhàng,1,算账,suanzhang,动,7,7-9,{},false,false,false,
9304,虽说,suīshuō,1,虽说,suishuo,连,7,7-9,{},false,false,false,
9305,随处可见,suíchù kě jiàn,1,随处可见,suichukejian,,7,7-9,{},false,false,true,
9306,随即,suíjí,1,随即,suiji,副,7,7-9,{},false,false,false,
9307,随机,suíjī,1,随机,suiji,副、形,7,7-9,{},false,false,false,
9308,随身,suíshēn,1,随身,suishen,形,7,7-9,{},false,false,false,
9309,随时随地,suíshí-suídì,1,随时随地,suishisuidi,,7,7-9,{},false,false,true,
9310,随心所欲,suíxīnsuǒyù,1,随心所欲,suixinsuoyu,,7,7-9,{},false,false,true,
9311,隧道,suìdào,1,隧道,suidao,名,7,7-9,{},false,false,false,
9312,损人利己,sǔnrén-lìjǐ,1,损人利己,sunrenliji,,7,7-9,{},false,false,true,
9313,缩,suō,1,缩,suo,动,7,7-9,{},false,false,false,
9314,缩减,suōjiǎn,1,缩减,suojian,动,7,7-9,{},false,false,false,
9315,缩水,suōshuǐ,1,缩水,suoshui,动,7,7-9,{},false,false,false,
9316,缩影,suōyǐng,1,缩影,suoying,名,7,7-9,{},false,false,false,
9317,锁定,suǒdìng,1,锁定,suoding,动,7,7-9,{},false,false,false,
9318,索赔,suǒpéi,1,索赔,suopei,动,7,7-9,{},false,false,false,
9319,索取,suǒqǔ,1,索取,suoqu,动,7,7-9,{},false,false,false,
9320,所属,suǒshǔ,1,所属,suoshu,形、名,7,7-9,{},false,false,false,
9321,琐碎,suǒsuì,1,琐碎,suosui,形,7,7-9,{},false,false,false,
9322,所谓,suǒwèi,1,所谓,suowei,形,7,7-9,{},false,false,false,
9323,索性,suǒxìng,1,索性,suoxing,副,7,7-9,{},false,false,false,
9324,所在,suǒzài,1,所在,suozai,名,7,7-9,{},false,false,false,
9325,所作所为,suǒzuò-suǒwéi,1,所作所为,suozuosuowei,,7,7-9,{},false,false,true,
9326,塌,tā,1,塌,ta,动,7,7-9,{},false,false,false,
9327,踏,tà,1,踏,ta,动,7,7-9,{},false,false,false,
9328,胎,tāi,1,胎,tai,量、名,7,7-9,{},false,false,false,
9329,胎儿,tāi’ér,1,胎儿,taier,名,7,7-9,{},false,false,false,
9330,泰斗,tàidǒu,1,泰斗,taidou,名,7,7-9,{},false,false,false,
9331,太极,tàijí,1,太极,taiji,名,7,7-9,{},false,false,false,
9332,太平,tàipíng,1,太平,taiping,形,7,7-9,{},false,false,false,
9333,态势,tàishì,1,态势,taishi,名,7,7-9,{},false,false,false,
9334,贪,tān,1,贪,tan,动、形,7,7-9,{},false,false,false,
9335,摊,tān,1,摊,tan,动、名、量,7,7-9,{},false,false,false,
9336,瘫,tān,1,瘫,tan,动,7,7-9,{},false,false,false,
9337,贪吃,tānchī,1,贪吃,tanchi,形,7,7-9,{},false,false,false,
9338,瘫痪,tānhuàn,1,瘫痪,tanhuan,动,7,7-9,{},false,false,false,
9339,贪婪,tānlán,1,贪婪,tanlan,形,7,7-9,{},false,false,false,
9340,贪污,tānwū,1,贪污,tanwu,动,7,7-9,{},false,false,false,
9341,坛,tán,1,坛,tan,名,7,7-9,{},false,false,false,
9342,痰,tán,1,痰,tan,名,7,7-9,{},false,false,false,
9343,谈及,tánjí,1,谈及,tanji,动,7,7-9,{},false,false,false,
9344,坦白,tǎnbái,1,坦白,tanbai,形、动,7,7-9,{},false,false,false,
9345,坦诚,tǎnchéng,1,坦诚,tancheng,形,7,7-9,{},false,false,false,
9346,坦克,tǎnkè,1,坦克,tanke,名,7,7-9,{},false,false,false,
9347,坦然,tǎnrán,1,坦然,tanran,形,7,7-9,{},false,false,false,
9348,坦率,tǎnshuài,1,坦率,tanshuai,形,7,7-9,{},false,false,false,
9349,坦言,tǎnyán,1,坦言,tanyan,动、名,7,7-9,{},false,false,false,
9350,毯子,tǎnzi,1,毯子,tanzi,名,7,7-9,{},false,false,false,
9351,炭,tàn,1,炭,tan,名,7,7-9,{},false,false,false,
9352,探,tàn,1,探,tan,动,7,7-9,{},false,false,false,
9353,探测,tàncè,1,探测,tance,动,7,7-9,{},false,false,false,
9354,探究,tànjiū,1,探究,tanjiu,动,7,7-9,{},false,false,false,
9355,叹气,tànqì,1,叹气,tanqi,动,7,7-9,{},false,false,false,
9356,探亲,tànqīn,1,探亲,tanqin,动,7,7-9,{},false,false,false,
9357,探求,tànqiú,1,探求,tanqiu,动,7,7-9,{},false,false,false,
9358,探望,tànwàng,1,探望,tanwang,动,7,7-9,{},false,false,false,
9359,探险,tànxiǎn,1,探险,tanxian,动,7,7-9,{},false,false,false,
9360,堂,táng,1,堂,tang,名、量,7,7-9,{},false,false,false,
9361,糖尿病,tángniàobìng,1,糖尿病,tangniaobing,名,7,7-9,{},false,false,false,
9362,淌,tǎng,1,淌,tang,动,7,7-9,{},false,false,false,
9363,倘若,tǎngruò,1,倘若,tangruo,连,7,7-9,{},false,false,false,
9364,掏腰包,tāo yāobāo,1,掏腰包,taoyaobao,,7,7-9,{},false,false,true,
9365,滔滔不绝,tāotāo-bùjué,1,滔滔不绝,taotaobujue,,7,7-9,{},false,false,true,
9366,淘,táo,1,淘,tao,动,7,7-9,{},false,false,false,
9367,逃避,táobì,1,逃避,taobi,动,7,7-9,{},false,false,false,
9368,陶瓷,táocí,1,陶瓷,taoci,名,7,7-9,{},false,false,false,
9369,逃生,táoshēng,1,逃生,taosheng,动,7,7-9,{},false,false,false,
9370,逃亡,táowáng,1,逃亡,taowang,动,7,7-9,{},false,false,false,
9371,陶冶,táoyě,1,陶冶,taoye,动,7,7-9,{},false,false,false,
9372,陶醉,táozuì,1,陶醉,taozui,动,7,7-9,{},false,false,false,
9373,讨,tǎo,1,讨,tao,动,7,7-9,{},false,false,false,
9374,讨好,tǎohǎo,1,讨好,taohao,动,7,7-9,{},false,false,false,
9375,讨价还价,tǎojià-huánjià,1,讨价还价,taojiahuanjia,,7,7-9,{},false,false,true,
9376,特此,tècǐ,1,特此,teci,副,7,7-9,{},false,false,false,
9377,特例,tèlì,1,特例,teli,名,7,7-9,{},false,false,false,
9378,特权,tèquán,1,特权,tequan,名,7,7-9,{},false,false,false,
9379,特邀,tèyāo,1,特邀,teyao,动,7,7-9,{},false,false,false,
9380,特制,tèzhì,1,特制,tezhi,动,7,7-9,{},false,false,false,
9381,特质,tèzhì,1,特质,tezhi,名,7,7-9,{},false,false,false,
9382,腾,téng,1,腾,teng,动,7,7-9,{},false,false,false,
9383,疼爱,téngài,1,疼爱,tengai,动,7,7-9,{},false,false,false,
9384,藤蔓,téngwàn,1,藤蔓,tengwan,名,7,7-9,{},false,false,false,
9385,剔除,tīchú,1,剔除,tichu,动,7,7-9,{},false,false,false,
9386,梯子,tīzi,1,梯子,tizi,名,7,7-9,{},false,false,false,
9387,提拔,tíbá,1,提拔,tiba,动,7,7-9,{},false,false,false,
9388,提纲,tígāng,1,提纲,tigang,名,7,7-9,{},false,false,false,
9389,提及,tíjí,1,提及,tiji,动,7,7-9,{},false,false,false,
9390,提炼,tíliàn,1,提炼,tilian,动,7,7-9,{},false,false,false,
9391,提名,tímíng,1,提名,timing,动,7,7-9,{},false,false,false,
9392,提速,tísù,1,提速,tisu,动,7,7-9,{},false,false,false,
9393,提心吊胆,tíxīn-diàodǎn,1,提心吊胆,tixindiaodan,,7,7-9,{},false,false,true,
9394,提议,tíyì,1,提议,tiyi,动、名,7,7-9,{},false,false,false,
9395,体裁,tǐcái,1,体裁,ticai,名,7,7-9,{},false,false,false,
9396,体谅,tǐliàng,1,体谅,tiliang,动,7,7-9,{},false,false,false,
9397,体面,tǐmiàn,1,体面,timian,名、形,7,7-9,{},false,false,false,
9398,体能,tǐnéng,1,体能,tineng,名,7,7-9,{},false,false,false,
9399,体魄,tǐpò,1,体魄,tipo,名,7,7-9,{},false,false,false,
9400,体态,tǐtài,1,体态,titai,名,7,7-9,{},false,false,false,
9401,体贴,tǐtiē,1,体贴,titie,动,7,7-9,{},false,false,false,
9402,体制,tǐzhì,1,体制,tizhi,名,7,7-9,{},false,false,false,
9403,体质,tǐzhì,1,体质,tizhi,名,7,7-9,{},false,false,false,
9404,剃,tì,1,剃,ti,动,7,7-9,{},false,false,false,
9405,替补,tìbǔ,1,替补,tibu,动、名,7,7-9,{},false,false,false,
9406,替换,tìhuàn,1,替换,tihuan,动,7,7-9,{},false,false,false,
9407,天长地久,tiāncháng-dìjiǔ,1,天长地久,tianchangdijiu,,7,7-9,{},false,false,true,
9408,天敌,tiāndí,1,天敌,tiandi,名,7,7-9,{},false,false,false,
9409,天地,tiāndì,1,天地,tiandi,名,7,7-9,{},false,false,false,
9410,天鹅,tiān’é,1,天鹅,tiane,名,7,7-9,{},false,false,false,
9411,天分,tiānfèn,1,天分,tianfen,名,7,7-9,{},false,false,false,
9412,天赋,tiānfù,1,天赋,tianfu,动、名,7,7-9,{},false,false,false,
9413,天花板,tiānhuābǎn,1,天花板,tianhuaban,名,7,7-9,{},false,false,false,
9414,添加剂,tiānjiājì,1,添加剂,tianjiaji,名,7,7-9,{},false,false,false,
9415,天经地义,tiānjīng-dìyì,1,天经地义,tianjingdiyi,,7,7-9,{},false,false,true,
9416,天伦之乐,tiānlúnzhīlè,1,天伦之乐,tianlunzhile,,7,7-9,{},false,false,true,
9417,天平,tiānpíng,1,天平,tianping,名,7,7-9,{},false,false,false,
9418,天桥,tiānqiáo,1,天桥,tianqiao,名,7,7-9,{},false,false,false,
9419,天生,tiānshēng,1,天生,tiansheng,形,7,7-9,{},false,false,false,
9420,天使,tiānshǐ,1,天使,tianshi,名,7,7-9,{},false,false,false,
9421,天堂,tiāntáng,1,天堂,tiantang,名,7,7-9,{},false,false,false,
9422,天线,tiānxiàn,1,天线,tianxian,名,7,7-9,{},false,false,false,
9423,天性,tiānxìng,1,天性,tianxing,名,7,7-9,{},false,false,false,
9424,填补,tiánbǔ,1,填补,tianbu,动,7,7-9,{},false,false,false,
9425,填充,tiánchōng,1,填充,tianchong,动,7,7-9,{},false,false,false,
9426,田间,tiánjiān,1,田间,tianjian,名,7,7-9,{},false,false,false,
9427,甜美,tiánměi,1,甜美,tianmei,形,7,7-9,{},false,false,false,
9428,甜蜜,tiánmì,1,甜蜜,tianmi,形,7,7-9,{},false,false,false,
9429,田野,tiányě,1,田野,tianye,名,7,7-9,{},false,false,false,
9430,田园,tiányuán,1,田园,tianyuan,名,7,7-9,{},false,false,false,
9431,舔,tiǎn,1,舔,tian,动,7,7-9,{},false,false,false,
9432,挑剔,tiāoti,1,挑剔,tiaoti,动,7,7-9,{},false,false,false,
9433,调和,tiáohé,1,调和,tiaohe,形、动,7,7-9,{},false,false,false,
9434,调剂,tiáojì,1,调剂,tiaoji,动,7,7-9,{},false,false,false,
9435,调解,tiáojiě,1,调解,tiaojie,动,7,7-9,{},false,false,false,
9436,调侃,tiáokǎn,1,调侃,tiaokan,动,7,7-9,{},false,false,false,
9437,调控,tiáokòng,1,调控,tiaokong,动,7,7-9,{},false,false,false,
9438,条款,tiáokuǎn,1,条款,tiaokuan,名,7,7-9,{},false,false,false,
9439,条例,tiáolì,1,条例,tiaoli,名,7,7-9,{},false,false,false,
9440,条理,tiáolǐ,1,条理,tiaoli,名,7,7-9,{},false,false,false,
9441,调料,tiáoliào,1,调料,tiaoliao,名,7,7-9,{},false,false,false,
9442,调试,tiáoshì,1,调试,tiaoshi,动,7,7-9,{},false,false,false,
9443,条约,tiáoyuē,1,条约,tiaoyue,名,7,7-9,{},false,false,false,
9444,挑,tiǎo,1,挑,tiao,动,7,7-9,{},true,true,false,
9445,挑拨,tiǎobō,1,挑拨,tiaobo,动,7,7-9,{},false,false,false,
9446,挑衅,tiǎoxìn,1,挑衅,tiaoxin,动,7,7-9,{},false,false,false,
9447,跳槽,tiàocáo,1,跳槽,tiaocao,动,7,7-9,{},false,false,false,
9448,跳动,tiàodòng,1,跳动,tiaodong,动,7,7-9,{},false,false,false,
9449,跳伞,tiàosǎn,1,跳伞,tiaosan,动,7,7-9,{},false,false,false,
9450,眺望,tiàowàng,1,眺望,tiaowang,动,7,7-9,{},false,false,false,
9451,跳跃,tiàoyuè,1,跳跃,tiaoyue,动,7,7-9,{},false,false,false,
9452,贴切,tiēqiè,1,贴切,tieqie,形,7,7-9,{},false,false,false,
9453,铁,tiě,1,铁,tie,名、形,7,7-9,{},false,false,false,
9454,帖子,tiězi,1,帖子,tiezi,名,7,7-9,{},false,false,false,
9455,听从,tīngcóng,1,听从,tingcong,动,7,7-9,{},false,false,false,
9456,停泊,tíngbó,1,停泊,tingbo,动,7,7-9,{},false,false,false,
9457,停顿,tíngdùn,1,停顿,tingdun,动,7,7-9,{},false,false,false,
9458,停放,tíngfàng,1,停放,tingfang,动,7,7-9,{},false,false,false,
9459,停业,tíngyè,1,停业,tingye,动,7,7-9,{},false,false,false,
9460,停滞,tíngzhì,1,停滞,tingzhi,动,7,7-9,{},false,false,false,
9461,亭子,tíngzi,1,亭子,tingzi,名,7,7-9,{},false,false,false,
9462,挺拔,tǐngbá,1,挺拔,tingba,形,7,7-9,{},false,false,false,
9463,通报,tōngbào,1,通报,tongbao,动、名,7,7-9,{},false,false,false,
9464,通畅,tōngchàng,1,通畅,tongchang,形,7,7-9,{},false,false,false,
9465,通车,tōngchē,1,通车,tongche,动,7,7-9,{},false,false,false,
9466,通告,tōnggào,1,通告,tonggao,动、名,7,7-9,{},false,false,false,
9467,通红,tōnghóng,1,通红,tonghong,形,7,7-9,{},false,false,false,
9468,通货膨胀,tōnghuò péngzhàng,1,通货膨胀,tonghuopengzhang,,7,7-9,{},false,false,true,
9469,通缉,tōngjī,1,通缉,tongji,动,7,7-9,{},false,false,false,
9470,通顺,tōngshùn,1,通顺,tongshun,形,7,7-9,{},false,false,false,
9471,通俗,tōngsú,1,通俗,tongsu,形,7,7-9,{},false,false,false,
9472,通通,tōngtōng,1,通通,tongtong,副,7,7-9,{},false,false,false,
9473,通宵,tōngxiāo,1,通宵,tongxiao,名,7,7-9,{},false,false,false,
9474,同胞,tóngbāo,1,同胞,tongbao,名,7,7-9,{},false,false,false,
9475,同比,tóngbǐ,1,同比,tongbi,动,7,7-9,{},false,false,false,
9476,同步,tóngbù,1,同步,tongbu,动,7,7-9,{},false,false,false,
9477,同等,tóngděng,1,同等,tongdeng,形,7,7-9,{},false,false,false,
9478,同感,tónggǎn,1,同感,tonggan,名,7,7-9,{},false,false,false,
9479,同伙,tónghuǒ,1,同伙,tonghuo,动、名,7,7-9,{},false,false,false,
9480,同盟,tóngméng,1,同盟,tongmeng,动、名,7,7-9,{},false,false,false,
9481,同期,tóngqī,1,同期,tongqi,名,7,7-9,{},false,false,false,
9482,同仁,tóngrén,1,同仁,tongren,名,7,7-9,{},false,false,false,
9483,同志,tóngzhì,1,同志,tongzhi,名,7,7-9,{},false,false,false,
9484,同舟共济,tóngzhōu-gòngjì,1,同舟共济,tongzhougongji,,7,7-9,{},false,false,true,
9485,捅,tǒng,1,捅,tong,动,7,7-9,{},false,false,false,
9486,筒,tǒng,1,筒,tong,名,7,7-9,{},false,false,false,
9487,统筹,tǒngchóu,1,统筹,tongchou,动,7,7-9,{},false,false,false,
9488,统统,tǒngtǒng,1,统统,tongtong,副,7,7-9,{},false,false,false,
9489,统治,tǒngzhì,1,统治,tongzhi,动,7,7-9,{},false,false,false,
9490,痛心,tòngxīn,1,痛心,tongxin,形,7,7-9,{},false,false,false,
9491,偷窥,tōukuī,1,偷窥,toukui,动,7,7-9,{},false,false,false,
9492,偷懒,tōulǎn,1,偷懒,toulan,动,7,7-9,{},false,false,false,
9493,投奔,tóubèn,1,投奔,touben,动,7,7-9,{},false,false,false,
9494,投放,tóufàng,1,投放,toufang,动,7,7-9,{},false,false,false,
9495,投稿,tóugǎo,1,投稿,tougao,动,7,7-9,{},false,false,false,
9496,头号,tóuhào,1,头号,touhao,形,7,7-9,{},false,false,false,
9497,投机,tóujī,1,投机,touji,形、动,7,7-9,{},false,false,false,
9498,投射,tóushè,1,投射,toushe,动,7,7-9,{},false,false,false,
9499,投身,tóushēn,1,投身,toushen,动,7,7-9,{},false,false,false,
9500,头条,tóutiáo,1,头条,toutiao,名,7,7-9,{},false,false,false,
9501,头头是道,tóutóu-shìdào,1,头头是道,toutoushidao,,7,7-9,{},false,false,true,
9502,头衔,tóuxián,1,头衔,touxian,名,7,7-9,{},false,false,false,
9503,投降,tóuxiáng,1,投降,touxiang,动,7,7-9,{},false,false,false,
9504,投掷,tóuzhì,1,投掷,touzhi,动,7,7-9,{},false,false,false,
9505,透彻,tòuchè,1,透彻,touche,形,7,7-9,{},false,false,false,
9506,透气,tòuqì,1,透气,touqi,动,7,7-9,{},false,false,false,
9507,透支,tòuzhī,1,透支,touzhi,动,7,7-9,{},false,false,false,
9508,凸,tū,1,凸,tu,形,7,7-9,{},false,false,false,
9509,秃,tū,1,秃,tu,形,7,7-9,{},false,false,false,
9510,突击,tūjī,1,突击,tuji,动,7,7-9,{},false,false,false,
9511,突破口,tūpòkǒu,1,突破口,tupokou,名,7,7-9,{},false,false,false,
9512,突如其来,tūrú-qílái,1,突如其来,turuqilai,,7,7-9,{},false,false,true,
9513,突兀,tūwù,1,突兀,tuwu,形,7,7-9,{},false,false,false,
9514,凸显,tūxiǎn,1,凸显,tuxian,动,7,7-9,{},false,false,false,
9515,涂,tú,1,涂,tu,动,7,7-9,{},false,false,false,
9516,徒步,túbù,1,徒步,tubu,副,7,7-9,{},false,false,false,
9517,徒劳,túláo,1,徒劳,tulao,动,7,7-9,{},false,false,false,
9518,屠杀,túshā,1,屠杀,tusha,动,7,7-9,{},false,false,false,
9519,图形,túxíng,1,图形,tuxing,名,7,7-9,{},false,false,false,
9520,图纸,túzhǐ,1,图纸,tuzhi,名,7,7-9,{},false,false,false,
9521,吐槽,tǔcáo,1,吐槽,tucao,动,7,7-9,{},false,false,false,
9522,土生土长,tǔshēng-tǔzhǎng,1,土生土长,tushengtuzhang,,7,7-9,{},false,false,true,
9523,团伙,tuánhuǒ,1,团伙,tuanhuo,名,7,7-9,{},false,false,false,
9524,团聚,tuánjù,1,团聚,tuanju,动,7,7-9,{},false,false,false,
9525,团员,tuányuán,1,团员,tuanyuan,名,7,7-9,{},false,false,false,
9526,推崇,tuīchóng,1,推崇,tuichong,动,7,7-9,{},false,false,false,
9527,推辞,tuīcí,1,推辞,tuici,动,7,7-9,{},false,false,false,
9528,推断,tuīduàn,1,推断,tuiduan,动,7,7-9,{},false,false,false,
9529,推翻,tuīfān,1,推翻,tuifan,动,7,7-9,{},false,false,false,
9530,推理,tuīlǐ,1,推理,tuili,动,7,7-9,{},false,false,false,
9531,推论,tuīlùn,1,推论,tuilun,动、名,7,7-9,{},false,false,false,
9532,推敲,tuīqiāo,1,推敲,tuiqiao,动,7,7-9,{},false,false,false,
9533,推算,tuīsuàn,1,推算,tuisuan,动,7,7-9,{},false,false,false,
9534,推卸,tuīxiè,1,推卸,tuixie,动,7,7-9,{},false,false,false,
9535,推选,tuīxuǎn,1,推选,tuixuan,动,7,7-9,{},false,false,false,
9536,推移,tuīyí,1,推移,tuiyi,动,7,7-9,{},false,false,false,
9537,颓废,tuífèi,1,颓废,tuifei,形,7,7-9,{},false,false,false,
9538,退步,tuìbù,1,退步,tuibu,动,7,7-9,{},false,false,false,
9539,退化,tuìhuà,1,退化,tuihua,动,7,7-9,{},false,false,false,
9540,退回,tuìhuí,1,退回,tuihui,动,7,7-9,{},false,false,false,
9541,退却,tuìquè,1,退却,tuique,动,7,7-9,{},false,false,false,
9542,退让,tuìràng,1,退让,tuirang,动,7,7-9,{},false,false,false,
9543,退缩,tuìsuō,1,退缩,tuisuo,动,7,7-9,{},false,false,false,
9544,退役,tuìyì,1,退役,tuiyi,动,7,7-9,{},false,false,false,
9545,吞吞吐吐,tūntūntǔtǔ,1,吞吞吐吐,tuntuntutu,形,7,7-9,{},false,false,false,
9546,臀,tún,1,臀,tun,名,7,7-9,{},false,false,false,
9547,托,tuō,1,托,tuo,动、名,7,7-9,{},false,false,false,
9548,托付,tuōfù,1,托付,tuofu,动,7,7-9,{},false,false,false,
9549,脱节,tuōjié,1,脱节,tuojie,动,7,7-9,{},false,false,false,
9550,脱口而出,tuōkǒu’érchū,1,脱口而出,tuokouerchu,,7,7-9,{},false,false,true,
9551,拖累,tuōlěi,1,拖累,tuolei,动,7,7-9,{},false,false,false,
9552,脱离,tuōlí,1,脱离,tuoli,动,7,7-9,{},false,false,false,
9553,脱落,tuōluò,1,脱落,tuoluo,动,7,7-9,{},false,false,false,
9554,拖欠,tuōqiàn,1,拖欠,tuoqian,动,7,7-9,{},false,false,false,
9555,脱身,tuōshēn,1,脱身,tuoshen,动,7,7-9,{},false,false,false,
9556,脱颖而出,tuōyǐng’érchū,1,脱颖而出,tuoyingerchu,,7,7-9,{},false,false,true,
9557,驮,tuó,1,驮,tuo,动,7,7-9,{},false,false,false,
9558,妥,tuǒ,1,妥,tuo,形,7,7-9,{},false,false,false,
9559,妥当,tuǒdàng,1,妥当,tuodang,形,7,7-9,{},false,false,false,
9560,妥善,tuǒshàn,1,妥善,tuoshan,形,7,7-9,{},false,false,false,
9561,妥协,tuǒxié,1,妥协,tuoxie,动,7,7-9,{},false,false,false,
9562,椭圆,tuǒyuán,1,椭圆,tuoyuan,名,7,7-9,{},false,false,false,
9563,拓宽,tuòkuān,1,拓宽,tuokuan,动,7,7-9,{},false,false,false,
9564,唾弃,tuòqì,1,唾弃,tuoqi,动,7,7-9,{},false,false,false,
9565,唾液,tuòyè,1,唾液,tuoye,名,7,7-9,{},false,false,false,
9566,拓展,tuòzhǎn,1,拓展,tuozhan,动,7,7-9,{},false,false,false,
9567,挖掘,wājué,1,挖掘,wajue,动,7,7-9,{},false,false,false,
9568,挖苦,wāku,1,挖苦,waku,动,7,7-9,{},false,false,false,
9569,瓦,wǎ,1,瓦,wa,名,7,7-9,{},false,false,false,
9570,瓦解,wǎjiě,1,瓦解,wajie,动,7,7-9,{},false,false,false,
9571,歪曲,wāiqū,1,歪曲,waiqu,动,7,7-9,{},false,false,false,
9572,外币,wàibì,1,外币,waibi,名,7,7-9,{},false,false,false,
9573,外行,wàiháng,1,外行,waihang,形、名,7,7-9,{},false,false,false,
9574,外号,wàihào,1,外号,waihao,名,7,7-9,{},false,false,false,
9575,外汇,wàihuì,1,外汇,waihui,名,7,7-9,{},false,false,false,
9576,外籍,wàijí,1,外籍,waiji,名,7,7-9,{},false,false,false,
9577,外贸,wàimào,1,外贸,waimao,名,7,7-9,{},false,false,false,
9578,外貌,wàimào,1,外貌,waimao,名,7,7-9,{},false,false,false,
9579,外向,wàixiàng,1,外向,waixiang,形,7,7-9,{},false,false,false,
9580,外星人,wàixīngrén,1,外星人,waixingren,名,7,7-9,{},false,false,false,
9581,外援,wàiyuán,1,外援,waiyuan,名,7,7-9,{},false,false,false,
9582,外在,wàizài,1,外在,waizai,形,7,7-9,{},false,false,false,
9583,外资,wàizī,1,外资,waizi,名,7,7-9,{},false,false,false,
9584,丸,wán,1,丸,wan,名、量,7,7-9,{},false,false,false,
9585,完备,wánbèi,1,完备,wanbei,形,7,7-9,{},false,false,false,
9586,完毕,wánbì,1,完毕,wanbi,动,7,7-9,{},false,false,false,
9587,顽固,wángù,1,顽固,wangu,形,7,7-9,{},false,false,false,
9588,完好,wánhǎo,1,完好,wanhao,形,7,7-9,{},false,false,false,
9589,玩弄,wánnòng,1,玩弄,wannong,动,7,7-9,{},false,false,false,
9590,顽皮,wánpí,1,顽皮,wanpi,形,7,7-9,{},false,false,false,
9591,玩耍,wánshuǎ,1,玩耍,wanshua,动,7,7-9,{},false,false,false,
9592,玩意儿,wányìr,1,玩意儿,wanyir,名,7,7-9,{},false,false,false,
9593,丸子,wánzi,1,丸子,wanzi,名,7,7-9,{},false,false,false,
9594,挽,wǎn,1,挽,wan,动,7,7-9,{},false,false,false,
9595,挽回,wǎnhuí,1,挽回,wanhui,动,7,7-9,{},false,false,false,
9596,挽救,wǎnjiù,1,挽救,wanjiu,动,7,7-9,{},false,false,false,
9597,晚年,wǎnnián,1,晚年,wannian,名,7,7-9,{},false,false,false,
9598,晚期,wǎnqī,1,晚期,wanqi,名,7,7-9,{},false,false,false,
9599,惋惜,wǎnxī,1,惋惜,wanxi,形,7,7-9,{},false,false,false,
9600,晚霞,wǎnxiá,1,晚霞,wanxia,名,7,7-9,{},false,false,false,
9601,万分,wànfēn,1,万分,wanfen,副,7,7-9,{},false,false,false,
9602,万能,wànnéng,1,万能,wanneng,形,7,7-9,{},false,false,false,
9603,万万,wànwàn,1,万万,wanwan,副,7,7-9,{},false,false,false,
9604,万无一失,wànwú-yìshī,1,万无一失,wanwuyishi,,7,7-9,{},false,false,true,
9605,汪洋,wāngyáng,1,汪洋,wangyang,形,7,7-9,{},false,false,false,
9606,王朝,wángcháo,1,王朝,wangchao,名,7,7-9,{},false,false,false,
9607,王国,wángguó,1,王国,wangguo,名,7,7-9,{},false,false,false,
9608,王牌,wángpái,1,王牌,wangpai,名,7,7-9,{},false,false,false,
9609,亡羊补牢,wángyáng-bǔláo,1,亡羊补牢,wangyangbulao,,7,7-9,{},false,false,true,
9610,往常,wǎngcháng,1,往常,wangchang,名,7,7-9,{},false,false,false,
9611,网点,wǎngdiǎn,1,网点,wangdian,名,7,7-9,{},false,false,false,
9612,网民,wǎngmín,1,网民,wangmin,名,7,7-9,{},false,false,false,
9613,往日,wǎngrì,1,往日,wangri,名,7,7-9,{},false,false,false,
9614,往事,wǎngshì,1,往事,wangshi,名,7,7-9,{},false,false,false,
9615,旺,wàng,1,旺,wang,形,7,7-9,{},false,false,false,
9616,旺季,wàngjì,1,旺季,wangji,名,7,7-9,{},false,false,false,
9617,旺盛,wàngshèng,1,旺盛,wangsheng,形,7,7-9,{},false,false,false,
9618,妄想,wàngxiǎng,1,妄想,wangxiang,动、名,7,7-9,{},false,false,false,
9619,望远镜,wàngyuǎnjìng,1,望远镜,wangyuanjing,名,7,7-9,{},false,false,false,
9620,微,wēi,1,微,wei,副,7,7-9,{},false,false,false,
9621,微波炉,wēibōlú,1,微波炉,weibolu,名,7,7-9,{},false,false,false,
9622,微不足道,wēibùzúdào,1,微不足道,weibuzudao,,7,7-9,{},false,false,true,
9623,威风,wēifēng,1,威风,weifeng,名、形,7,7-9,{},false,false,false,
9624,微观,wēiguān,1,微观,weiguan,形,7,7-9,{},false,false,false,
9625,危及,wēijí,1,危及,weiji,动,7,7-9,{},false,false,false,
9626,危急,wēijí,1,危急,weiji,形,7,7-9,{},false,false,false,
9627,威力,wēilì,1,威力,weili,名,7,7-9,{},false,false,false,
9628,微妙,wēimiào,1,微妙,weimiao,形,7,7-9,{},false,false,false,
9629,微弱,wēiruò,1,微弱,weiruo,形,7,7-9,{},false,false,false,
9630,威慑,wēishè,1,威慑,weishe,动,7,7-9,{},false,false,false,
9631,微生物,wēishēngwù,1,微生物,weishengwu,名,7,7-9,{},false,false,false,
9632,威望,wēiwàng,1,威望,weiwang,名,7,7-9,{},false,false,false,
9633,微微,wēiwēi,1,微微,weiwei,形、副,7,7-9,{},false,false,false,
9634,威信,wēixìn,1,威信,weixin,名,7,7-9,{},false,false,false,
9635,微型,wēixíng,1,微型,weixing,形,7,7-9,{},false,false,false,
9636,唯,wéi,1,唯,wei,副,7,7-9,{},false,false,false,
9637,违背,wéibèi,1,违背,weibei,动,7,7-9,{},false,false,false,
9638,唯独,wéidú,1,唯独,weidu,副,7,7-9,{},false,false,false,
9639,围观,wéiguān,1,围观,weiguan,动,7,7-9,{},false,false,false,
9640,围墙,wéiqiáng,1,围墙,weiqiang,名,7,7-9,{},false,false,false,
9641,维权,wéiquán,1,维权,weiquan,动,7,7-9,{},false,false,false,
9642,为人,wéirén,1,为人,weiren,动、名,7,7-9,{},false,false,false,
9643,唯有,wéiyǒu,1,唯有,weiyou,连、副,7,7-9,{},false,false,false,
9644,违约,wéiyuē,1,违约,weiyue,动,7,7-9,{},false,false,false,
9645,违章,wéizhāng,1,违章,weizhang,动,7,7-9,{},false,false,false,
9646,纬度,wěidù,1,纬度,weidu,名,7,7-9,{},false,false,false,
9647,尾气,wěiqì,1,尾气,weiqi,名,7,7-9,{},false,false,false,
9648,尾声,wěishēng,1,尾声,weisheng,名,7,7-9,{},false,false,false,
9649,萎缩,wěisuō,1,萎缩,weisuo,动,7,7-9,{},false,false,false,
9650,委婉,wěiwǎn,1,委婉,weiwan,形,7,7-9,{},false,false,false,
9651,委员,wěiyuán,1,委员,weiyuan,名,7,7-9,{},false,false,false,
9652,委员会,wěiyuánhuì,1,委员会,weiyuanhui,名,7,7-9,{},false,false,false,
9653,伪造,wěizào,1,伪造,weizao,动,7,7-9,{},false,false,false,
9654,伪装,wěizhuāng,1,伪装,weizhuang,动、名,7,7-9,{},false,false,false,
9655,味精,wèijīng,1,味精,weijing,名,7,7-9,{},false,false,false,
9656,畏惧,wèijù,1,畏惧,weiju,动,7,7-9,{},false,false,false,
9657,蔚蓝,wèilán,1,蔚蓝,weilan,形,7,7-9,{},false,false,false,
9658,慰劳,wèiláo,1,慰劳,weilao,动,7,7-9,{},false,false,false,
9659,未免,wèimiǎn,1,未免,weimian,副,7,7-9,{},false,false,false,
9660,卫视,wèishì,1,卫视,weishi,名,7,7-9,{},false,false,false,
9661,畏缩,wèisuō,1,畏缩,weisuo,动,7,7-9,{},false,false,false,
9662,慰问,wèiwèn,1,慰问,weiwen,动,7,7-9,{},false,false,false,
9663,卫星,wèixīng,1,卫星,weixing,名、形,7,7-9,{},false,false,false,
9664,喂养,wèiyǎng,1,喂养,weiyang,动,7,7-9,{},false,false,false,
9665,未知数,wèizhīshù,1,未知数,weizhishu,名,7,7-9,{},false,false,false,
9666,位子,wèizi,1,位子,weizi,名,7,7-9,{},false,false,false,
9667,温差,wēnchà,1,温差,wencha,名,7,7-9,{},false,false,false,
9668,温带,wēndài,1,温带,wendai,名,7,7-9,{},false,false,false,
9669,温度计,wēndùjì,1,温度计,wenduji,名,7,7-9,{},false,false,false,
9670,温泉,wēnquán,1,温泉,wenquan,名,7,7-9,{},false,false,false,
9671,温室,wēnshì,1,温室,wenshi,名,7,7-9,{},false,false,false,
9672,温习,wēnxí,1,温习,wenxi,动,7,7-9,{},false,false,false,
9673,温馨,wēnxīn,1,温馨,wenxin,形,7,7-9,{},false,false,false,
9674,瘟疫,wēnyì,1,瘟疫,wenyi,名,7,7-9,{},false,false,false,
9675,文,wén,1,文,wen,名,7,7-9,{},false,false,false,
9676,文盲,wénmáng,1,文盲,wenmang,名,7,7-9,{},false,false,false,
9677,文凭,wénpíng,1,文凭,wenping,名,7,7-9,{},false,false,false,
9678,文人,wénrén,1,文人,wenren,名,7,7-9,{},false,false,false,
9679,文雅,wényǎ,1,文雅,wenya,形,7,7-9,{},false,false,false,
9680,蚊帐,wénzhàng,1,蚊帐,wenzhang,名,7,7-9,{},false,false,false,
9681,蚊子,wénzi,1,蚊子,wenzi,名,7,7-9,{},false,false,false,
9682,吻,wěn,1,吻,wen,动、名,7,7-9,{},false,false,false,
9683,稳,wěn,1,稳,wen,形、动,7,7-9,{},false,false,false,
9684,稳固,wěngù,1,稳固,wengu,形、动,7,7-9,{},false,false,false,
9685,吻合,wěnhé,1,吻合,wenhe,形,7,7-9,{},false,false,false,
9686,稳健,wěnjiàn,1,稳健,wenjian,形,7,7-9,{},false,false,false,
9687,紊乱,wěnluàn,1,紊乱,wenluan,形,7,7-9,{},false,false,false,
9688,稳妥,wěntuǒ,1,稳妥,wentuo,形,7,7-9,{},false,false,false,
9689,稳重,wěnzhòng,1,稳重,wenzhong,形,7,7-9,{},false,false,false,
9690,问候,wènhòu,1,问候,wenhou,动,7,7-9,{},false,false,false,
9691,问世,wènshì,1,问世,wenshi,动,7,7-9,{},false,false,false,
9692,窝,wō,1,窝,wo,名、动、量,7,7-9,{},false,false,false,
9693,卧,wò,1,卧,wo,动,7,7-9,{},false,false,false,
9694,卧铺,wòpù,1,卧铺,wopu,名,7,7-9,{},false,false,false,
9695,污秽,wūhuì,1,污秽,wuhui,形、名,7,7-9,{},false,false,false,
9696,污蔑,wūmiè,1,污蔑,wumie,动,7,7-9,{},false,false,false,
9697,诬陷,wūxiàn,1,诬陷,wuxian,动,7,7-9,{},false,false,false,
9698,屋檐,wūyán,1,屋檐,wuyan,名,7,7-9,{},false,false,false,
9699,呜咽,wūyè,1,呜咽,wuye,动,7,7-9,{},false,false,false,
9700,乌云,wūyún,1,乌云,wuyun,名,7,7-9,{},false,false,false,
9701,无比,wúbǐ,1,无比,wubi,动,7,7-9,{},false,false,false,
9702,无边无际,wúbiān-wújì,1,无边无际,wubianwuji,,7,7-9,{},false,false,true,
9703,无不,wúbù,1,无不,wubu,副,7,7-9,{},false,false,false,
9704,无偿,wúcháng,1,无偿,wuchang,形,7,7-9,{},false,false,false,
9705,无耻,wúchǐ,1,无耻,wuchi,形,7,7-9,{},false,false,false,
9706,无从,wúcóng,1,无从,wucong,副,7,7-9,{},false,false,false,
9707,无敌,wúdí,1,无敌,wudi,动,7,7-9,{},false,false,false,
9708,无动于衷,wúdòngyúzhōng,1,无动于衷,wudongyuzhong,,7,7-9,{},false,false,true,
9709,无非,wúfēi,1,无非,wufei,副,7,7-9,{},false,false,false,
9710,无故,wúgù,1,无故,wugu,副,7,7-9,{},false,false,false,
9711,无辜,wúgū,1,无辜,wugu,形、名,7,7-9,{},false,false,false,
9712,无关紧要,wúguān-jǐnyào,1,无关紧要,wuguanjinyao,,7,7-9,{},false,false,true,
9713,无话可说,wúhuà-kěshuō,1,无话可说,wuhuakeshuo,,7,7-9,{},false,false,true,
9714,无家可归,wújiā-kěguī,1,无家可归,wujiakegui,,7,7-9,{},false,false,true,
9715,无价之宝,wújiàzhībǎo,1,无价之宝,wujiazhibao,,7,7-9,{},false,false,true,
9716,无精打采,wújīng-dǎcǎi,1,无精打采,wujingdacai,,7,7-9,{},false,false,true,
9717,无济于事,wújìyúshì,1,无济于事,wujiyushi,,7,7-9,{},false,false,true,
9718,无可厚非,wúkěhòufēi,1,无可厚非,wukehoufei,,7,7-9,{},false,false,true,
9719,无可奈何,wúkěnàihé,1,无可奈何,wukenaihe,,7,7-9,{},false,false,true,
9720,无赖,wúlài,1,无赖,wulai,形、名,7,7-9,{},false,false,false,
9721,无力,wúlì,1,无力,wuli,动,7,7-9,{},false,false,false,
9722,无理,wúlǐ,1,无理,wuli,动,7,7-9,{},false,false,false,
9723,无论如何,wúlùn-rúhé,1,无论如何,wulunruhe,,7,7-9,{},false,false,true,
9724,无能,wúnéng,1,无能,wuneng,形,7,7-9,{},false,false,false,
9725,无能为力,wúnéngwéilì,1,无能为力,wunengweili,,7,7-9,{},false,false,true,
9726,无情,wúqíng,1,无情,wuqing,形,7,7-9,{},false,false,false,
9727,无穷,wúqióng,1,无穷,wuqiong,动,7,7-9,{},false,false,false,
9728,无私,wúsī,1,无私,wusi,形,7,7-9,{},false,false,false,
9729,无所事事,wúsuǒshìshì,1,无所事事,wusuoshishi,,7,7-9,{},false,false,true,
9730,无所作为,wúsuǒzuòwéi,1,无所作为,wusuozuowei,,7,7-9,{},false,false,true,
9731,无条件,wútiáojiàn,1,无条件,wutiaojian,动,7,7-9,{},false,false,false,
9732,无微不至,wúwēi-búzhì,1,无微不至,wuweibuzhi,,7,7-9,{},false,false,true,
9733,无线,wúxiàn,1,无线,wuxian,形,7,7-9,{},false,false,false,
9734,无形,wúxíng,1,无形,wuxing,形、副,7,7-9,{},false,false,false,
9735,无须,wúxū,1,无须,wuxu,副,7,7-9,{},false,false,false,
9736,无意,wúyì,1,无意,wuyi,动、副,7,7-9,{},false,false,false,
9737,无忧无虑,wúyōu-wúlǜ,1,无忧无虑,wuyouwulu,,7,7-9,{},false,false,true,
9738,无缘,wúyuán,1,无缘,wuyuan,动、副,7,7-9,{},false,false,false,
9739,无知,wúzhī,1,无知,wuzhi,形,7,7-9,{},false,false,false,
9740,捂,wǔ,1,捂,wu,动,7,7-9,{},false,false,false,
9741,舞,wǔ,1,舞,wu,名、动,7,7-9,{},false,false,false,
9742,五官,wǔguān,1,五官,wuguan,名,7,7-9,{},false,false,false,
9743,五花八门,wǔhuā-bāmén,1,五花八门,wuhuabamen,,7,7-9,{},false,false,true,
9744,五湖四海,wǔhú-sìhǎi,1,五湖四海,wuhusihai,,7,7-9,{},false,false,true,
9745,武力,wǔlì,1,武力,wuli,名,7,7-9,{},false,false,false,
9746,侮辱,wǔrǔ,1,侮辱,wuru,动,7,7-9,{},false,false,false,
9747,武侠,wǔxiá,1,武侠,wuxia,名,7,7-9,{},false,false,false,
9748,武装,wǔzhuāng,1,武装,wuzhuang,名、动,7,7-9,{},false,false,false,
9749,勿,wù,1,勿,wu,副,7,7-9,{},false,false,false,
9750,务必,wùbì,1,务必,wubi,副,7,7-9,{},false,false,false,
9751,误差,wùchā,1,误差,wucha,名,7,7-9,{},false,false,false,
9752,误导,wùdǎo,1,误导,wudao,动,7,7-9,{},false,false,false,
9753,务工,wùgōng,1,务工,wugong,动,7,7-9,{},false,false,false,
9754,物力,wùlì,1,物力,wuli,名,7,7-9,{},false,false,false,
9755,物流,wùliú,1,物流,wuliu,名,7,7-9,{},false,false,false,
9756,物美价廉,wùměi-jiàlián,1,物美价廉,wumeijialian,,7,7-9,{},false,false,true,
9757,误区,wùqū,1,误区,wuqu,名,7,7-9,{},false,false,false,
9758,物色,wùsè,1,物色,wuse,动,7,7-9,{},false,false,false,
9759,务实,wùshí,1,务实,wushi,动、形,7,7-9,{},false,false,false,
9760,物证,wùzhèng,1,物证,wuzheng,名,7,7-9,{},false,false,false,
9761,物种,wùzhǒng,1,物种,wuzhong,名,7,7-9,{},false,false,false,
9762,物资,wùzī,1,物资,wuzi,名,7,7-9,{},false,false,false,
9763,稀,xī,1,稀,xi,形,7,7-9,{},false,false,false,
9764,溪,xī,1,溪,xi,名,7,7-9,{},false,false,false,
9765,吸毒,xīdú,1,吸毒,xidu,动,7,7-9,{},false,false,false,
9766,膝盖,xīgài,1,膝盖,xigai,名,7,7-9,{},false,false,false,
9767,稀罕,xīhan,1,稀罕,xihan,形、动,7,7-9,{},false,false,false,
9768,熄火,xīhuǒ,1,熄火,xihuo,动,7,7-9,{},false,false,false,
9769,犀利,xīlì,1,犀利,xili,形,7,7-9,{},false,false,false,
9770,奚落,xīluò,1,奚落,xiluo,动,7,7-9,{},false,false,false,
9771,熄灭,xīmiè,1,熄灭,ximie,动,7,7-9,{},false,false,false,
9772,吸纳,xīnà,1,吸纳,xina,动,7,7-9,{},false,false,false,
9773,稀奇,xīqí,1,稀奇,xiqi,形,7,7-9,{},false,false,false,
9774,昔日,xīrì,1,昔日,xiri,名,7,7-9,{},false,false,false,
9775,稀少,xīshǎo,1,稀少,xishao,形,7,7-9,{},false,false,false,
9776,牺牲,xīshēng,1,牺牲,xisheng,动,7,7-9,{},false,false,false,
9777,嬉笑,xīxiào,1,嬉笑,xixiao,动,7,7-9,{},false,false,false,
9778,熙熙攘攘,xīxī-rǎngrǎng,1,熙熙攘攘,xixirangrang,形,7,7-9,{},false,false,false,
9779,息息相关,xīxī-xiāngguān,1,息息相关,xixixiangguan,,7,7-9,{},false,false,true,
9780,夕阳,xīyáng,1,夕阳,xiyang,名、形,7,7-9,{},false,false,false,
9781,稀有,xīyǒu,1,稀有,xiyou,形,7,7-9,{},false,false,false,
9782,锡纸,xīzhǐ,1,锡纸,xizhi,名,7,7-9,{},false,false,false,
9783,席,xí,1,席,xi,名、量,7,7-9,{},false,false,false,
9784,袭击,xíjī,1,袭击,xiji,动,7,7-9,{},false,false,false,
9785,席位,xíwèi,1,席位,xiwei,名,7,7-9,{},false,false,false,
9786,喜出望外,xǐchūwàngwài,1,喜出望外,xichuwangwai,,7,7-9,{},false,false,true,
9787,洗涤,xǐdí,1,洗涤,xidi,动,7,7-9,{},false,false,false,
9788,喜好,xǐhào,1,喜好,xihao,动,7,7-9,{},false,false,false,
9789,喜酒,xǐjiǔ,1,喜酒,xijiu,名,7,7-9,{},false,false,false,
9790,洗礼,xǐlǐ,1,洗礼,xili,名,7,7-9,{},false,false,false,
9791,喜怒哀乐,xǐ-nù-āi-lè,1,喜怒哀乐,xinuaile,,7,7-9,{},false,false,true,
9792,喜庆,xǐqìng,1,喜庆,xiqing,形、名,7,7-9,{},false,false,false,
9793,喜糖,xǐtáng,1,喜糖,xitang,名,7,7-9,{},false,false,false,
9794,喜闻乐见,xǐwén-lèjiàn,1,喜闻乐见,xiwenlejian,,7,7-9,{},false,false,true,
9795,喜洋洋,xǐyángyáng,1,喜洋洋,xiyangyang,形,7,7-9,{},false,false,false,
9796,喜悦,xǐyuè,1,喜悦,xiyue,形,7,7-9,{},false,false,false,
9797,细腻,xìnì,1,细腻,xini,形,7,7-9,{},false,false,false,
9798,细微,xìwēi,1,细微,xiwei,形,7,7-9,{},false,false,false,
9799,虾,xiā,1,虾,xia,名,7,7-9,{},false,false,false,
9800,瞎,xiā,1,瞎,xia,动、副,7,7-9,{},false,false,false,
9801,狭隘,xiá’ài,1,狭隘,xiaai,形,7,7-9,{},false,false,false,
9802,瑕疵,xiácī,1,瑕疵,xiaci,名,7,7-9,{},false,false,false,
9803,峡谷,xiágǔ,1,峡谷,xiagu,名,7,7-9,{},false,false,false,
9804,辖区,xiáqū,1,辖区,xiaqu,名,7,7-9,{},false,false,false,
9805,狭小,xiáxiǎo,1,狭小,xiaxiao,形,7,7-9,{},false,false,false,
9806,狭义,xiáyì,1,狭义,xiayi,名,7,7-9,{},false,false,false,
9807,狭窄,xiázhǎi,1,狭窄,xiazhai,形,7,7-9,{},false,false,false,
9808,下半场,xiàbànchǎng,1,下半场,xiabanchang,名,7,7-9,{},false,false,false,
9809,下场,xiàchǎng,1,下场,xiachang,名,7,7-9,{},false,false,false,
9810,下达,xiàdá,1,下达,xiada,动,7,7-9,{},false,false,false,
9811,下跌,xiàdiē,1,下跌,xiadie,动,7,7-9,{},false,false,false,
9812,吓唬,xiàhu,1,吓唬,xiahu,动,7,7-9,{},false,false,false,
9813,下滑,xiàhuá,1,下滑,xiahua,动,7,7-9,{},false,false,false,
9814,下级,xiàjí,1,下级,xiaji,名,7,7-9,{},false,false,false,
9815,下令,xiàlìng,1,下令,xialing,动,7,7-9,{},false,false,false,
9816,下落,xiàluò,1,下落,xialuo,名、动,7,7-9,{},false,false,false,
9817,吓人,xiàrén,1,吓人,xiaren,形,7,7-9,{},false,false,false,
9818,下手,xiàshǒu,1,下手,xiashou,动,7,7-9,{},false,false,false,
9819,下属,xiàshǔ,1,下属,xiashu,名,7,7-9,{},false,false,false,
9820,下台,xiàtái,1,下台,xiatai,动,7,7-9,{},false,false,false,
9821,下调,xiàtiáo,1,下调,xiatiao,动,7,7-9,{},false,false,false,
9822,下行,xiàxíng,1,下行,xiaxing,动,7,7-9,{},false,false,false,
9823,下意识,xiàyìshí,1,下意识,xiayishi,名、副,7,7-9,{},false,false,false,
9824,下游,xiàyóu,1,下游,xiayou,名,7,7-9,{},false,false,false,
9825,下坠,xiàzhuì,1,下坠,xiazhui,动,7,7-9,{},false,false,false,
9826,掀,xiān,1,掀,xian,动,7,7-9,{},false,false,false,
9827,先锋,xiānfēng,1,先锋,xianfeng,名,7,7-9,{},false,false,false,
9828,仙鹤,xiānhè,1,仙鹤,xianhe,名,7,7-9,{},false,false,false,
9829,鲜活,xiānhuó,1,鲜活,xianhuo,形,7,7-9,{},false,false,false,
9830,先例,xiānlì,1,先例,xianli,名,7,7-9,{},false,false,false,
9831,鲜美,xiānměi,1,鲜美,xianmei,形,7,7-9,{},false,false,false,
9832,仙女,xiānnǚ,1,仙女,xiannu,名,7,7-9,{},false,false,false,
9833,掀起,xiānqǐ,1,掀起,xianqi,动,7,7-9,{},false,false,false,
9834,先天,xiāntiān,1,先天,xiantian,名,7,7-9,{},false,false,false,
9835,纤维,xiānwéi,1,纤维,xianwei,名,7,7-9,{},false,false,false,
9836,鲜血,xiānxuè,1,鲜血,xianxue,名,7,7-9,{},false,false,false,
9837,弦,xián,1,弦,xian,名,7,7-9,{},false,false,false,
9838,闲话,xiánhuà,1,闲话,xianhua,名、动,7,7-9,{},false,false,false,
9839,衔接,xiánjiē,1,衔接,xianjie,动,7,7-9,{},false,false,false,
9840,嫌弃,xiánqì,1,嫌弃,xianqi,动,7,7-9,{},false,false,false,
9841,嫌疑,xiányí,1,嫌疑,xianyi,名,7,7-9,{},false,false,false,
9842,闲置,xiánzhì,1,闲置,xianzhi,动,7,7-9,{},false,false,false,
9843,显而易见,xiǎn’éryìjiàn,1,显而易见,xianeryijian,,7,7-9,{},false,false,true,
9844,显赫,xiǎnhè,1,显赫,xianhe,形,7,7-9,{},false,false,false,
9845,显露,xiǎnlù,1,显露,xianlu,动,7,7-9,{},false,false,false,
9846,显示器,xiǎnshìqì,1,显示器,xianshiqi,名,7,7-9,{},false,false,false,
9847,显微镜,xiǎnwēijìng,1,显微镜,xianweijing,名,7,7-9,{},false,false,false,
9848,鲜为人知,xiǎnwéirénzhī,1,鲜为人知,xianweirenzhi,,7,7-9,{},false,false,true,
9849,显现,xiǎnxiàn,1,显现,xianxian,动,7,7-9,{},false,false,false,
9850,显性,xiǎnxìng,1,显性,xianxing,形,7,7-9,{},false,false,false,
9851,显眼,xiǎnyǎn,1,显眼,xianyan,形,7,7-9,{},false,false,false,
9852,陷,xiàn,1,陷,xian,动,7,7-9,{},false,false,false,
9853,馅,xiàn,1,馅,xian,名,7,7-9,{},false,false,false,
9854,献,xiàn,1,献,xian,动,7,7-9,{},false,false,false,
9855,现成,xiànchéng,1,现成,xiancheng,形,7,7-9,{},false,false,false,
9856,限定,xiàndìng,1,限定,xianding,动,7,7-9,{},false,false,false,
9857,宪法,xiànfǎ,1,宪法,xianfa,名,7,7-9,{},false,false,false,
9858,陷害,xiànhài,1,陷害,xianhai,动,7,7-9,{},false,false,false,
9859,陷阱,xiànjǐng,1,陷阱,xianjing,名,7,7-9,{},false,false,false,
9860,现任,xiànrèn,1,现任,xianren,动、形,7,7-9,{},false,false,false,
9861,线条,xiàntiáo,1,线条,xiantiao,名,7,7-9,{},false,false,false,
9862,现行,xiànxíng,1,现行,xianxing,形,7,7-9,{},false,false,false,
9863,镶,xiāng,1,镶,xiang,动,7,7-9,{},false,false,false,
9864,相伴,xiāngbàn,1,相伴,xiangban,动,7,7-9,{},false,false,false,
9865,相辅相成,xiāngfǔ-xiāngchéng,1,相辅相成,xiangfuxiangcheng,,7,7-9,{},false,false,true,
9866,相继,xiāngjì,1,相继,xiangji,副,7,7-9,{},false,false,false,
9867,相近,xiāngjìn,1,相近,xiangjin,形,7,7-9,{},false,false,false,
9868,香料,xiāngliào,1,香料,xiangliao,名,7,7-9,{},false,false,false,
9869,镶嵌,xiāngqiàn,1,镶嵌,xiangqian,动,7,7-9,{},false,false,false,
9870,乡亲,xiāngqīn,1,乡亲,xiangqin,名,7,7-9,{},false,false,false,
9871,相识,xiāngshí,1,相识,xiangshi,动、名,7,7-9,{},false,false,false,
9872,相提并论,xiāngtí-bìnglùn,1,相提并论,xiangtibinglun,,7,7-9,{},false,false,true,
9873,相通,xiāngtōng,1,相通,xiangtong,动,7,7-9,{},false,false,false,
9874,乡下,xiāngxia,1,乡下,xiangxia,名,7,7-9,{},false,false,false,
9875,香油,xiāngyóu,1,香油,xiangyou,名,7,7-9,{},false,false,false,
9876,相遇,xiāngyù,1,相遇,xiangyu,动,7,7-9,{},false,false,false,
9877,相约,xiāngyuē,1,相约,xiangyue,动,7,7-9,{},false,false,false,
9878,祥和,xiánghé,1,祥和,xianghe,形,7,7-9,{},false,false,false,
9879,详尽,xiángjìn,1,详尽,xiangjin,形,7,7-9,{},false,false,false,
9880,享,xiǎng,1,享,xiang,动,7,7-9,{},false,false,false,
9881,想方设法,xiǎngfāng-shèfǎ,1,想方设法,xiangfangshefa,,7,7-9,{},false,false,true,
9882,响亮,xiǎngliàng,1,响亮,xiangliang,形,7,7-9,{},false,false,false,
9883,响应,xiǎngyìng,1,响应,xiangying,动,7,7-9,{},false,false,false,
9884,享用,xiǎngyòng,1,享用,xiangyong,动,7,7-9,{},false,false,false,
9885,享有,xiǎngyǒu,1,享有,xiangyou,动,7,7-9,{},false,false,false,
9886,巷,xiàng,1,巷,xiang,名,7,7-9,{},false,false,false,
9887,向导,xiàngdǎo,1,向导,xiangdao,名,7,7-9,{},false,false,false,
9888,橡胶,xiàngjiāo,1,橡胶,xiangjiao,名,7,7-9,{},false,false,false,
9889,向来,xiànglái,1,向来,xianglai,副,7,7-9,{},false,false,false,
9890,相貌,xiàngmào,1,相貌,xiangmao,名,7,7-9,{},false,false,false,
9891,像样,xiàngyàng,1,像样,xiangyang,形,7,7-9,{},false,false,false,
9892,消,xiāo,1,消,xiao,动,7,7-9,{},false,false,false,
9893,销,xiāo,1,销,xiao,动,7,7-9,{},false,false,false,
9894,削,xiāo,1,削,xiao,动,7,7-9,{},false,false,false,
9895,消沉,xiāochén,1,消沉,xiaochen,形,7,7-9,{},false,false,false,
9896,销毁,xiāohuǐ,1,销毁,xiaohui,动,7,7-9,{},false,false,false,
9897,消磨,xiāomó,1,消磨,xiaomo,动,7,7-9,{},false,false,false,
9898,消遣,xiāoqiǎn,1,消遣,xiaoqian,动,7,7-9,{},false,false,false,
9899,潇洒,xiāosǎ,1,潇洒,xiaosa,形,7,7-9,{},false,false,false,
9900,萧条,xiāotiáo,1,萧条,xiaotiao,形,7,7-9,{},false,false,false,
9901,嚣张,xiāozhāng,1,嚣张,xiaozhang,形,7,7-9,{},false,false,false,
9902,小菜一碟,xiǎocài-yìdié,1,小菜一碟,xiaocaiyidie,,7,7-9,{},false,false,true,
9903,小丑,xiǎochǒu,1,小丑,xiaochou,名,7,7-9,{},false,false,false,
9904,小费,xiǎofèi,1,小费,xiaofei,名,7,7-9,{},false,false,false,
9905,小看,xiǎokàn,1,小看,xiaokan,动,7,7-9,{},false,false,false,
9906,小康,xiǎokāng,1,小康,xiaokang,形,7,7-9,{},false,false,false,
9907,小品,xiǎopǐn,1,小品,xiaopin,名,7,7-9,{},false,false,false,
9908,小人,xiǎorén,1,小人,xiaoren,名,7,7-9,{},false,false,false,
9909,小提琴,xiǎotíqín,1,小提琴,xiaotiqin,名,7,7-9,{},false,false,false,
9910,小心翼翼,xiǎoxīn-yìyì,1,小心翼翼,xiaoxinyiyi,,7,7-9,{},false,false,true,
9911,效仿,xiàofǎng,1,效仿,xiaofang,动,7,7-9,{},false,false,false,
9912,孝敬,xiàojìng,1,孝敬,xiaojing,动,7,7-9,{},false,false,false,
9913,效力,xiàolì,1,效力,xiaoli,动、名,7,7-9,{},false,false,false,
9914,孝顺,xiàoshùn,1,孝顺,xiaoshun,动,7,7-9,{},false,false,false,
9915,肖像,xiàoxiàng,1,肖像,xiaoxiang,名,7,7-9,{},false,false,false,
9916,效益,xiàoyì,1,效益,xiaoyi,名,7,7-9,{},false,false,false,
9917,邪,xié,1,邪,xie,形,7,7-9,{},false,false,false,
9918,挟持,xiéchí,1,挟持,xiechi,动,7,7-9,{},false,false,false,
9919,协定,xiédìng,1,协定,xieding,名、动,7,7-9,{},false,false,false,
9920,邪恶,xié’è,1,邪恶,xiee,形,7,7-9,{},false,false,false,
9921,协商,xiéshāng,1,协商,xieshang,动,7,7-9,{},false,false,false,
9922,携手,xiéshǒu,1,携手,xieshou,动,7,7-9,{},false,false,false,
9923,协同,xiétóng,1,协同,xietong,动,7,7-9,{},false,false,false,
9924,协作,xiézuò,1,协作,xiezuo,动,7,7-9,{},false,false,false,
9925,写照,xiězhào,1,写照,xiezhao,动、名,7,7-9,{},false,false,false,
9926,泄,xiè,1,泄,xie,动,7,7-9,{},false,false,false,
9927,泻,xiè,1,泻,xie,动,7,7-9,{},false,false,false,
9928,卸,xiè,1,卸,xie,动,7,7-9,{},false,false,false,
9929,谢绝,xièjué,1,谢绝,xiejue,动,7,7-9,{},false,false,false,
9930,泄漏,xièlòu,1,泄漏,xielou,动,7,7-9,{},false,false,false,
9931,泄露,xièlòu,1,泄露,xielou,动,7,7-9,{},false,false,false,
9932,泄密,xièmì,1,泄密,xiemi,动,7,7-9,{},false,false,false,
9933,泄气,xièqì,1,泄气,xieqi,动、形,7,7-9,{},false,false,false,
9934,卸任,xièrèn,1,卸任,xieren,动,7,7-9,{},false,false,false,
9935,卸载,xièzài,1,卸载,xiezai,动,7,7-9,{},false,false,false,
9936,心安理得,xīn’ān-lǐdé,1,心安理得,xinanlide,,7,7-9,{},false,false,true,
9937,心病,xīnbìng,1,心病,xinbing,名,7,7-9,{},false,false,false,
9938,心肠,xīncháng,1,心肠,xinchang,名,7,7-9,{},false,false,false,
9939,新潮,xīncháo,1,新潮,xinchao,名、形,7,7-9,{},false,false,false,
9940,新陈代谢,xīnchén-dàixiè,1,新陈代谢,xinchendaixie,,7,7-9,{},false,false,true,
9941,薪酬,xīnchóu,1,薪酬,xinchou,名,7,7-9,{},false,false,false,
9942,新春,xīnchūn,1,新春,xinchun,名,7,7-9,{},false,false,false,
9943,心得,xīndé,1,心得,xinde,名,7,7-9,{},false,false,false,
9944,心甘情愿,xīngān-qíngyuàn,1,心甘情愿,xinganqingyuan,,7,7-9,{},false,false,true,
9945,心慌,xīnhuāng,1,心慌,xinhuang,形,7,7-9,{},false,false,false,
9946,心急如焚,xīnjí-rúfén,1,心急如焚,xinjirufen,,7,7-9,{},false,false,true,
9947,心灵手巧,xīnlíng-shǒuqiǎo,1,心灵手巧,xinlingshouqiao,,7,7-9,{},false,false,true,
9948,芯片,xīnpiàn,1,芯片,xinpian,名,7,7-9,{},false,false,false,
9949,新奇,xīnqí,1,新奇,xinqi,形,7,7-9,{},false,false,false,
9950,辛勤,xīnqín,1,辛勤,xinqin,形,7,7-9,{},false,false,false,
9951,心声,xīnshēng,1,心声,xinsheng,名,7,7-9,{},false,false,false,
9952,新生,xīnshēng,1,新生,xinsheng,形、名,7,7-9,{},false,false,false,
9953,心事,xīnshì,1,心事,xinshi,名,7,7-9,{},false,false,false,
9954,新式,xīnshì,1,新式,xinshi,形,7,7-9,{},false,false,false,
9955,新手,xīnshǒu,1,新手,xinshou,名,7,7-9,{},false,false,false,
9956,心思,xīnsi,1,心思,xinsi,名,7,7-9,{},false,false,false,
9957,心酸,xīnsuān,1,心酸,xinsuan,形,7,7-9,{},false,false,false,
9958,辛酸,xīnsuān,1,辛酸,xinsuan,形,7,7-9,{},false,false,false,
9959,欣慰,xīnwèi,1,欣慰,xinwei,形,7,7-9,{},false,false,false,
9960,欣喜,xīnxǐ,1,欣喜,xinxi,形,7,7-9,{},false,false,false,
9961,心想事成,xīnxiǎng-shìchéng,1,心想事成,xinxiangshicheng,,7,7-9,{},false,false,true,
9962,欣欣向荣,xīnxīn-xiàngróng,1,欣欣向荣,xinxinxiangrong,,7,7-9,{},false,false,true,
9963,心胸,xīnxiōng,1,心胸,xinxiong,名,7,7-9,{},false,false,false,
9964,心血,xīnxuè,1,心血,xinxue,名,7,7-9,{},false,false,false,
9965,心眼儿,xīnyǎnr,1,心眼儿,xinyanr,名,7,7-9,{},false,false,false,
9966,心意,xīnyì,1,心意,xinyi,名,7,7-9,{},false,false,false,
9967,信贷,xìndài,1,信贷,xindai,名,7,7-9,{},false,false,false,
9968,信件,xìnjiàn,1,信件,xinjian,名,7,7-9,{},false,false,false,
9969,信仰,xìnyǎng,1,信仰,xinyang,动、名,7,7-9,{},false,false,false,
9970,信誉,xìnyù,1,信誉,xinyu,名,7,7-9,{},false,false,false,
9971,腥,xīng,1,腥,xing,形,7,7-9,{},false,false,false,
9972,兴奋剂,xīngfènjì,1,兴奋剂,xingfenji,名,7,7-9,{},false,false,false,
9973,星级,xīngjí,1,星级,xingji,名、形,7,7-9,{},false,false,false,
9974,兴建,xīngjiàn,1,兴建,xingjian,动,7,7-9,{},false,false,false,
9975,兴隆,xīnglóng,1,兴隆,xinglong,形,7,7-9,{},false,false,false,
9976,星球,xīngqiú,1,星球,xingqiu,名,7,7-9,{},false,false,false,
9977,兴盛,xīngshèng,1,兴盛,xingsheng,形,7,7-9,{},false,false,false,
9978,兴旺,xīngwàng,1,兴旺,xingwang,形,7,7-9,{},false,false,false,
9979,星系,xīngxì,1,星系,xingxi,名,7,7-9,{},false,false,false,
9980,猩猩,xīngxing,1,猩猩,xingxing,名,7,7-9,{},false,false,false,
9981,星座,xīngzuò,1,星座,xingzuo,名,7,7-9,{},false,false,false,
9982,刑法,xíngfǎ,1,刑法,xingfa,名,7,7-9,{},false,false,false,
9983,刑事,xíngshì,1,刑事,xingshi,形,7,7-9,{},false,false,false,
9984,行使,xíngshǐ,1,行使,xingshi,动,7,7-9,{},false,false,false,
9985,行星,xíngxīng,1,行星,xingxing,名,7,7-9,{},false,false,false,
9986,形形色色,xíngxíngsèsè,1,形形色色,xingxingsese,形,7,7-9,{},false,false,false,
9987,形影不离,xíngyǐng-bùlí,1,形影不离,xingyingbuli,,7,7-9,{},false,false,true,
9988,行政,xíngzhèng,1,行政,xingzheng,动、名,7,7-9,{},false,false,false,
9989,醒目,xǐngmù,1,醒目,xingmu,形,7,7-9,{},false,false,false,
9990,醒悟,xǐngwù,1,醒悟,xingwu,动,7,7-9,{},false,false,false,
9991,幸存,xìngcún,1,幸存,xingcun,动,7,7-9,{},false,false,false,
9992,性感,xìnggǎn,1,性感,xinggan,形,7,7-9,{},false,false,false,
9993,兴高采烈,xìnggāo-cǎiliè,1,兴高采烈,xinggaocailie,,7,7-9,{},false,false,true,
9994,幸好,xìnghǎo,1,幸好,xinghao,副,7,7-9,{},false,false,false,
9995,幸亏,xìngkuī,1,幸亏,xingkui,副,7,7-9,{},false,false,false,
9996,幸免,xìngmiǎn,1,幸免,xingmian,动,7,7-9,{},false,false,false,
9997,性命,xìngmìng,1,性命,xingming,名,7,7-9,{},false,false,false,
9998,性情,xìngqíng,1,性情,xingqing,名,7,7-9,{},false,false,false,
9999,姓氏,xìngshì,1,姓氏,xingshi,名,7,7-9,{},false,false,false,
10000,兴致,xìngzhì,1,兴致,xingzhi,名,7,7-9,{},false,false,false,
10001,凶,xiōng,1,凶,xiong,形,7,7-9,{},false,false,false,
10002,凶残,xiōngcán,1,凶残,xiongcan,形,7,7-9,{},false,false,false,
10003,凶恶,xiōng’è,1,凶恶,xionge,形,7,7-9,{},false,false,false,
10004,凶狠,xiōnghěn,1,凶狠,xionghen,形,7,7-9,{},false,false,false,
10005,胸怀,xiōnghuái,1,胸怀,xionghuai,动、名,7,7-9,{},false,false,false,
10006,凶猛,xiōngměng,1,凶猛,xiongmeng,形,7,7-9,{},false,false,false,
10007,凶手,xiōngshǒu,1,凶手,xiongshou,名,7,7-9,{},false,false,false,
10008,胸膛,xiōngtáng,1,胸膛,xiongtang,名,7,7-9,{},false,false,false,
10009,汹涌,xiōngyǒng,1,汹涌,xiongyong,动,7,7-9,{},false,false,false,
10010,胸有成竹,xiōngyǒuchéngzhú,1,胸有成竹,xiongyouchengzhu,,7,7-9,{},false,false,true,
10011,雄厚,xiónghòu,1,雄厚,xionghou,形,7,7-9,{},false,false,false,
10012,雄伟,xióngwěi,1,雄伟,xiongwei,形,7,7-9,{},false,false,false,
10013,雄性,xióngxìng,1,雄性,xiongxing,名,7,7-9,{},false,false,false,
10014,修补,xiūbǔ,1,修补,xiubu,动,7,7-9,{},false,false,false,
10015,修长,xiūcháng,1,修长,xiuchang,形,7,7-9,{},false,false,false,
10016,羞耻,xiūchǐ,1,羞耻,xiuchi,形,7,7-9,{},false,false,false,
10017,休克,xiūkè,1,休克,xiuke,名、动,7,7-9,{},false,false,false,
10018,羞愧,xiūkuì,1,羞愧,xiukui,形,7,7-9,{},false,false,false,
10019,休眠,xiūmián,1,休眠,xiumian,动,7,7-9,{},false,false,false,
10020,休想,xiūxiǎng,1,休想,xiuxiang,动,7,7-9,{},false,false,false,
10021,休养,xiūyǎng,1,休养,xiuyang,动,7,7-9,{},false,false,false,
10022,修养,xiūyǎng,1,修养,xiuyang,名,7,7-9,{},false,false,false,
10023,修正,xiūzhèng,1,修正,xiuzheng,动,7,7-9,{},false,false,false,
10024,绣,xiù,1,绣,xiu,动,7,7-9,{},false,false,false,
10025,锈,xiù,1,锈,xiu,名、动,7,7-9,{},false,false,false,
10026,嗅,xiù,1,嗅,xiu,动,7,7-9,{},false,false,false,
10027,嗅觉,xiùjué,1,嗅觉,xiujue,名,7,7-9,{},false,false,false,
10028,秀丽,xiùlì,1,秀丽,xiuli,形,7,7-9,{},false,false,false,
10029,秀美,xiùměi,1,秀美,xiumei,形,7,7-9,{},false,false,false,
10030,袖手旁观,xiùshǒu-pángguān,1,袖手旁观,xiushoupangguan,,7,7-9,{},false,false,true,
10031,袖珍,xiùzhēn,1,袖珍,xiuzhen,形,7,7-9,{},false,false,false,
10032,须,xū,1,须,xu,动,7,7-9,{},false,false,false,
10033,虚,xū,1,虚,xu,形、副,7,7-9,{},false,false,false,
10034,虚构,xūgòu,1,虚构,xugou,动,7,7-9,{},false,false,false,
10035,虚幻,xūhuàn,1,虚幻,xuhuan,形,7,7-9,{},false,false,false,
10036,虚假,xūjiǎ,1,虚假,xujia,形,7,7-9,{},false,false,false,
10037,虚拟,xūnǐ,1,虚拟,xuni,动、形,7,7-9,{},false,false,false,
10038,虚荣,xūróng,1,虚荣,xurong,名、形,7,7-9,{},false,false,false,
10039,虚弱,xūruò,1,虚弱,xuruo,形,7,7-9,{},false,false,false,
10040,虚伪,xūwěi,1,虚伪,xuwei,形,7,7-9,{},false,false,false,
10041,须知,xūzhī,1,须知,xuzhi,名、动,7,7-9,{},false,false,false,
10042,徐徐,xúxú,1,徐徐,xuxu,形,7,7-9,{},false,false,false,
10043,许,xǔ,1,许,xu,动、副,7,7-9,{},false,false,false,
10044,许愿,xǔyuàn,1,许愿,xuyuan,动,7,7-9,{},false,false,false,
10045,序,xù,1,序,xu,名,7,7-9,{},false,false,false,
10046,续,xù,1,续,xu,动,7,7-9,{},false,false,false,
10047,絮叨,xùdao,1,絮叨,xudao,形、动,7,7-9,{},false,false,false,
10048,续航,xùháng,1,续航,xuhang,动,7,7-9,{},false,false,false,
10049,酗酒,xùjiǔ,1,酗酒,xujiu,动,7,7-9,{},false,false,false,
10050,序列,xùliè,1,序列,xulie,名,7,7-9,{},false,false,false,
10051,畜牧,xùmù,1,畜牧,xumu,名,7,7-9,{},false,false,false,
10052,序幕,xùmù,1,序幕,xumu,名,7,7-9,{},false,false,false,
10053,旭日,xùrì,1,旭日,xuri,名,7,7-9,{},false,false,false,
10054,序言,xùyán,1,序言,xuyan,名,7,7-9,{},false,false,false,
10055,宣称,xuānchēng,1,宣称,xuancheng,动,7,7-9,{},false,false,false,
10056,宣读,xuāndú,1,宣读,xuandu,动,7,7-9,{},false,false,false,
10057,宣告,xuāngào,1,宣告,xuangao,动,7,7-9,{},false,false,false,
10058,喧哗,xuānhuá,1,喧哗,xuanhua,形、动,7,7-9,{},false,false,false,
10059,喧闹,xuānnào,1,喧闹,xuannao,形、动,7,7-9,{},false,false,false,
10060,宣誓,xuānshì,1,宣誓,xuanshi,动,7,7-9,{},false,false,false,
10061,宣泄,xuānxiè,1,宣泄,xuanxie,动,7,7-9,{},false,false,false,
10062,宣言,xuānyán,1,宣言,xuanyan,名、动,7,7-9,{},false,false,false,
10063,宣扬,xuānyáng,1,宣扬,xuanyang,动,7,7-9,{},false,false,false,
10064,玄,xuán,1,玄,xuan,形,7,7-9,{},false,false,false,
10065,悬,xuán,1,悬,xuan,动,7,7-9,{},false,false,false,
10066,悬挂,xuánguà,1,悬挂,xuangua,动,7,7-9,{},false,false,false,
10067,玄机,xuánjī,1,玄机,xuanji,名,7,7-9,{},false,false,false,
10068,旋律,xuánlǜ,1,旋律,xuanlu,名,7,7-9,{},false,false,false,
10069,悬念,xuánniàn,1,悬念,xuannian,名,7,7-9,{},false,false,false,
10070,悬殊,xuánshū,1,悬殊,xuanshu,形,7,7-9,{},false,false,false,
10071,旋涡,xuánwō,1,旋涡,xuanwo,名,7,7-9,{},false,false,false,
10072,悬崖,xuányá,1,悬崖,xuanya,名,7,7-9,{},false,false,false,
10073,选举,xuǎnjǔ,1,选举,xuanju,动,7,7-9,{},false,false,false,
10074,选民,xuǎnmín,1,选民,xuanmin,名,7,7-9,{},false,false,false,
10075,选项,xuǎnxiàng,1,选项,xuanxiang,名,7,7-9,{},false,false,false,
10076,选用,xuǎnyòng,1,选用,xuanyong,动,7,7-9,{},false,false,false,
10077,炫耀,xuànyào,1,炫耀,xuanyao,动,7,7-9,{},false,false,false,
10078,削减,xuējiǎn,1,削减,xuejian,动,7,7-9,{},false,false,false,
10079,削弱,xuēruò,1,削弱,xueruo,动,7,7-9,{},false,false,false,
10080,靴子,xuēzi,1,靴子,xuezi,名,7,7-9,{},false,false,false,
10081,学识,xuéshí,1,学识,xueshi,名,7,7-9,{},false,false,false,
10082,学士,xuéshì,1,学士,xueshi,名,7,7-9,{},false,false,false,
10083,学说,xuéshuō,1,学说,xueshuo,名,7,7-9,{},false,false,false,
10084,穴位,xuéwèi,1,穴位,xuewei,名,7,7-9,{},false,false,false,
10085,学业,xuéyè,1,学业,xueye,名,7,7-9,{},false,false,false,
10086,学子,xuézǐ,1,学子,xuezi,名,7,7-9,{},false,false,false,
10087,雪山,xuěshān,1,雪山,xueshan,名,7,7-9,{},false,false,false,
10088,雪上加霜,xuěshàng-jiāshuāng,1,雪上加霜,xueshangjiashuang,,7,7-9,{},false,false,true,
10089,血脉,xuèmài,1,血脉,xuemai,名,7,7-9,{},false,false,false,
10090,血缘,xuèyuán,1,血缘,xueyuan,名,7,7-9,{},false,false,false,
10091,熏,xūn,1,熏,xun,动,7,7-9,{},false,false,false,
10092,熏陶,xūntáo,1,熏陶,xuntao,动,7,7-9,{},false,false,false,
10093,勋章,xūnzhāng,1,勋章,xunzhang,名,7,7-9,{},false,false,false,
10094,旬,xún,1,旬,xun,量,7,7-9,{},false,false,false,
10095,寻,xún,1,寻,xun,动,7,7-9,{},false,false,false,
10096,寻常,xúncháng,1,寻常,xunchang,形,7,7-9,{},false,false,false,
10097,巡回,xúnhuí,1,巡回,xunhui,动,7,7-9,{},false,false,false,
10098,巡逻,xúnluó,1,巡逻,xunluo,动,7,7-9,{},false,false,false,
10099,寻觅,xúnmì,1,寻觅,xunmi,动,7,7-9,{},false,false,false,
10100,巡视,xúnshì,1,巡视,xunshi,动,7,7-9,{},false,false,false,
10101,循序渐进,xúnxù-jiànjìn,1,循序渐进,xunxujianjin,,7,7-9,{},false,false,true,
10102,训,xùn,1,训,xun,动,7,7-9,{},false,false,false,
10103,驯,xùn,1,驯,xun,动,7,7-9,{},false,false,false,
10104,迅猛,xùnměng,1,迅猛,xunmeng,形,7,7-9,{},false,false,false,
10105,逊色,xùnsè,1,逊色,xunse,名、形,7,7-9,{},false,false,false,
10106,押,yā,1,押,ya,动,7,7-9,{},false,false,false,
10107,压倒,yādǎo,1,压倒,yadao,动,7,7-9,{},false,false,false,
10108,压迫,yāpò,1,压迫,yapo,动,7,7-9,{},false,false,false,
10109,鸦雀无声,yāquè-wúshēng,1,鸦雀无声,yaquewusheng,,7,7-9,{},false,false,true,
10110,丫头,yātou,1,丫头,yatou,名,7,7-9,{},false,false,false,
10111,压抑,yāyì,1,压抑,yayi,动,7,7-9,{},false,false,false,
10112,压榨,yāzhà,1,压榨,yazha,动,7,7-9,{},false,false,false,
10113,压制,yāzhì,1,压制,yazhi,动,7,7-9,{},false,false,false,
10114,压轴,yāzhòu,1,压轴,yazhou,动、名,7,7-9,{},false,false,false,
10115,芽,yá,1,芽,ya,名,7,7-9,{},false,false,false,
10116,哑,yǎ,1,哑,ya,形,7,7-9,{},false,false,false,
10117,揠苗助长,yàmiáo-zhùzhǎng,1,揠苗助长,yamiaozhuzhang,,7,7-9,{},false,false,true,
10118,烟囱,yāncōng,1,烟囱,yancong,名,7,7-9,{},false,false,false,
10119,咽喉,yānhóu,1,咽喉,yanhou,名,7,7-9,{},false,false,false,
10120,烟花,yānhuā,1,烟花,yanhua,名,7,7-9,{},false,false,false,
10121,烟火,yānhuǒ,1,烟火,yanhuo,名,7,7-9,{},false,false,false,
10122,延,yán,1,延,yan,动,7,7-9,{},false,false,false,
10123,沿岸,yán’àn,1,沿岸,yanan,名,7,7-9,{},false,false,false,
10124,言辞,yáncí,1,言辞,yanci,名,7,7-9,{},false,false,false,
10125,延缓,yánhuǎn,1,延缓,yanhuan,动,7,7-9,{},false,false,false,
10126,严谨,yánjǐn,1,严谨,yanjin,形,7,7-9,{},false,false,false,
10127,严峻,yánjùn,1,严峻,yanjun,形,7,7-9,{},false,false,false,
10128,言论,yánlùn,1,言论,yanlun,名,7,7-9,{},false,false,false,
10129,严密,yánmì,1,严密,yanmi,形,7,7-9,{},false,false,false,
10130,岩石,yánshí,1,岩石,yanshi,名,7,7-9,{},false,false,false,
10131,沿途,yántú,1,沿途,yantu,名、副,7,7-9,{},false,false,false,
10132,阎王,Yánwang,1,阎王,yanwang,名,7,7-9,{},false,false,false,
10133,延误,yánwù,1,延误,yanwu,动,7,7-9,{},false,false,false,
10134,沿线,yánxiàn,1,沿线,yanxian,名,7,7-9,{},false,false,false,
10135,言行,yánxíng,1,言行,yanxing,名,7,7-9,{},false,false,false,
10136,沿用,yányòng,1,沿用,yanyong,动,7,7-9,{},false,false,false,
10137,演变,yǎnbiàn,1,演变,yanbian,动,7,7-9,{},false,false,false,
10138,掩耳盗铃,yǎn’ěr-dàolíng,1,掩耳盗铃,yanerdaoling,,7,7-9,{},false,false,true,
10139,掩盖,yǎngài,1,掩盖,yangai,动,7,7-9,{},false,false,false,
10140,眼红,yǎnhóng,1,眼红,yanhong,形,7,7-9,{},false,false,false,
10141,掩护,yǎnhù,1,掩护,yanhu,动、名,7,7-9,{},false,false,false,
10142,演化,yǎnhuà,1,演化,yanhua,动,7,7-9,{},false,false,false,
10143,演技,yǎnjì,1,演技,yanji,名,7,7-9,{},false,false,false,
10144,眼界,yǎnjiè,1,眼界,yanjie,名,7,7-9,{},false,false,false,
10145,演练,yǎnliàn,1,演练,yanlian,动,7,7-9,{},false,false,false,
10146,眼色,yǎnsè,1,眼色,yanse,名,7,7-9,{},false,false,false,
10147,眼神,yǎnshén,1,眼神,yanshen,名,7,7-9,{},false,false,false,
10148,衍生,yǎnshēng,1,衍生,yansheng,动,7,7-9,{},false,false,false,
10149,掩饰,yǎnshì,1,掩饰,yanshi,动,7,7-9,{},false,false,false,
10150,演示,yǎnshì,1,演示,yanshi,动,7,7-9,{},false,false,false,
10151,演说,yǎnshuō,1,演说,yanshuo,动、名,7,7-9,{},false,false,false,
10152,演习,yǎnxí,1,演习,yanxi,动,7,7-9,{},false,false,false,
10153,眼下,yǎnxià,1,眼下,yanxia,名,7,7-9,{},false,false,false,
10154,演绎,yǎnyì,1,演绎,yanyi,动,7,7-9,{},false,false,false,
10155,咽,yàn,1,咽,yan,动,7,7-9,{},false,false,false,
10156,验,yàn,1,验,yan,动,7,7-9,{},false,false,false,
10157,厌烦,yànfán,1,厌烦,yanfan,动,7,7-9,{},false,false,false,
10158,厌倦,yànjuàn,1,厌倦,yanjuan,动,7,7-9,{},false,false,false,
10159,艳丽,yànlì,1,艳丽,yanli,形,7,7-9,{},false,false,false,
10160,验收,yànshōu,1,验收,yanshou,动,7,7-9,{},false,false,false,
10161,厌恶,yànwù,1,厌恶,yanwu,动,7,7-9,{},false,false,false,
10162,燕子,yànzi,1,燕子,yanzi,名,7,7-9,{},false,false,false,
10163,秧歌,yāngge,1,秧歌,yangge,名,7,7-9,{},false,false,false,
10164,扬,yáng,1,扬,yang,动,7,7-9,{},false,false,false,
10165,阳历,yánglì,1,阳历,yangli,名,7,7-9,{},false,false,false,
10166,杨树,yángshù,1,杨树,yangshu,名,7,7-9,{},false,false,false,
10167,阳性,yángxìng,1,阳性,yangxing,名,7,7-9,{},false,false,false,
10168,洋溢,yángyì,1,洋溢,yangyi,动,7,7-9,{},false,false,false,
10169,养活,yǎnghuo,1,养活,yanghuo,动,7,7-9,{},false,false,false,
10170,养生,yǎngshēng,1,养生,yangsheng,动,7,7-9,{},false,false,false,
10171,仰望,yǎngwàng,1,仰望,yangwang,动,7,7-9,{},false,false,false,
10172,养育,yǎngyù,1,养育,yangyu,动,7,7-9,{},false,false,false,
10173,养殖,yǎngzhí,1,养殖,yangzhi,动,7,7-9,{},false,false,false,
10174,样本,yàngběn,1,样本,yangben,名,7,7-9,{},false,false,false,
10175,样品,yàngpǐn,1,样品,yangpin,名,7,7-9,{},false,false,false,
10176,邀,yāo,1,邀,yao,动,7,7-9,{},false,false,false,
10177,妖怪,yāoguài,1,妖怪,yaoguai,名,7,7-9,{},false,false,false,
10178,窑,yáo,1,窑,yao,名,7,7-9,{},false,false,false,
10179,摇摆,yáobǎi,1,摇摆,yaobai,动,7,7-9,{},false,false,false,
10180,摇晃,yáohuàng,1,摇晃,yaohuang,动,7,7-9,{},false,false,false,
10181,遥控,yáokòng,1,遥控,yaokong,动,7,7-9,{},false,false,false,
10182,摇篮,yáolán,1,摇篮,yaolan,名,7,7-9,{},false,false,false,
10183,谣言,yáoyán,1,谣言,yaoyan,名,7,7-9,{},false,false,false,
10184,摇摇欲坠,yáoyáo-yùzhuì,1,摇摇欲坠,yaoyaoyuzhui,,7,7-9,{},false,false,true,
10185,药材,yàocái,1,药材,yaocai,名,7,7-9,{},false,false,false,
10186,药方,yàofāng,1,药方,yaofang,名,7,7-9,{},false,false,false,
10187,要害,yàohài,1,要害,yaohai,名,7,7-9,{},false,false,false,
10188,要好,yàohǎo,1,要好,yaohao,形,7,7-9,{},false,false,false,
10189,要紧,yàojǐn,1,要紧,yaojin,形,7,7-9,{},false,false,false,
10190,要领,yàolǐng,1,要领,yaoling,名,7,7-9,{},false,false,false,
10191,要命,yàomìng,1,要命,yaoming,动,7,7-9,{},false,false,false,
10192,要强,yàoqiáng,1,要强,yaoqiang,形,7,7-9,{},false,false,false,
10193,耀眼,yàoyǎn,1,耀眼,yaoyan,形,7,7-9,{},false,false,false,
10194,椰子,yēzi,1,椰子,yezi,名,7,7-9,{},false,false,false,
10195,野餐,yěcān,1,野餐,yecan,动、名,7,7-9,{},false,false,false,
10196,野蛮,yěmán,1,野蛮,yeman,形,7,7-9,{},false,false,false,
10197,野兽,yěshòu,1,野兽,yeshou,名,7,7-9,{},false,false,false,
10198,野心,yěxīn,1,野心,yexin,名,7,7-9,{},false,false,false,
10199,夜班,yèbān,1,夜班,yeban,名,7,7-9,{},false,false,false,
10200,业绩,yèjì,1,业绩,yeji,名,7,7-9,{},false,false,false,
10201,液晶,yèjīng,1,液晶,yejing,名,7,7-9,{},false,false,false,
10202,夜校,yèxiào,1,夜校,yexiao,名,7,7-9,{},false,false,false,
10203,夜宵,yèxiāo,1,夜宵,yexiao,名,7,7-9,{},false,false,false,
10204,夜以继日,yèyǐjìrì,1,夜以继日,yeyijiri,,7,7-9,{},false,false,true,
10205,依,yī,1,依,yi,动、介,7,7-9,{},false,false,false,
10206,依次,yīcì,1,依次,yici,副,7,7-9,{},false,false,false,
10207,依法,yīfǎ,1,依法,yifa,副,7,7-9,{},false,false,false,
10208,依附,yīfù,1,依附,yifu,动,7,7-9,{},false,false,false,
10209,衣裳,yīshang,1,衣裳,yishang,名,7,7-9,{},false,false,false,
10210,依托,yītuō,1,依托,yituo,动,7,7-9,{},false,false,false,
10211,医务,yīwù,1,医务,yiwu,名,7,7-9,{},false,false,false,
10212,一线,yīxiàn,1,一线,yixian,名,7,7-9,{},false,false,false,
10213,依依不舍,yīyī-bùshě,1,依依不舍,yiyibushe,,7,7-9,{},false,false,true,
10214,依照,yīzhào,1,依照,yizhao,动、介,7,7-9,{},false,false,false,
10215,仪表,yíbiǎo,1,仪表,yibiao,名,7,7-9,{},false,false,false,
10216,一并,yíbìng,1,一并,yibing,副,7,7-9,{},false,false,false,
10217,疑点,yídiǎn,1,疑点,yidian,名,7,7-9,{},false,false,false,
10218,一动不动,yídòng-búdòng,1,一动不动,yidongbudong,,7,7-9,{},false,false,true,
10219,一度,yídù,1,一度,yidu,数量、副,7,7-9,{},false,false,false,
10220,一概,yígài,1,一概,yigai,副,7,7-9,{},false,false,false,
10221,一概而论,yígài’érlùn,1,一概而论,yigaierlun,,7,7-9,{},false,false,true,
10222,一晃,yíhuàng,1,一晃,yihuang,动,7,7-9,{},false,false,false,
10223,移交,yíjiāo,1,移交,yijiao,动,7,7-9,{},false,false,false,
10224,一技之长,yíjìzhīcháng,1,一技之长,yijizhichang,,7,7-9,{},false,false,true,
10225,宜居,yíjū,1,宜居,yiju,形,7,7-9,{},false,false,false,
10226,遗留,yíliú,1,遗留,yiliu,动,7,7-9,{},false,false,false,
10227,遗漏,yílòu,1,遗漏,yilou,动,7,7-9,{},false,false,false,
10228,疑虑,yílǜ,1,疑虑,yilu,动、名,7,7-9,{},false,false,false,
10229,一面,yímiàn,1,一面,yimian,名、副,7,7-9,{},false,false,false,
10230,一目了然,yímù-liǎorán,1,一目了然,yimuliaoran,,7,7-9,{},false,false,true,
10231,遗弃,yíqì,1,遗弃,yiqi,动,7,7-9,{},false,false,false,
10232,怡然自得,yírán-zìdé,1,怡然自得,yiranzide,,7,7-9,{},false,false,true,
10233,宜人,yírén,1,宜人,yiren,形,7,7-9,{},false,false,false,
10234,遗失,yíshī,1,遗失,yishi,动,7,7-9,{},false,false,false,
10235,一事无成,yíshì-wúchéng,1,一事无成,yishiwucheng,,7,7-9,{},false,false,true,
10236,遗体,yítǐ,1,遗体,yiti,名,7,7-9,{},false,false,false,
10237,遗忘,yíwàng,1,遗忘,yiwang,动,7,7-9,{},false,false,false,
10238,一味,yíwèi,1,一味,yiwei,副,7,7-9,{},false,false,false,
10239,遗物,yíwù,1,遗物,yiwu,名,7,7-9,{},false,false,false,
10240,移植,yízhí,1,移植,yizhi,动,7,7-9,{},false,false,false,
10241,遗嘱,yízhǔ,1,遗嘱,yizhu,名,7,7-9,{},false,false,false,
10242,矣,yǐ,1,矣,yi,助,7,7-9,{},false,false,false,
10243,倚,yǐ,1,倚,yi,动,7,7-9,{},false,false,false,
10244,以身作则,yǐshēn-zuòzé,1,以身作则,yishenzuoze,,7,7-9,{},false,false,true,
10245,以致,yǐzhì,1,以致,yizhi,连,7,7-9,{},false,false,false,
10246,以至于,yǐzhìyú,1,以至于,yizhiyu,连,7,7-9,{},false,false,false,
10247,议,yì,1,议,yi,动,7,7-9,{},false,false,false,
10248,亦,yì,1,亦,yi,副,7,7-9,{},false,false,false,
10249,译,yì,1,译,yi,动,7,7-9,{},false,false,false,
10250,溢,yì,1,溢,yi,动,7,7-9,{},false,false,false,
10251,议程,yìchéng,1,议程,yicheng,名,7,7-9,{},false,false,false,
10252,一成不变,yìchéng-búbiàn,1,一成不变,yichengbubian,,7,7-9,{},false,false,true,
10253,一筹莫展,yìchóu-mòzhǎn,1,一筹莫展,yichoumozhan,,7,7-9,{},false,false,true,
10254,一干二净,yìgān-èrjìng,1,一干二净,yiganerjing,,7,7-9,{},false,false,true,
10255,义工,yìgōng,1,义工,yigong,名,7,7-9,{},false,false,false,
10256,一鼓作气,yìgǔ-zuòqì,1,一鼓作气,yiguzuoqi,,7,7-9,{},false,false,true,
10257,一经,yìjīng,1,一经,yijing,副,7,7-9,{},false,false,false,
10258,一举,yìjǔ,1,一举,yiju,名、副,7,7-9,{},false,false,false,
10259,一举两得,yìjǔ-liǎngdé,1,一举两得,yijuliangde,,7,7-9,{},false,false,true,
10260,一举一动,yìjǔ-yídòng,1,一举一动,yijuyidong,,7,7-9,{},false,false,true,
10261,异口同声,yìkǒu-tóngshēng,1,异口同声,yikoutongsheng,,7,7-9,{},false,false,true,
10262,易拉罐,yìlāguàn,1,易拉罐,yilaguan,名,7,7-9,{},false,false,false,
10263,一揽子,yìlǎnzi,1,一揽子,yilanzi,形,7,7-9,{},false,false,false,
10264,屹立,yìlì,1,屹立,yili,动,7,7-9,{},false,false,false,
10265,毅力,yìlì,1,毅力,yili,名,7,7-9,{},false,false,false,
10266,一连,yìlián,1,一连,yilian,副,7,7-9,{},false,false,false,
10267,一连串,yìliánchuàn,1,一连串,yilianchuan,形,7,7-9,{},false,false,false,
10268,意料,yìliào,1,意料,yiliao,动,7,7-9,{},false,false,false,
10269,一毛不拔,yìmáo-bùbá,1,一毛不拔,yimaobuba,,7,7-9,{},false,false,true,
10270,疫苗,yìmiáo,1,疫苗,yimiao,名,7,7-9,{},false,false,false,
10271,一旁,yìpáng,1,一旁,yipang,名,7,7-9,{},false,false,false,
10272,一齐,yìqí,1,一齐,yiqi,副,7,7-9,{},false,false,false,
10273,毅然,yìrán,1,毅然,yiran,副,7,7-9,{},false,false,false,
10274,一如既往,yìrú-jìwǎng,1,一如既往,yirujiwang,,7,7-9,{},false,false,true,
10275,一声不吭,yìshēng-bùkēng,1,一声不吭,yishengbukeng,,7,7-9,{},false,false,true,
10276,一手,yìshǒu,1,一手,yishou,名、副,7,7-9,{},false,false,false,
10277,一丝不苟,yìsī-bùgǒu,1,一丝不苟,yisibugou,,7,7-9,{},false,false,true,
10278,一塌糊涂,yìtāhútú,1,一塌糊涂,yitahutu,,7,7-9,{},false,false,true,
10279,议题,yìtí,1,议题,yiti,名,7,7-9,{},false,false,false,
10280,一体,yìtǐ,1,一体,yiti,名,7,7-9,{},false,false,false,
10281,一头,yìtóu,1,一头,yitou,名、副,7,7-9,{},false,false,false,
10282,意图,yìtú,1,意图,yitu,动、名,7,7-9,{},false,false,false,
10283,亿万,yìwàn,1,亿万,yiwan,数,7,7-9,{},false,false,false,
10284,意味,yìwèi,1,意味,yiwei,名,7,7-9,{},false,false,false,
10285,一无所有,yìwúsuǒyǒu,1,一无所有,yiwusuoyou,,7,7-9,{},false,false,true,
10286,一无所知,yìwúsuǒzhī,1,一无所知,yiwusuozhi,,7,7-9,{},false,false,true,
10287,意向,yìxiàng,1,意向,yixiang,名,7,7-9,{},false,false,false,
10288,意想不到,yìxiǎng-búdào,1,意想不到,yixiangbudao,,7,7-9,{},false,false,true,
10289,异想天开,yìxiǎng-tiānkāi,1,异想天开,yixiangtiankai,,7,7-9,{},false,false,true,
10290,一心,yìxīn,1,一心,yixin,副、形,7,7-9,{},false,false,false,
10291,一行,yìxíng,1,一行,yixing,名,7,7-9,{},false,false,false,
10292,异性,yìxìng,1,异性,yixing,形、名,7,7-9,{},false,false,false,
10293,一心一意,yìxīn-yíyì,1,一心一意,yixinyiyi,,7,7-9,{},false,false,true,
10294,一言不发,yìyán-bùfā,1,一言不发,yiyanbufa,,7,7-9,{},false,false,true,
10295,抑扬顿挫,yìyáng-dùncuò,1,抑扬顿挫,yiyangduncuo,,7,7-9,{},false,false,true,
10296,一言一行,yìyán-yìxíng,1,一言一行,yiyanyixing,,7,7-9,{},false,false,true,
10297,异议,yìyì,1,异议,yiyi,名,7,7-9,{},false,false,false,
10298,一应俱全,yìyīng-jùquán,1,一应俱全,yiyingjuquan,,7,7-9,{},false,false,true,
10299,抑郁,yìyù,1,抑郁,yiyu,形,7,7-9,{},false,false,false,
10300,意愿,yìyuàn,1,意愿,yiyuan,名,7,7-9,{},false,false,false,
10301,抑郁症,yìyùzhèng,1,抑郁症,yiyuzheng,名,7,7-9,{},false,false,false,
10302,一早,yìzǎo,1,一早,yizao,名,7,7-9,{},false,false,false,
10303,一针见血,yìzhēn-jiànxiě,1,一针见血,yizhenjianxie,,7,7-9,{},false,false,true,
10304,意志,yìzhì,1,意志,yizhi,名,7,7-9,{},false,false,false,
10305,阴暗,yīn’àn,1,阴暗,yinan,形,7,7-9,{},false,false,false,
10306,因地制宜,yīndì-zhìyí,1,因地制宜,yindizhiyi,,7,7-9,{},false,false,true,
10307,阴历,yīnlì,1,阴历,yinli,名,7,7-9,{},false,false,false,
10308,阴谋,yīnmóu,1,阴谋,yinmou,动、名,7,7-9,{},false,false,false,
10309,殷勤,yīnqín,1,殷勤,yinqin,形,7,7-9,{},false,false,false,
10310,因人而异,yīnrén’éryì,1,因人而异,yinreneryi,,7,7-9,{},false,false,true,
10311,音响,yīnxiǎng,1,音响,yinxiang,名,7,7-9,{},false,false,false,
10312,阴性,yīnxìng,1,阴性,yinxing,名,7,7-9,{},false,false,false,
10313,阴影,yīnyǐng,1,阴影,yinying,名,7,7-9,{},false,false,false,
10314,银幕,yínmù,1,银幕,yinmu,名,7,7-9,{},false,false,false,
10315,瘾,yǐn,1,瘾,yin,名,7,7-9,{},false,false,false,
10316,隐蔽,yǐnbì,1,隐蔽,yinbi,动、形,7,7-9,{},false,false,false,
10317,隐含,yǐnhán,1,隐含,yinhan,动,7,7-9,{},false,false,false,
10318,隐患,yǐnhuàn,1,隐患,yinhuan,名,7,7-9,{},false,false,false,
10319,引荐,yǐnjiàn,1,引荐,yinjian,动,7,7-9,{},false,false,false,
10320,引经据典,yǐnjīng-jùdiǎn,1,引经据典,yinjingjudian,,7,7-9,{},false,false,true,
10321,引领,yǐnlǐng,1,引领,yinling,动,7,7-9,{},false,false,false,
10322,隐瞒,yǐnmán,1,隐瞒,yinman,动,7,7-9,{},false,false,false,
10323,引擎,yǐnqíng,1,引擎,yinqing,名,7,7-9,{},false,false,false,
10324,隐情,yǐnqíng,1,隐情,yinqing,名,7,7-9,{},false,false,false,
10325,引人入胜,yǐnrén-rùshèng,1,引人入胜,yinrenrusheng,,7,7-9,{},false,false,true,
10326,引人注目,yǐnrén-zhùmù,1,引人注目,yinrenzhumu,,7,7-9,{},false,false,true,
10327,隐形,yǐnxíng,1,隐形,yinxing,形,7,7-9,{},false,false,false,
10328,隐性,yǐnxìng,1,隐性,yinxing,形,7,7-9,{},false,false,false,
10329,引用,yǐnyòng,1,引用,yinyong,动,7,7-9,{},false,false,false,
10330,引诱,yǐnyòu,1,引诱,yinyou,动,7,7-9,{},false,false,false,
10331,隐约,yǐnyuē,1,隐约,yinyue,形,7,7-9,{},false,false,false,
10332,印章,yìnzhāng,1,印章,yinzhang,名,7,7-9,{},false,false,false,
10333,印证,yìnzhèng,1,印证,yinzheng,动、名,7,7-9,{},false,false,false,
10334,鹰,yīng,1,鹰,ying,名,7,7-9,{},false,false,false,
10335,英俊,yīngjùn,1,英俊,yingjun,形,7,7-9,{},false,false,false,
10336,英明,yīngmíng,1,英明,yingming,形,7,7-9,{},false,false,false,
10337,英勇,yīngyǒng,1,英勇,yingyong,形,7,7-9,{},false,false,false,
10338,应有尽有,yīngyǒu-jìnyǒu,1,应有尽有,yingyoujinyou,,7,7-9,{},false,false,true,
10339,荧光,yíngguāng,1,荧光,yingguang,名,7,7-9,{},false,false,false,
10340,迎合,yínghé,1,迎合,yinghe,动,7,7-9,{},false,false,false,
10341,赢家,yíngjiā,1,赢家,yingjia,名,7,7-9,{},false,false,false,
10342,营救,yíngjiù,1,营救,yingjiu,动,7,7-9,{},false,false,false,
10343,盈利,yínglì,1,盈利,yingli,名,7,7-9,{},false,false,false,
10344,营利,yínglì,1,营利,yingli,动,7,7-9,{},false,false,false,
10345,迎面,yíngmiàn,1,迎面,yingmian,副,7,7-9,{},false,false,false,
10346,营销,yíngxiāo,1,营销,yingxiao,动,7,7-9,{},false,false,false,
10347,营造,yíngzào,1,营造,yingzao,动,7,7-9,{},false,false,false,
10348,影像,yǐngxiàng,1,影像,yingxiang,名,7,7-9,{},false,false,false,
10349,应,yìng,1,应,ying,动,7,7-9,{},false,false,false,
10350,硬币,yìngbì,1,硬币,yingbi,名,7,7-9,{},false,false,false,
10351,应酬,yìngchou,1,应酬,yingchou,动、名,7,7-9,{},false,false,false,
10352,应付,yìngfu,1,应付,yingfu,动,7,7-9,{},false,false,false,
10353,应急,yìngjí,1,应急,yingji,动,7,7-9,{},false,false,false,
10354,硬朗,yìnglang,1,硬朗,yinglang,形,7,7-9,{},false,false,false,
10355,硬盘,yìngpán,1,硬盘,yingpan,名,7,7-9,{},false,false,false,
10356,应邀,yìngyāo,1,应邀,yingyao,动,7,7-9,{},false,false,false,
10357,拥护,yōnghù,1,拥护,yonghu,动,7,7-9,{},false,false,false,
10358,庸俗,yōngsú,1,庸俗,yongsu,形,7,7-9,{},false,false,false,
10359,涌,yǒng,1,涌,yong,动,7,7-9,{},false,false,false,
10360,永恒,yǒnghéng,1,永恒,yongheng,形,7,7-9,{},false,false,false,
10361,永久,yǒngjiǔ,1,永久,yongjiu,形,7,7-9,{},false,false,false,
10362,勇往直前,yǒngwǎng-zhíqián,1,勇往直前,yongwangzhiqian,,7,7-9,{},false,false,true,
10363,踊跃,yǒngyuè,1,踊跃,yongyue,动、形,7,7-9,{},false,false,false,
10364,用意,yòngyì,1,用意,yongyi,名,7,7-9,{},false,false,false,
10365,忧愁,yōuchóu,1,忧愁,youchou,形,7,7-9,{},false,false,false,
10366,忧虑,yōulǜ,1,忧虑,youlu,动,7,7-9,{},false,false,false,
10367,优胜劣汰,yōushèng-liètài,1,优胜劣汰,youshenglietai,,7,7-9,{},false,false,true,
10368,悠闲,yōuxián,1,悠闲,youxian,形,7,7-9,{},false,false,false,
10369,优雅,yōuyǎ,1,优雅,youya,形,7,7-9,{},false,false,false,
10370,忧郁,yōuyù,1,忧郁,youyu,形,7,7-9,{},false,false,false,
10371,优越,yōuyuè,1,优越,youyue,形,7,7-9,{},false,false,false,
10372,邮编,yóubiān,1,邮编,youbian,名,7,7-9,{},false,false,false,
10373,游船,yóuchuán,1,游船,youchuan,名,7,7-9,{},false,false,false,
10374,油画,yóuhuà,1,油画,youhua,名,7,7-9,{},false,false,false,
10375,油腻,yóunì,1,油腻,youni,形、名,7,7-9,{},false,false,false,
10376,油漆,yóuqī,1,油漆,youqi,名、动,7,7-9,{},false,false,false,
10377,尤为,yóuwéi,1,尤为,youwei,副,7,7-9,{},false,false,false,
10378,游行,yóuxíng,1,游行,youxing,动,7,7-9,{},false,false,false,
10379,犹豫不决,yóuyù-bùjué,1,犹豫不决,youyubujue,,7,7-9,{},false,false,true,
10380,邮政,yóuzhèng,1,邮政,youzheng,名,7,7-9,{},false,false,false,
10381,由衷,yóuzhōng,1,由衷,youzhong,动,7,7-9,{},false,false,false,
10382,有待,yǒudài,1,有待,youdai,动,7,7-9,{},false,false,false,
10383,有的放矢,yǒudì-fàngshǐ,1,有的放矢,youdifangshi,,7,7-9,{},false,false,true,
10384,友人,yǒurén,1,友人,youren,名,7,7-9,{},false,false,false,
10385,友善,yǒushàn,1,友善,youshan,形,7,7-9,{},false,false,false,
10386,有声有色,yǒushēng-yǒusè,1,有声有色,youshengyouse,,7,7-9,{},false,false,true,
10387,有条不紊,yǒutiáo-bùwěn,1,有条不紊,youtiaobuwen,,7,7-9,{},false,false,true,
10388,有望,yǒuwàng,1,有望,youwang,动,7,7-9,{},false,false,false,
10389,有幸,yǒuxìng,1,有幸,youxing,形,7,7-9,{},false,false,false,
10390,有意,yǒuyì,1,有意,youyi,动、副,7,7-9,{},false,false,false,
10391,有朝一日,yǒuzhāo-yírì,1,有朝一日,youzhaoyiri,,7,7-9,{},false,false,true,
10392,诱饵,yòu’ěr,1,诱饵,youer,名,7,7-9,{},false,false,false,
10393,诱发,yòufā,1,诱发,youfa,动,7,7-9,{},false,false,false,
10394,诱惑,yòuhuò,1,诱惑,youhuo,动、名,7,7-9,{},false,false,false,
10395,诱人,yòurén,1,诱人,youren,动、形,7,7-9,{},false,false,false,
10396,幼稚,yòuzhì,1,幼稚,youzhi,形,7,7-9,{},false,false,false,
10397,淤泥,yūní,1,淤泥,yuni,名,7,7-9,{},false,false,false,
10398,余,yú,1,余,yu,动、数,7,7-9,{},false,false,false,
10399,渔船,yúchuán,1,渔船,yuchuan,名,7,7-9,{},false,false,false,
10400,愚蠢,yúchǔn,1,愚蠢,yuchun,形,7,7-9,{},false,false,false,
10401,余地,yúdì,1,余地,yudi,名,7,7-9,{},false,false,false,
10402,愚公移山,yúgōng-yíshān,1,愚公移山,yugongyishan,,7,7-9,{},false,false,true,
10403,舆论,yúlùn,1,舆论,yulun,名,7,7-9,{},false,false,false,
10404,愚昧,yúmèi,1,愚昧,yumei,形,7,7-9,{},false,false,false,
10405,渔民,yúmín,1,渔民,yumin,名,7,7-9,{},false,false,false,
10406,逾期,yúqī,1,逾期,yuqi,动,7,7-9,{},false,false,false,
10407,愉悦,yúyuè,1,愉悦,yuyue,形,7,7-9,{},false,false,false,
10408,与否,yǔ fǒu,1,与否,yufou,,7,7-9,{},false,false,true,
10409,与日俱增,yǔrì-jùzēng,1,与日俱增,yurijuzeng,,7,7-9,{},false,false,true,
10410,与时俱进,yǔshí-jùjìn,1,与时俱进,yushijujin,,7,7-9,{},false,false,true,
10411,予以,yǔyǐ,1,予以,yuyi,动,7,7-9,{},false,false,false,
10412,与众不同,yǔzhòng-bùtóng,1,与众不同,yuzhongbutong,,7,7-9,{},false,false,true,
10413,宇宙,yǔzhòu,1,宇宙,yuzhou,名,7,7-9,{},false,false,false,
10414,玉,yù,1,玉,yu,名,7,7-9,{},false,false,false,
10415,愈,yù,1,愈,yu,副,7,7-9,{},false,false,false,
10416,预备,yùbèi,1,预备,yubei,动,7,7-9,{},false,false,false,
10417,预感,yùgǎn,1,预感,yugan,动、名,7,7-9,{},false,false,false,
10418,预告,yùgào,1,预告,yugao,动、名,7,7-9,{},false,false,false,
10419,愈合,yùhé,1,愈合,yuhe,动,7,7-9,{},false,false,false,
10420,愈加,yùjiā,1,愈加,yujia,副,7,7-9,{},false,false,false,
10421,预见,yùjiàn,1,预见,yujian,动、名,7,7-9,{},false,false,false,
10422,预警,yùjǐng,1,预警,yujing,动,7,7-9,{},false,false,false,
10423,郁闷,yùmèn,1,郁闷,yumen,形,7,7-9,{},false,false,false,
10424,遇难,yùnàn,1,遇难,yunan,动,7,7-9,{},false,false,false,
10425,预赛,yùsài,1,预赛,yusai,动、名,7,7-9,{},false,false,false,
10426,预示,yùshì,1,预示,yushi,动,7,7-9,{},false,false,false,
10427,预售,yùshòu,1,预售,yushou,动,7,7-9,{},false,false,false,
10428,预算,yùsuàn,1,预算,yusuan,名、动,7,7-9,{},false,false,false,
10429,遇险,yùxiǎn,1,遇险,yuxian,动,7,7-9,{},false,false,false,
10430,预先,yùxiān,1,预先,yuxian,副,7,7-9,{},false,false,false,
10431,预言,yùyán,1,预言,yuyan,动、名,7,7-9,{},false,false,false,
10432,寓言,yùyán,1,寓言,yuyan,名,7,7-9,{},false,false,false,
10433,愈演愈烈,yùyǎn-yùliè,1,愈演愈烈,yuyanyulie,,7,7-9,{},false,false,true,
10434,寓意,yùyì,1,寓意,yuyi,名,7,7-9,{},false,false,false,
10435,预兆,yùzhào,1,预兆,yuzhao,名、动,7,7-9,{},false,false,false,
10436,冤,yuān,1,冤,yuan,名、形,7,7-9,{},false,false,false,
10437,冤枉,yuānwang,1,冤枉,yuanwang,形、动,7,7-9,{},false,false,false,
10438,渊源,yuānyuán,1,渊源,yuanyuan,名,7,7-9,{},false,false,false,
10439,原创,yuánchuàng,1,原创,yuanchuang,动,7,7-9,{},false,false,false,
10440,缘分,yuánfèn,1,缘分,yuanfen,名,7,7-9,{},false,false,false,
10441,原告,yuángào,1,原告,yuangao,名,7,7-9,{},false,false,false,
10442,缘故,yuángù,1,缘故,yuangu,名,7,7-9,{},false,false,false,
10443,元老,yuánlǎo,1,元老,yuanlao,名,7,7-9,{},false,false,false,
10444,园区,yuánqū,1,园区,yuanqu,名,7,7-9,{},false,false,false,
10445,源泉,yuánquán,1,源泉,yuanquan,名,7,7-9,{},false,false,false,
10446,元首,yuánshǒu,1,元首,yuanshou,名,7,7-9,{},false,false,false,
10447,源头,yuántóu,1,源头,yuantou,名,7,7-9,{},false,false,false,
10448,原型,yuánxíng,1,原型,yuanxing,名,7,7-9,{},false,false,false,
10449,源源不断,yuányuán-búduàn,1,源源不断,yuanyuanbuduan,,7,7-9,{},false,false,true,
10450,源远流长,yuányuǎn-liúcháng,1,源远流长,yuanyuanliuchang,,7,7-9,{},false,false,true,
10451,原汁原味,yuánzhī-yuánwèi,1,原汁原味,yuanzhiyuanwei,,7,7-9,{},false,false,true,
10452,援助,yuánzhù,1,援助,yuanzhu,动,7,7-9,{},false,false,false,
10453,原装,yuánzhuāng,1,原装,yuanzhuang,形,7,7-9,{},false,false,false,
10454,远见,yuǎnjiàn,1,远见,yuanjian,名,7,7-9,{},false,false,false,
10455,远近闻名,yuǎnjìn-wénmíng,1,远近闻名,yuanjinwenming,,7,7-9,{},false,false,true,
10456,怨,yuàn,1,怨,yuan,动,7,7-9,{},false,false,false,
10457,怨恨,yuànhèn,1,怨恨,yuanhen,动、名,7,7-9,{},false,false,false,
10458,怨气,yuànqì,1,怨气,yuanqi,名,7,7-9,{},false,false,false,
10459,院士,yuànshì,1,院士,yuanshi,名,7,7-9,{},false,false,false,
10460,怨言,yuànyán,1,怨言,yuanyan,名,7,7-9,{},false,false,false,
10461,曰,yuē,1,曰,yue,动,7,7-9,{},false,false,false,
10462,约定俗成,yuēdìng-súchéng,1,约定俗成,yuedingsucheng,,7,7-9,{},false,false,true,
10463,乐队,yuèduì,1,乐队,yuedui,名,7,7-9,{},false,false,false,
10464,悦耳,yuè’ěr,1,悦耳,yueer,形,7,7-9,{},false,false,false,
10465,越发,yuèfā,1,越发,yuefa,副,7,7-9,{},false,false,false,
10466,岳父,yuèfù,1,岳父,yuefu,名,7,7-9,{},false,false,false,
10467,越过,yuèguò,1,越过,yueguo,动,7,7-9,{},false,false,false,
10468,阅览,yuèlǎn,1,阅览,yuelan,动,7,7-9,{},false,false,false,
10469,阅历,yuèlì,1,阅历,yueli,动、名,7,7-9,{},false,false,false,
10470,岳母,yuèmǔ,1,岳母,yuemu,名,7,7-9,{},false,false,false,
10471,乐谱,yuèpǔ,1,乐谱,yuepu,名,7,7-9,{},false,false,false,
10472,晕头转向,yūntóu-zhuànxiàng,1,晕头转向,yuntouzhuanxiang,,7,7-9,{},false,false,true,
10473,陨石,yǔnshí,1,陨石,yunshi,名,7,7-9,{},false,false,false,
10474,熨,yùn,1,熨,yun,动,7,7-9,{},false,false,false,
10475,蕴藏,yùncáng,1,蕴藏,yuncang,动,7,7-9,{},false,false,false,
10476,运筹帷幄,yùnchóu-wéiwò,1,运筹帷幄,yunchouweiwo,,7,7-9,{},false,false,true,
10477,孕妇,yùnfù,1,孕妇,yunfu,名,7,7-9,{},false,false,false,
10478,蕴含,yùnhán,1,蕴含,yunhan,动,7,7-9,{},false,false,false,
10479,运河,yùnhé,1,运河,yunhe,名,7,7-9,{},false,false,false,
10480,酝酿,yùnniàng,1,酝酿,yunniang,动,7,7-9,{},false,false,false,
10481,运算,yùnsuàn,1,运算,yunsuan,动,7,7-9,{},false,false,false,
10482,韵味,yùnwèi,1,韵味,yunwei,名,7,7-9,{},false,false,false,
10483,孕育,yùnyù,1,孕育,yunyu,动,7,7-9,{},false,false,false,
10484,运转,yùnzhuǎn,1,运转,yunzhuan,动,7,7-9,{},false,false,false,
10485,运作,yùnzuò,1,运作,yunzuo,动,7,7-9,{},false,false,false,
10486,砸,zá,1,砸,za,动,7,7-9,{},false,false,false,
10487,杂技,zájì,1,杂技,zaji,名,7,7-9,{},false,false,false,
10488,杂交,zájiāo,1,杂交,zajiao,动,7,7-9,{},false,false,false,
10489,杂乱无章,záluàn-wúzhāng,1,杂乱无章,zaluanwuzhang,,7,7-9,{},false,false,true,
10490,栽,zāi,1,栽,zai,动,7,7-9,{},false,false,false,
10491,栽培,zāipéi,1,栽培,zaipei,动,7,7-9,{},false,false,false,
10492,栽赃,zāizāng,1,栽赃,zaizang,动,7,7-9,{},false,false,false,
10493,宰,zǎi,1,宰,zai,动,7,7-9,{},false,false,false,
10494,再度,zàidù,1,再度,zaidu,副,7,7-9,{},false,false,false,
10495,再接再厉,zàijiē-zàilì,1,再接再厉,zaijiezaili,,7,7-9,{},false,false,true,
10496,在所难免,zàisuǒnánmiǎn,1,在所难免,zaisuonanmian,,7,7-9,{},false,false,true,
10497,载体,zàitǐ,1,载体,zaiti,名,7,7-9,{},false,false,false,
10498,再现,zàixiàn,1,再现,zaixian,动,7,7-9,{},false,false,false,
10499,在职,zàizhí,1,在职,zaizhi,动,7,7-9,{},false,false,false,
10500,攒,zǎn,1,攒,zan,动,7,7-9,{},false,false,false,
10501,暂,zàn,1,暂,zan,副,7,7-9,{},false,false,false,
10502,赞不绝口,zànbùjuékǒu,1,赞不绝口,zanbujuekou,,7,7-9,{},false,false,true,
10503,赞美,zànměi,1,赞美,zanmei,动,7,7-9,{},false,false,false,
10504,暂且,zànqiě,1,暂且,zanqie,副,7,7-9,{},false,false,false,
10505,赞叹,zàntàn,1,赞叹,zantan,动,7,7-9,{},false,false,false,
10506,赞许,zànxǔ,1,赞许,zanxu,动,7,7-9,{},false,false,false,
10507,赞扬,zànyáng,1,赞扬,zanyang,动,7,7-9,{},false,false,false,
10508,赞助,zànzhù,1,赞助,zanzhu,动,7,7-9,{},false,false,false,
10509,葬,zàng,1,葬,zang,动,7,7-9,{},false,false,false,
10510,葬礼,zànglǐ,1,葬礼,zangli,名,7,7-9,{},false,false,false,
10511,糟粕,zāopò,1,糟粕,zaopo,名,7,7-9,{},false,false,false,
10512,糟蹋,zāotà,1,糟蹋,zaota,动,7,7-9,{},false,false,false,
10513,遭殃,zāoyāng,1,遭殃,zaoyang,动,7,7-9,{},false,false,false,
10514,凿,záo,1,凿,zao,动,7,7-9,{},false,false,false,
10515,枣,zǎo,1,枣,zao,名,7,7-9,{},false,false,false,
10516,早年,zǎonián,1,早年,zaonian,名,7,7-9,{},false,false,false,
10517,早日,zǎorì,1,早日,zaori,副、名,7,7-9,{},false,false,false,
10518,灶,zào,1,灶,zao,名,7,7-9,{},false,false,false,
10519,造福,zàofú,1,造福,zaofu,动,7,7-9,{},false,false,false,
10520,造价,zàojià,1,造价,zaojia,名,7,7-9,{},false,false,false,
10521,造假,zàojiǎ,1,造假,zaojia,动,7,7-9,{},false,false,false,
10522,造就,zàojiù,1,造就,zaojiu,动、名,7,7-9,{},false,false,false,
10523,则,zé,2,则2,ze,量,7,7-9,{},true,false,false,
10524,责备,zébèi,1,责备,zebei,动,7,7-9,{},false,false,false,
10525,责怪,zéguài,1,责怪,zeguai,动,7,7-9,{},false,false,false,
10526,贼,zéi,1,贼,zei,名、形,7,7-9,{},false,false,false,
10527,增产,zēngchǎn,1,增产,zengchan,动,7,7-9,{},false,false,false,
10528,增收,zēngshōu,1,增收,zengshou,动,7,7-9,{},false,false,false,
10529,增速,zēngsù,1,增速,zengsu,动,7,7-9,{},false,false,false,
10530,增添,zēngtiān,1,增添,zengtian,动,7,7-9,{},false,false,false,
10531,增值,zēngzhí,1,增值,zengzhi,动,7,7-9,{},false,false,false,
10532,渣,zhā,1,渣,zha,名,7,7-9,{},false,false,false,
10533,扎根,zhāgēn,1,扎根,zhagen,动,7,7-9,{},false,false,false,
10534,扎实,zhāshi,1,扎实,zhashi,形,7,7-9,{},false,false,false,
10535,闸,zhá,1,闸,zha,名、动,7,7-9,{},false,false,false,
10536,眨眼,zhǎyǎn,1,眨眼,zhayan,动,7,7-9,{},false,false,false,
10537,榨,zhà,1,榨,zha,动,7,7-9,{},false,false,false,
10538,炸弹,zhàdàn,1,炸弹,zhadan,名,7,7-9,{},false,false,false,
10539,诈骗,zhàpiàn,1,诈骗,zhapian,动,7,7-9,{},false,false,false,
10540,炸药,zhàyào,1,炸药,zhayao,名,7,7-9,{},false,false,false,
10541,摘要,zhāiyào,1,摘要,zhaiyao,动、名,7,7-9,{},false,false,false,
10542,债,zhài,1,债,zhai,名,7,7-9,{},false,false,false,
10543,债券,zhàiquàn,1,债券,zhaiquan,名,7,7-9,{},false,false,false,
10544,债务,zhàiwù,1,债务,zhaiwu,名,7,7-9,{},false,false,false,
10545,沾,zhān,1,沾,zhan,动,7,7-9,{},false,false,false,
10546,占卜,zhānbǔ,1,占卜,zhanbu,动,7,7-9,{},false,false,false,
10547,沾光,zhānguāng,1,沾光,zhanguang,动,7,7-9,{},false,false,false,
10548,瞻仰,zhānyǎng,1,瞻仰,zhanyang,动,7,7-9,{},false,false,false,
10549,斩,zhǎn,1,斩,zhan,动,7,7-9,{},false,false,false,
10550,盏,zhǎn,1,盏,zhan,量,7,7-9,{},false,false,false,
10551,斩钉截铁,zhǎndīng-jiétiě,1,斩钉截铁,zhandingjietie,,7,7-9,{},false,false,true,
10552,展望,zhǎnwàng,1,展望,zhanwang,动,7,7-9,{},false,false,false,
10553,辗转,zhǎnzhuǎn,1,辗转,zhanzhuan,动,7,7-9,{},false,false,false,
10554,蘸,zhàn,1,蘸,zhan,动,7,7-9,{},false,false,false,
10555,战场,zhànchǎng,1,战场,zhanchang,名,7,7-9,{},false,false,false,
10556,绽放,zhànfàng,1,绽放,zhanfang,动,7,7-9,{},false,false,false,
10557,站立,zhànlì,1,站立,zhanli,动,7,7-9,{},false,false,false,
10558,占领,zhànlǐng,1,占领,zhanling,动,7,7-9,{},false,false,false,
10559,战略,zhànlüè,1,战略,zhanlue,名,7,7-9,{},false,false,false,
10560,战士,zhànshì,1,战士,zhanshi,名,7,7-9,{},false,false,false,
10561,战术,zhànshù,1,战术,zhanshu,名,7,7-9,{},false,false,false,
10562,战役,zhànyì,1,战役,zhanyi,名,7,7-9,{},false,false,false,
10563,占用,zhànyòng,1,占用,zhanyong,动,7,7-9,{},false,false,false,
10564,战友,zhànyǒu,1,战友,zhanyou,名,7,7-9,{},false,false,false,
10565,章程,zhāngchéng,1,章程,zhangcheng,名,7,7-9,{},false,false,false,
10566,张灯结彩,zhāngdēng-jiécǎi,1,张灯结彩,zhangdengjiecai,,7,7-9,{},false,false,true,
10567,张贴,zhāngtiē,1,张贴,zhangtie,动,7,7-9,{},false,false,false,
10568,张扬,zhāngyáng,1,张扬,zhangyang,动,7,7-9,{},false,false,false,
10569,掌舵,zhǎngduò,1,掌舵,zhangduo,动、名,7,7-9,{},false,false,false,
10570,涨幅,zhǎngfú,1,涨幅,zhangfu,名,7,7-9,{},false,false,false,
10571,掌管,zhǎngguǎn,1,掌管,zhangguan,动,7,7-9,{},false,false,false,
10572,长相,zhǎngxiàng,1,长相,zhangxiang,名,7,7-9,{},false,false,false,
10573,涨,zhàng,1,涨,zhang,动,7,7-9,{},true,true,false,
10574,胀,zhàng,1,胀,zhang,动、形,7,7-9,{},false,false,false,
10575,帐篷,zhàngpeng,1,帐篷,zhangpeng,名,7,7-9,{},false,false,false,
10576,招标,zhāobiāo,1,招标,zhaobiao,动,7,7-9,{},false,false,false,
10577,招揽,zhāolǎn,1,招揽,zhaolan,动,7,7-9,{},false,false,false,
10578,招募,zhāomù,1,招募,zhaomu,动,7,7-9,{},false,false,false,
10579,招牌,zhāopai,1,招牌,zhaopai,名,7,7-9,{},false,false,false,
10580,朝气蓬勃,zhāoqì-péngbó,1,朝气蓬勃,zhaoqipengbo,,7,7-9,{},false,false,true,
10581,朝三暮四,zhāosān-mùsì,1,朝三暮四,zhaosanmusi,,7,7-9,{},false,false,true,
10582,招商,zhāoshāng,1,招商,zhaoshang,动,7,7-9,{},false,false,false,
10583,招数,zhāoshù,1,招数,zhaoshu,名,7,7-9,{},false,false,false,
10584,朝夕相处,zhāoxī-xiāngchǔ,1,朝夕相处,zhaoxixiangchu,,7,7-9,{},false,false,true,
10585,着迷,zháomí,1,着迷,zhaomi,动,7,7-9,{},false,false,false,
10586,沼泽,zhǎozé,1,沼泽,zhaoze,名,7,7-9,{},false,false,false,
10587,罩,zhào,1,罩,zhao,动、名,7,7-9,{},false,false,false,
10588,照办,zhàobàn,1,照办,zhaoban,动,7,7-9,{},false,false,false,
10589,照常,zhàocháng,1,照常,zhaochang,副、动,7,7-9,{},false,false,false,
10590,召集,zhàojí,1,召集,zhaoji,动,7,7-9,{},false,false,false,
10591,照例,zhàolì,1,照例,zhaoli,副,7,7-9,{},false,false,false,
10592,照料,zhàoliào,1,照料,zhaoliao,动,7,7-9,{},false,false,false,
10593,照射,zhàoshè,1,照射,zhaoshe,动,7,7-9,{},false,false,false,
10594,肇事,zhàoshì,1,肇事,zhaoshi,动,7,7-9,{},false,false,false,
10595,兆头,zhàotou,1,兆头,zhaotou,名,7,7-9,{},false,false,false,
10596,照样,zhàoyàng,1,照样,zhaoyang,副、动,7,7-9,{},false,false,false,
10597,照耀,zhàoyào,1,照耀,zhaoyao,动,7,7-9,{},false,false,false,
10598,遮,zhē,1,遮,zhe,动,7,7-9,{},false,false,false,
10599,遮挡,zhēdǎng,1,遮挡,zhedang,动、名,7,7-9,{},false,false,false,
10600,遮盖,zhēgài,1,遮盖,zhegai,动,7,7-9,{},false,false,false,
10601,折腾,zhēteng,1,折腾,zheteng,动,7,7-9,{},false,false,false,
10602,折叠,zhédié,1,折叠,zhedie,动,7,7-9,{},false,false,false,
10603,折合,zhéhé,1,折合,zhehe,动,7,7-9,{},false,false,false,
10604,哲理,zhélǐ,1,哲理,zheli,名,7,7-9,{},false,false,false,
10605,折磨,zhémó,1,折磨,zhemo,动,7,7-9,{},false,false,false,
10606,折射,zhéshè,1,折射,zheshe,动,7,7-9,{},false,false,false,
10607,珍藏,zhēncáng,1,珍藏,zhencang,动、名,7,7-9,{},false,false,false,
10608,侦查,zhēnchá,1,侦查,zhencha,动,7,7-9,{},false,false,false,
10609,针锋相对,zhēnfēng-xiāngduì,1,针锋相对,zhenfengxiangdui,,7,7-9,{},false,false,true,
10610,针灸,zhēnjiǔ,1,针灸,zhenjiu,名,7,7-9,{},false,false,false,
10611,真空,zhēnkōng,1,真空,zhenkong,名,7,7-9,{},false,false,false,
10612,真理,zhēnlǐ,1,真理,zhenli,名,7,7-9,{},false,false,false,
10613,真情,zhēnqíng,1,真情,zhenqing,名,7,7-9,{},false,false,false,
10614,真是,zhēnshi,1,真是,zhenshi,动,7,7-9,{},false,false,false,
10615,珍视,zhēnshì,1,珍视,zhenshi,动,7,7-9,{},false,false,false,
10616,侦探,zhēntàn,1,侦探,zhentan,动、名,7,7-9,{},false,false,false,
10617,珍稀,zhēnxī,1,珍稀,zhenxi,形,7,7-9,{},false,false,false,
10618,真心,zhēnxīn,1,真心,zhenxin,名,7,7-9,{},false,false,false,
10619,真挚,zhēnzhì,1,真挚,zhenzhi,形,7,7-9,{},false,false,false,
10620,珍重,zhēnzhòng,1,珍重,zhenzhong,动,7,7-9,{},false,false,false,
10621,斟酌,zhēnzhuó,1,斟酌,zhenzhuo,动,7,7-9,{},false,false,false,
10622,枕,zhěn,1,枕,zhen,动,7,7-9,{},false,false,false,
10623,诊所,zhěnsuǒ,1,诊所,zhensuo,名,7,7-9,{},false,false,false,
10624,震,zhèn,1,震,zhen,动,7,7-9,{},false,false,false,
10625,震荡,zhèndàng,1,震荡,zhendang,动,7,7-9,{},false,false,false,
10626,阵地,zhèndì,1,阵地,zhendi,名,7,7-9,{},false,false,false,
10627,镇定,zhèndìng,1,镇定,zhending,形、动,7,7-9,{},false,false,false,
10628,振动,zhèndòng,1,振动,zhendong,动,7,7-9,{},false,false,false,
10629,震动,zhèndòng,1,震动,zhendong,动,7,7-9,{},false,false,false,
10630,振奋,zhènfèn,1,振奋,zhenfen,形、动,7,7-9,{},false,false,false,
10631,震撼,zhènhàn,1,震撼,zhenhan,动,7,7-9,{},false,false,false,
10632,镇静,zhènjìng,1,镇静,zhenjing,形、动,7,7-9,{},false,false,false,
10633,震惊,zhènjīng,1,震惊,zhenjing,形、动,7,7-9,{},false,false,false,
10634,阵容,zhènróng,1,阵容,zhenrong,名,7,7-9,{},false,false,false,
10635,振兴,zhènxīng,1,振兴,zhenxing,动,7,7-9,{},false,false,false,
10636,阵营,zhènyíng,1,阵营,zhenying,名,7,7-9,{},false,false,false,
10637,振作,zhènzuò,1,振作,zhenzuo,形、动,7,7-9,{},false,false,false,
10638,征,zhēng,1,征,zheng,动,7,7-9,{},false,false,false,
10639,蒸,zhēng,1,蒸,zheng,动,7,7-9,{},false,false,false,
10640,争辩,zhēngbiàn,1,争辩,zhengbian,动,7,7-9,{},false,false,false,
10641,争端,zhēngduān,1,争端,zhengduan,名,7,7-9,{},false,false,false,
10642,蒸发,zhēngfā,1,蒸发,zhengfa,动,7,7-9,{},false,false,false,
10643,争分夺秒,zhēngfēn-duómiǎo,1,争分夺秒,zhengfenduomiao,,7,7-9,{},false,false,true,
10644,征服,zhēngfú,1,征服,zhengfu,动,7,7-9,{},false,false,false,
10645,争光,zhēngguāng,1,争光,zhengguang,动,7,7-9,{},false,false,false,
10646,征集,zhēngjí,1,征集,zhengji,动,7,7-9,{},false,false,false,
10647,症结,zhēngjié,1,症结,zhengjie,名,7,7-9,{},false,false,false,
10648,争气,zhēngqì,1,争气,zhengqi,动,7,7-9,{},false,false,false,
10649,征收,zhēngshōu,1,征收,zhengshou,动,7,7-9,{},false,false,false,
10650,争相,zhēngxiāng,1,争相,zhengxiang,副,7,7-9,{},false,false,false,
10651,争先恐后,zhēngxiān-kǒnghòu,1,争先恐后,zhengxiankonghou,,7,7-9,{},false,false,true,
10652,正月,zhēngyuè,1,正月,zhengyue,名,7,7-9,{},false,false,false,
10653,挣扎,zhēngzhá,1,挣扎,zhengzha,动,7,7-9,{},false,false,false,
10654,争执,zhēngzhí,1,争执,zhengzhi,动,7,7-9,{},false,false,false,
10655,整顿,zhěngdùn,1,整顿,zhengdun,动,7,7-9,{},false,false,false,
10656,整合,zhěnghé,1,整合,zhenghe,动,7,7-9,{},false,false,false,
10657,整洁,zhěngjié,1,整洁,zhengjie,形,7,7-9,{},false,false,false,
10658,拯救,zhěngjiù,1,拯救,zhengjiu,动,7,7-9,{},false,false,false,
10659,整数,zhěngshù,1,整数,zhengshu,名,7,7-9,{},false,false,false,
10660,整治,zhěngzhì,1,整治,zhengzhi,动,7,7-9,{},false,false,false,
10661,正版,zhèngbǎn,1,正版,zhengban,名,7,7-9,{},false,false,false,
10662,正当,zhèngdàng,1,正当,zhengdang,形,7,7-9,{},false,false,false,
10663,政党,zhèngdǎng,1,政党,zhengdang,名,7,7-9,{},false,false,false,
10664,正经,zhèngjing,1,正经,zhengjing,形,7,7-9,{},false,false,false,
10665,正能量,zhèngnéngliàng,1,正能量,zhengnengliang,名,7,7-9,{},false,false,false,
10666,正气,zhèngqì,1,正气,zhengqi,名,7,7-9,{},false,false,false,
10667,政权,zhèngquán,1,政权,zhengquan,名,7,7-9,{},false,false,false,
10668,证券,zhèngquàn,1,证券,zhengquan,名,7,7-9,{},false,false,false,
10669,证人,zhèngrén,1,证人,zhengren,名,7,7-9,{},false,false,false,
10670,正视,zhèngshì,1,正视,zhengshi,动,7,7-9,{},false,false,false,
10671,正直,zhèngzhí,1,正直,zhengzhi,形,7,7-9,{},false,false,false,
10672,郑重,zhèngzhòng,1,郑重,zhengzhong,形,7,7-9,{},false,false,false,
10673,正宗,zhèngzōng,1,正宗,zhengzong,名、形,7,7-9,{},false,false,false,
10674,之,zhī,2,之2,zhi,代,7,7-9,{},true,false,false,
10675,织,zhī,1,织,zhi,动,7,7-9,{},false,false,false,
10676,之际,zhījì,1,之际,zhiji,名,7,7-9,{},false,false,false,
10677,知己,zhījǐ,1,知己,zhiji,形、名,7,7-9,{},false,false,false,
10678,支架,zhījià,1,支架,zhijia,名、动,7,7-9,{},false,false,false,
10679,知觉,zhījué,1,知觉,zhijue,名,7,7-9,{},false,false,false,
10680,支流,zhīliú,1,支流,zhiliu,名,7,7-9,{},false,false,false,
10681,芝麻,zhīma,1,芝麻,zhima,名,7,7-9,{},false,false,false,
10682,支配,zhīpèi,1,支配,zhipei,动,7,7-9,{},false,false,false,
10683,支票,zhīpiào,1,支票,zhipiao,名,7,7-9,{},false,false,false,
10684,知识分子,zhīshi fènzǐ,1,知识分子,zhishifenzi,,7,7-9,{},false,false,true,
10685,肢体,zhītǐ,1,肢体,zhiti,名,7,7-9,{},false,false,false,
10686,支援,zhīyuán,1,支援,zhiyuan,动,7,7-9,{},false,false,false,
10687,支柱,zhīzhù,1,支柱,zhizhu,名,7,7-9,{},false,false,false,
10688,知足,zhīzú,1,知足,zhizu,形,7,7-9,{},false,false,false,
10689,知足常乐,zhīzú-chánglè,1,知足常乐,zhizuchangle,,7,7-9,{},false,false,true,
10690,职称,zhíchēng,1,职称,zhicheng,名,7,7-9,{},false,false,false,
10691,直达,zhídá,1,直达,zhida,动,7,7-9,{},false,false,false,
10692,执法,zhífǎ,1,执法,zhifa,动,7,7-9,{},false,false,false,
10693,直观,zhíguān,1,直观,zhiguan,形,7,7-9,{},false,false,false,
10694,直径,zhíjìng,1,直径,zhijing,名,7,7-9,{},false,false,false,
10695,直觉,zhíjué,1,直觉,zhijue,名,7,7-9,{},false,false,false,
10696,职能,zhínéng,1,职能,zhineng,名,7,7-9,{},false,false,false,
10697,值钱,zhíqián,1,值钱,zhiqian,形,7,7-9,{},false,false,false,
10698,直升机,zhíshēngjī,1,直升机,zhishengji,名,7,7-9,{},false,false,false,
10699,直视,zhíshì,1,直视,zhishi,动,7,7-9,{},false,false,false,
10700,直线,zhíxiàn,1,直线,zhixian,名、形,7,7-9,{},false,false,false,
10701,直辖市,zhíxiáshì,1,直辖市,zhixiashi,名,7,7-9,{},false,false,false,
10702,执意,zhíyì,1,执意,zhiyi,副,7,7-9,{},false,false,false,
10703,执照,zhízhào,1,执照,zhizhao,名,7,7-9,{},false,false,false,
10704,直至,zhízhì,1,直至,zhizhi,动,7,7-9,{},false,false,false,
10705,执着,zhízhuó,1,执着,zhizhuo,形,7,7-9,{},false,false,false,
10706,纸币,zhǐbì,1,纸币,zhibi,名,7,7-9,{},false,false,false,
10707,指标,zhǐbiāo,1,指标,zhibiao,名,7,7-9,{},false,false,false,
10708,止步,zhǐbù,1,止步,zhibu,动,7,7-9,{},false,false,false,
10709,指点,zhǐdiǎn,1,指点,zhidian,动,7,7-9,{},false,false,false,
10710,只管,zhǐguǎn,1,只管,zhiguan,副,7,7-9,{},false,false,false,
10711,指甲,zhǐjia,1,指甲,zhijia,名,7,7-9,{},false,false,false,
10712,指教,zhǐjiào,1,指教,zhijiao,动,7,7-9,{},false,false,false,
10713,指控,zhǐkòng,1,指控,zhikong,动,7,7-9,{},false,false,false,
10714,指令,zhǐlìng,1,指令,zhiling,动、名,7,7-9,{},false,false,false,
10715,指南,zhǐnán,1,指南,zhinan,名,7,7-9,{},false,false,false,
10716,纸上谈兵,zhǐshàng-tánbīng,1,纸上谈兵,zhishangtanbing,,7,7-9,{},false,false,true,
10717,指手画脚,zhǐshǒu-huàjiǎo,1,指手画脚,zhishouhuajiao,,7,7-9,{},false,false,true,
10718,指数,zhǐshù,1,指数,zhishu,名,7,7-9,{},false,false,false,
10719,指望,zhǐwàng,1,指望,zhiwang,动、名,7,7-9,{},false,false,false,
10720,指纹,zhǐwén,1,指纹,zhiwen,名,7,7-9,{},false,false,false,
10721,指向,zhǐxiàng,1,指向,zhixiang,动、名,7,7-9,{},false,false,false,
10722,指引,zhǐyǐn,1,指引,zhiyin,动,7,7-9,{},false,false,false,
10723,旨在,zhǐzài,1,旨在,zhizai,动,7,7-9,{},false,false,false,
10724,致,zhì,1,致,zhi,动,7,7-9,{},false,false,false,
10725,置,zhì,1,置,zhi,动,7,7-9,{},false,false,false,
10726,治安,zhì’ān,1,治安,zhian,名,7,7-9,{},false,false,false,
10727,制裁,zhìcái,1,制裁,zhicai,动,7,7-9,{},false,false,false,
10728,致辞,zhìcí,1,致辞,zhici,动,7,7-9,{},false,false,false,
10729,至此,zhìcǐ,1,至此,zhici,动,7,7-9,{},false,false,false,
10730,质地,zhìdì,1,质地,zhidi,名,7,7-9,{},false,false,false,
10731,制服,zhìfú,1,制服1,zhifu,名,7,7-9,{},true,false,false,
10732,制服,zhìfú,2,制服2,zhifu,动,7,7-9,{},true,false,false,
10733,致富,zhìfù,1,致富,zhifu,动,7,7-9,{},false,false,false,
10734,滞后,zhìhòu,1,滞后,zhihou,动,7,7-9,{},false,false,false,
10735,致敬,zhìjìng,1,致敬,zhijing,动,7,7-9,{},false,false,false,
10736,滞留,zhìliú,1,滞留,zhiliu,动,7,7-9,{},false,false,false,
10737,致力于,zhìlìyú,1,致力于,zhiliyu,动,7,7-9,{},false,false,false,
10738,致命,zhìmìng,1,致命,zhiming,动,7,7-9,{},false,false,false,
10739,稚嫩,zhìnèn,1,稚嫩,zhinen,形,7,7-9,{},false,false,false,
10740,质朴,zhìpǔ,1,质朴,zhipu,形,7,7-9,{},false,false,false,
10741,志气,zhìqì,1,志气,zhiqi,名,7,7-9,{},false,false,false,
10742,智商,zhìshāng,1,智商,zhishang,名,7,7-9,{},false,false,false,
10743,致使,zhìshǐ,1,致使,zhishi,动、连,7,7-9,{},false,false,false,
10744,质问,zhìwèn,1,质问,zhiwen,动,7,7-9,{},false,false,false,
10745,窒息,zhìxī,1,窒息,zhixi,动,7,7-9,{},false,false,false,
10746,志向,zhìxiàng,1,志向,zhixiang,名,7,7-9,{},false,false,false,
10747,治愈,zhìyù,1,治愈,zhiyu,动,7,7-9,{},false,false,false,
10748,志愿,zhìyuàn,1,志愿,zhiyuan,名、动,7,7-9,{},false,false,false,
10749,制约,zhìyuē,1,制约,zhiyue,动,7,7-9,{},false,false,false,
10750,制止,zhìzhǐ,1,制止,zhizhi,动,7,7-9,{},false,false,false,
10751,钟,zhōng,1,钟,zhong,名,7,7-9,{},false,false,false,
10752,忠诚,zhōngchéng,1,忠诚,zhongcheng,形,7,7-9,{},false,false,false,
10753,终端,zhōngduān,1,终端,zhongduan,名,7,7-9,{},false,false,false,
10754,忠告,zhōnggào,1,忠告,zhonggao,动、名,7,7-9,{},false,false,false,
10755,终极,zhōngjí,1,终极,zhongji,名,7,7-9,{},false,false,false,
10756,终结,zhōngjié,1,终结,zhongjie,动,7,7-9,{},false,false,false,
10757,终究,zhōngjiū,1,终究,zhongjiu,副,7,7-9,{},false,false,false,
10758,中立,zhōnglì,1,中立,zhongli,动,7,7-9,{},false,false,false,
10759,终生,zhōngshēng,1,终生,zhongsheng,名,7,7-9,{},false,false,false,
10760,忠实,zhōngshí,1,忠实,zhongshi,形、动,7,7-9,{},false,false,false,
10761,中途,zhōngtú,1,中途,zhongtu,名,7,7-9,{},false,false,false,
10762,忠心,zhōngxīn,1,忠心,zhongxin,名,7,7-9,{},false,false,false,
10763,衷心,zhōngxīn,1,衷心,zhongxin,形,7,7-9,{},false,false,false,
10764,中性,zhōngxìng,1,中性,zhongxing,名、形,7,7-9,{},false,false,false,
10765,中叶,zhōngyè,1,中叶,zhongye,名,7,7-9,{},false,false,false,
10766,中庸,zhōngyōng,1,中庸,zhongyong,名、形,7,7-9,{},false,false,false,
10767,忠于,zhōngyú,1,忠于,zhongyu,动,7,7-9,{},false,false,false,
10768,忠贞,zhōngzhēn,1,忠贞,zhongzhen,形,7,7-9,{},false,false,false,
10769,中止,zhōngzhǐ,1,中止,zhongzhi,动,7,7-9,{},false,false,false,
10770,终止,zhōngzhǐ,1,终止,zhongzhi,动,7,7-9,{},false,false,false,
10771,肿瘤,zhǒngliú,1,肿瘤,zhongliu,名,7,7-9,{},false,false,false,
10772,种族,zhǒngzú,1,种族,zhongzu,名,7,7-9,{},false,false,false,
10773,仲裁,zhòngcái,1,仲裁,zhongcai,动,7,7-9,{},false,false,false,
10774,重创,zhòngchuāng,1,重创,zhongchuang,动,7,7-9,{},false,false,false,
10775,重量级,zhòngliàngjí,1,重量级,zhongliangji,形,7,7-9,{},false,false,false,
10776,重任,zhòngrèn,1,重任,zhongren,名,7,7-9,{},false,false,false,
10777,重型,zhòngxíng,1,重型,zhongxing,形,7,7-9,{},false,false,false,
10778,重用,zhòngyòng,1,重用,zhongyong,动,7,7-9,{},false,false,false,
10779,众志成城,zhòngzhì-chéngchéng,1,众志成城,zhongzhichengcheng,,7,7-9,{},false,false,true,
10780,重中之重,zhòngzhōngzhīzhòng,1,重中之重,zhongzhongzhizhong,,7,7-9,{},false,false,true,
10781,周密,zhōumì,1,周密,zhoumi,形,7,7-9,{},false,false,false,
10782,周岁,zhōusuì,1,周岁,zhousui,名,7,7-9,{},false,false,false,
10783,周旋,zhōuxuán,1,周旋,zhouxuan,动,7,7-9,{},false,false,false,
10784,周折,zhōuzhé,1,周折,zhouzhe,名,7,7-9,{},false,false,false,
10785,周转,zhōuzhuǎn,1,周转,zhouzhuan,动,7,7-9,{},false,false,false,
10786,皱,zhòu,1,皱,zhou,名、动,7,7-9,{},false,false,false,
10787,骤然,zhòurán,1,骤然,zhouran,副,7,7-9,{},false,false,false,
10788,皱纹,zhòuwén,1,皱纹,zhouwen,名,7,7-9,{},false,false,false,
10789,昼夜,zhòuyè,1,昼夜,zhouye,名,7,7-9,{},false,false,false,
10790,朱红,zhūhóng,1,朱红,zhuhong,形,7,7-9,{},false,false,false,
10791,诸如此类,zhūrú-cǐlèi,1,诸如此类,zhurucilei,,7,7-9,{},false,false,true,
10792,诸位,zhūwèi,1,诸位,zhuwei,代,7,7-9,{},false,false,false,
10793,竹竿,zhúgān,1,竹竿,zhugan,名,7,7-9,{},false,false,false,
10794,逐年,zhúnián,1,逐年,zhunian,副,7,7-9,{},false,false,false,
10795,逐一,zhúyī,1,逐一,zhuyi,副,7,7-9,{},false,false,false,
10796,拄,zhǔ,1,拄,zhu,动,7,7-9,{},false,false,false,
10797,主编,zhǔbiān,1,主编,zhubian,动、名,7,7-9,{},false,false,false,
10798,主打,zhǔdǎ,1,主打,zhuda,动,7,7-9,{},false,false,false,
10799,嘱咐,zhǔfù,1,嘱咐,zhufu,动,7,7-9,{},false,false,false,
10800,主力,zhǔlì,1,主力,zhuli,名,7,7-9,{},false,false,false,
10801,主权,zhǔquán,1,主权,zhuquan,名,7,7-9,{},false,false,false,
10802,主人公,zhǔréngōng,1,主人公,zhurengong,名,7,7-9,{},false,false,false,
10803,主体,zhǔtǐ,1,主体,zhuti,名,7,7-9,{},false,false,false,
10804,主题曲,zhǔtíqǔ,1,主题曲,zhutiqu,名,7,7-9,{},false,false,false,
10805,嘱托,zhǔtuō,1,嘱托,zhutuo,动,7,7-9,{},false,false,false,
10806,主页,zhǔyè,1,主页,zhuye,名,7,7-9,{},false,false,false,
10807,主义,zhǔyì,1,主义,zhuyi,名,7,7-9,{},false,false,false,
10808,主宰,zhǔzǎi,1,主宰,zhuzai,动、名,7,7-9,{},false,false,false,
10809,注,zhù,1,注,zhu,动、名,7,7-9,{},false,false,false,
10810,驻,zhù,1,驻,zhu,动,7,7-9,{},false,false,false,
10811,筑,zhù,1,筑,zhu,动,7,7-9,{},false,false,false,
10812,贮藏,zhùcáng,1,贮藏,zhucang,动,7,7-9,{},false,false,false,
10813,著称,zhùchēng,1,著称,zhucheng,动,7,7-9,{},false,false,false,
10814,住处,zhùchù,1,住处,zhuchu,名,7,7-9,{},false,false,false,
10815,注定,zhùdìng,1,注定,zhuding,动,7,7-9,{},false,false,false,
10816,住户,zhùhù,1,住户,zhuhu,名,7,7-9,{},false,false,false,
10817,助力,zhùlì,1,助力,zhuli,动、名,7,7-9,{},false,false,false,
10818,注射,zhùshè,1,注射,zhushe,动,7,7-9,{},false,false,false,
10819,注视,zhùshì,1,注视,zhushi,动,7,7-9,{},false,false,false,
10820,注释,zhùshì,1,注释,zhushi,动、名,7,7-9,{},false,false,false,
10821,助威,zhùwēi,1,助威,zhuwei,动,7,7-9,{},false,false,false,
10822,注销,zhùxiāo,1,注销,zhuxiao,动,7,7-9,{},false,false,false,
10823,蛀牙,zhùyá,1,蛀牙,zhuya,名,7,7-9,{},false,false,false,
10824,铸造,zhùzào,1,铸造,zhuzao,动,7,7-9,{},false,false,false,
10825,驻扎,zhùzhā,1,驻扎,zhuzha,动,7,7-9,{},false,false,false,
10826,柱子,zhùzi,1,柱子,zhuzi,名,7,7-9,{},false,false,false,
10827,驻足,zhùzú,1,驻足,zhuzu,动,7,7-9,{},false,false,false,
10828,爪子,zhuǎzi,1,爪子,zhuazi,名,7,7-9,{},false,false,false,
10829,拽,zhuài,1,拽,zhuai,动,7,7-9,{},false,false,false,
10830,专长,zhuāncháng,1,专长,zhuanchang,名,7,7-9,{},false,false,false,
10831,专程,zhuānchéng,1,专程,zhuancheng,副,7,7-9,{},false,false,false,
10832,专柜,zhuānguì,1,专柜,zhuangui,名,7,7-9,{},false,false,false,
10833,专辑,zhuānjí,1,专辑,zhuanji,名,7,7-9,{},false,false,false,
10834,专栏,zhuānlán,1,专栏,zhuanlan,名,7,7-9,{},false,false,false,
10835,专卖,zhuānmài,1,专卖,zhuanmai,动,7,7-9,{},false,false,false,
10836,专人,zhuānrén,1,专人,zhuanren,名,7,7-9,{},false,false,false,
10837,专项,zhuānxiàng,1,专项,zhuanxiang,名,7,7-9,{},false,false,false,
10838,专职,zhuānzhí,1,专职,zhuanzhi,名,7,7-9,{},false,false,false,
10839,专制,zhuānzhì,1,专制,zhuanzhi,动、形,7,7-9,{},false,false,false,
10840,专著,zhuānzhù,1,专著,zhuanzhu,名,7,7-9,{},false,false,false,
10841,转播,zhuǎnbō,1,转播,zhuanbo,动,7,7-9,{},false,false,false,
10842,转达,zhuǎndá,1,转达,zhuanda,动,7,7-9,{},false,false,false,
10843,转化,zhuǎnhuà,1,转化,zhuanhua,动,7,7-9,{},false,false,false,
10844,转机,zhuǎnjī,2,转机2,zhuanji,名,7,7-9,{},true,false,false,
10845,转型,zhuǎnxíng,1,转型,zhuanxing,动,7,7-9,{},false,false,false,
10846,转眼,zhuǎnyǎn,1,转眼,zhuanyan,动,7,7-9,{},false,false,false,
10847,转载,zhuǎnzǎi,1,转载,zhuanzai,动,7,7-9,{},false,false,false,
10848,转折,zhuǎnzhé,1,转折,zhuanzhe,动,7,7-9,{},false,false,false,
10849,转折点,zhuǎnzhédiǎn,1,转折点,zhuanzhedian,名,7,7-9,{},false,false,false,
10850,传,zhuàn,1,传,zhuan,名,7,7-9,{},true,true,false,
10851,传记,zhuànjì,1,传记,zhuanji,名,7,7-9,{},false,false,false,
10852,撰写,zhuànxiě,1,撰写,zhuanxie,动,7,7-9,{},false,false,false,
10853,转悠,zhuànyou,1,转悠,zhuanyou,动,7,7-9,{},false,false,false,
10854,桩,zhuāng,1,桩,zhuang,名、量,7,7-9,{},false,false,false,
10855,装扮,zhuāngbàn,1,装扮,zhuangban,动,7,7-9,{},false,false,false,
10856,庄严,zhuāngyán,1,庄严,zhuangyan,形,7,7-9,{},false,false,false,
10857,庄园,zhuāngyuán,1,庄园,zhuangyuan,名,7,7-9,{},false,false,false,
10858,装置,zhuāngzhì,1,装置,zhuangzhi,动、名,7,7-9,{},false,false,false,
10859,庄重,zhuāngzhòng,1,庄重,zhuangzhong,形,7,7-9,{},false,false,false,
10860,幢,zhuàng,1,幢,zhuang,量,7,7-9,{},false,false,false,
10861,壮,zhuàng,1,壮,zhuang,形、动,7,7-9,{},false,false,false,
10862,壮大,zhuàngdà,1,壮大,zhuangda,形、动,7,7-9,{},false,false,false,
10863,壮观,zhuàngguān,1,壮观,zhuangguan,名、形,7,7-9,{},false,false,false,
10864,撞击,zhuàngjī,1,撞击,zhuangji,动,7,7-9,{},false,false,false,
10865,壮丽,zhuànglì,1,壮丽,zhuangli,形,7,7-9,{},false,false,false,
10866,壮烈,zhuàngliè,1,壮烈,zhuanglie,形,7,7-9,{},false,false,false,
10867,状元,zhuàngyuan,1,状元,zhuangyuan,名,7,7-9,{},false,false,false,
10868,追悼,zhuīdào,1,追悼,zhuidao,动,7,7-9,{},false,false,false,
10869,追赶,zhuīgǎn,1,追赶,zhuigan,动,7,7-9,{},false,false,false,
10870,追捧,zhuīpěng,1,追捧,zhuipeng,动,7,7-9,{},false,false,false,
10871,追溯,zhuīsù,1,追溯,zhuisu,动,7,7-9,{},false,false,false,
10872,追随,zhuīsuí,1,追随,zhuisui,动,7,7-9,{},false,false,false,
10873,追尾,zhuīwěi,1,追尾,zhuiwei,动,7,7-9,{},false,false,false,
10874,追问,zhuīwèn,1,追问,zhuiwen,动,7,7-9,{},false,false,false,
10875,追逐,zhuīzhú,1,追逐,zhuizhu,动,7,7-9,{},false,false,false,
10876,追踪,zhuīzōng,1,追踪,zhuizong,动,7,7-9,{},false,false,false,
10877,坠,zhuì,1,坠,zhui,动、名,7,7-9,{},false,false,false,
10878,坠落,zhuìluò,1,坠落,zhuiluo,动,7,7-9,{},false,false,false,
10879,准许,zhǔnxǔ,1,准许,zhunxu,动,7,7-9,{},false,false,false,
10880,准则,zhǔnzé,1,准则,zhunze,名,7,7-9,{},false,false,false,
10881,拙劣,zhuōliè,1,拙劣,zhuolie,形,7,7-9,{},false,false,false,
10882,捉迷藏,zhuōmícáng,1,捉迷藏,zhuomicang,,7,7-9,{},false,false,true,
10883,着力,zhuólì,1,着力,zhuoli,动,7,7-9,{},false,false,false,
10884,着落,zhuóluò,1,着落,zhuoluo,名,7,7-9,{},false,false,false,
10885,酌情,zhuóqíng,1,酌情,zhuoqing,动,7,7-9,{},false,false,false,
10886,灼热,zhuórè,1,灼热,zhuore,形,7,7-9,{},false,false,false,
10887,着实,zhuóshí,1,着实,zhuoshi,副,7,7-9,{},false,false,false,
10888,着手,zhuóshǒu,1,着手,zhuoshou,动,7,7-9,{},false,false,false,
10889,着想,zhuóxiǎng,1,着想,zhuoxiang,动,7,7-9,{},false,false,false,
10890,着眼,zhuóyǎn,1,着眼,zhuoyan,动,7,7-9,{},false,false,false,
10891,卓越,zhuóyuè,1,卓越,zhuoyue,形,7,7-9,{},false,false,false,
10892,着重,zhuózhòng,1,着重,zhuozhong,动,7,7-9,{},false,false,false,
10893,茁壮,zhuózhuàng,1,茁壮,zhuozhuang,形,7,7-9,{},false,false,false,
10894,兹,zī,1,兹,zi,代,7,7-9,{},false,false,false,
10895,资本主义,zīběn zhǔyì,1,资本主义,zibenzhuyi,,7,7-9,{},false,false,true,
10896,资历,zīlì,1,资历,zili,名,7,7-9,{},false,false,false,
10897,滋润,zīrùn,1,滋润,zirun,形、动,7,7-9,{},false,false,false,
10898,资深,zīshēn,1,资深,zishen,形,7,7-9,{},false,false,false,
10899,滋生,zīshēng,1,滋生,zisheng,动,7,7-9,{},false,false,false,
10900,姿态,zītài,1,姿态,zitai,名,7,7-9,{},false,false,false,
10901,滋味,zīwèi,1,滋味,ziwei,名,7,7-9,{},false,false,false,
10902,资讯,zīxùn,1,资讯,zixun,名,7,7-9,{},false,false,false,
10903,资质,zīzhì,1,资质,zizhi,名,7,7-9,{},false,false,false,
10904,资助,zīzhù,1,资助,zizhu,动,7,7-9,{},false,false,false,
10905,籽,zǐ,1,籽,zi,名,7,7-9,{},false,false,false,
10906,子弹,zǐdàn,1,子弹,zidan,名,7,7-9,{},false,false,false,
10907,子弟,zǐdì,1,子弟,zidi,名,7,7-9,{},false,false,false,
10908,子孙,zǐsūn,1,子孙,zisun,名,7,7-9,{},false,false,false,
10909,自卑,zìbēi,1,自卑,zibei,形,7,7-9,{},false,false,false,
10910,自称,zìchēng,1,自称,zicheng,动、名,7,7-9,{},false,false,false,
10911,自发,zìfā,1,自发,zifa,形,7,7-9,{},false,false,false,
10912,自费,zìfèi,1,自费,zifei,动,7,7-9,{},false,false,false,
10913,自负,zìfù,1,自负1,zifu,动,7,7-9,{},true,false,false,
10914,自负,zìfù,2,自负2,zifu,形,7,7-9,{},true,false,false,
10915,字迹,zìjì,1,字迹,ziji,名,7,7-9,{},false,false,false,
10916,自立,zìlì,1,自立,zili,动,7,7-9,{},false,false,false,
10917,自理,zìlǐ,1,自理,zili,动,7,7-9,{},false,false,false,
10918,自力更生,zìlì-gēngshēng,1,自力更生,ziligengsheng,,7,7-9,{},false,false,true,
10919,自满,zìmǎn,1,自满,ziman,形,7,7-9,{},false,false,false,
10920,自强不息,zìqiáng-bùxī,1,自强不息,ziqiangbuxi,,7,7-9,{},false,false,true,
10921,自然而然,zìrán’érrán,1,自然而然,ziranerran,,7,7-9,{},false,false,true,
10922,自然界,zìránjiè,1,自然界,ziranjie,名,7,7-9,{},false,false,false,
10923,自如,zìrú,1,自如,ziru,形,7,7-9,{},false,false,false,
10924,自始至终,zìshǐ-zhìzhōng,1,自始至终,zishizhizhong,,7,7-9,{},false,false,true,
10925,自首,zìshǒu,1,自首,zishou,动,7,7-9,{},false,false,false,
10926,自私,zìsī,1,自私,zisi,形,7,7-9,{},false,false,false,
10927,字体,zìtǐ,1,字体,ziti,名,7,7-9,{},false,false,false,
10928,自卫,zìwèi,1,自卫,ziwei,动,7,7-9,{},false,false,false,
10929,自相矛盾,zìxiāng-máodùn,1,自相矛盾,zixiangmaodun,,7,7-9,{},false,false,true,
10930,自行,zìxíng,1,自行,zixing,副,7,7-9,{},false,false,false,
10931,字眼,zìyǎn,1,字眼,ziyan,名,7,7-9,{},false,false,false,
10932,自以为是,zìyǐwéishì,1,自以为是,ziyiweishi,,7,7-9,{},false,false,true,
10933,自在,zìzai,1,自在,zizai,形,7,7-9,{},false,false,false,
10934,自责,zìzé,1,自责,zize,动,7,7-9,{},false,false,false,
10935,自治区,zìzhìqū,1,自治区,zizhiqu,名,7,7-9,{},false,false,false,
10936,自主,zìzhǔ,1,自主,zizhu,动,7,7-9,{},false,false,false,
10937,自尊,zìzūn,1,自尊,zizun,动,7,7-9,{},false,false,false,
10938,宗,zōng,1,宗,zong,量,7,7-9,{},false,false,false,
10939,踪迹,zōngjì,1,踪迹,zongji,名,7,7-9,{},false,false,false,
10940,宗教,zōngjiào,1,宗教,zongjiao,名,7,7-9,{},false,false,false,
10941,综艺,zōngyì,1,综艺,zongyi,名,7,7-9,{},false,false,false,
10942,宗旨,zōngzhǐ,1,宗旨,zongzhi,名,7,7-9,{},false,false,false,
10943,总额,zǒng’é,1,总额,zonge,名,7,7-9,{},false,false,false,
10944,总而言之,zǒng’éryánzhī,1,总而言之,zongeryanzhi,,7,7-9,{},false,false,true,
10945,总和,zǒnghé,1,总和,zonghe,名,7,7-9,{},false,false,false,
10946,纵观,zòngguān,1,纵观,zongguan,动,7,7-9,{},false,false,false,
10947,纵横,zònghéng,1,纵横,zongheng,形、动,7,7-9,{},false,false,false,
10948,纵然,zòngrán,1,纵然,zongran,连,7,7-9,{},false,false,false,
10949,纵容,zòngróng,1,纵容,zongrong,动,7,7-9,{},false,false,false,
10950,纵深,zòngshēn,1,纵深,zongshen,名,7,7-9,{},false,false,false,
10951,走过场,zǒu guòchǎng,1,走过场,zouguochang,,7,7-9,{},false,false,true,
10952,走弯路,zǒu wānlù,1,走弯路,zouwanlu,,7,7-9,{},false,false,true,
10953,走漏,zǒulòu,1,走漏,zoulou,动,7,7-9,{},false,false,false,
10954,走势,zǒushì,1,走势,zoushi,名,7,7-9,{},false,false,false,
10955,走私,zǒusī,1,走私,zousi,动,7,7-9,{},false,false,false,
10956,走投无路,zǒutóu-wúlù,1,走投无路,zoutouwulu,,7,7-9,{},false,false,true,
10957,走向,zǒuxiàng,1,走向,zouxiang,名,7,7-9,{},false,false,false,
10958,揍,zòu,1,揍,zou,动,7,7-9,{},false,false,false,
10959,奏效,zòuxiào,1,奏效,zouxiao,动,7,7-9,{},false,false,false,
10960,租赁,zūlìn,1,租赁,zulin,动,7,7-9,{},false,false,false,
10961,足不出户,zúbùchūhù,1,足不出户,zubuchuhu,,7,7-9,{},false,false,true,
10962,足迹,zújì,1,足迹,zuji,名,7,7-9,{},false,false,false,
10963,足智多谋,zúzhì-duōmóu,1,足智多谋,zuzhiduomou,,7,7-9,{},false,false,true,
10964,祖传,zǔchuán,1,祖传,zuchuan,动,7,7-9,{},false,false,false,
10965,祖父,zǔfù,1,祖父,zufu,名,7,7-9,{},false,false,false,
10966,祖籍,zǔjí,1,祖籍,zuji,名,7,7-9,{},false,false,false,
10967,组建,zǔjiàn,1,组建,zujian,动,7,7-9,{},false,false,false,
10968,阻拦,zǔlán,1,阻拦,zulan,动,7,7-9,{},false,false,false,
10969,阻力,zǔlì,1,阻力,zuli,名,7,7-9,{},false,false,false,
10970,祖母,zǔmǔ,1,祖母,zumu,名,7,7-9,{},false,false,false,
10971,阻挠,zǔnáo,1,阻挠,zunao,动,7,7-9,{},false,false,false,
10972,组装,zǔzhuāng,1,组装,zuzhuang,动,7,7-9,{},false,false,false,
10973,祖宗,zǔzong,1,祖宗,zuzong,名,7,7-9,{},false,false,false,
10974,钻空子,zuān kòngzi,1,钻空子,zuankongzi,,7,7-9,{},false,false,true,
10975,钻研,zuānyán,1,钻研,zuanyan,动,7,7-9,{},false,false,false,
10976,钻石,zuànshí,1,钻石,zuanshi,名,7,7-9,{},false,false,false,
10977,嘴唇,zuǐchún,1,嘴唇,zuichun,名,7,7-9,{},false,false,false,
10978,罪犯,zuìfàn,1,罪犯,zuifan,名,7,7-9,{},false,false,false,
10979,罪魁祸首,zuìkuí-huòshǒu,1,罪魁祸首,zuikuihuoshou,,7,7-9,{},false,false,true,
10980,尊贵,zūnguì,1,尊贵,zungui,形,7,7-9,{},false,false,false,
10981,遵循,zūnxún,1,遵循,zunxun,动,7,7-9,{},false,false,false,
10982,尊严,zūnyán,1,尊严,zunyan,名,7,7-9,{},false,false,false,
10983,遵照,zūnzhào,1,遵照,zunzhao,动,7,7-9,{},false,false,false,
10984,琢磨,zuómo,1,琢磨,zuomo,动,7,7-9,{},false,false,false,
10985,左顾右盼,zuǒgù-yòupàn,1,左顾右盼,zuoguyoupan,,7,7-9,{},false,false,true,
10986,作弊,zuòbì,1,作弊,zuobi,动,7,7-9,{},false,false,false,
10987,作对,zuòduì,1,作对,zuodui,动,7,7-9,{},false,false,false,
10988,作废,zuòfèi,1,作废,zuofei,动,7,7-9,{},false,false,false,
10989,作风,zuòfēng,1,作风,zuofeng,名,7,7-9,{},false,false,false,
10990,作客,zuòkè,1,作客,zuoke,动,7,7-9,{},false,false,false,
10991,作料,zuòliao,1,作料,zuoliao,名,7,7-9,{},false,false,false,
10992,坐落,zuòluò,1,坐落,zuoluo,动,7,7-9,{},false,false,false,
10993,座谈,zuòtán,1,座谈,zuotan,动,7,7-9,{},false,false,false,
10994,作为,zuòwéi,2,作为2,zuowei,名、动,7,7-9,{},true,false,false,
10995,作物,zuòwù,1,作物,zuowu,名,7,7-9,{},false,false,false,
10996,作息,zuòxī,1,作息,zuoxi,动,7,7-9,{},false,false,false,
10997,座右铭,zuòyòumíng,1,座右铭,zuoyouming,名,7,7-9,{},false,false,false,
10998,作战,zuòzhàn,1,作战,zuozhan,动,7,7-9,{},false,false,false,
10999,做证,zuòzhèng,1,做证,zuozheng,动,7,7-9,{},false,false,false,
11000,做主,zuòzhǔ,1,做主,zuozhu,动,7,7-9,{},false,false,false,
